Timestamp,User Count,Type,Name,Requests/s,Failures/s,50%,66%,75%,80%,90%,95%,98%,99%,99.9%,99.99%,100%,Total Request Count,Total Failure Count,Total Median Response Time,Total Average Response Time,Total Min Response Time,Total Max Response Time,Total Average Content Size
1785166461,0,,Aggregated,0.000000,0.000000,N/A,N/A,N/A,N/A,N/A,N/A,N/A,N/A,N/A,N/A,N/A,0,0,0,0.0,0,0,0
1785166462,6,,Aggregated,0.000000,0.000000,31,77,97,97,110,190,190,190,190,190,190,11,0,31,56.21200097216801,8.714273106306791,189.58774185739458,5616.454545454545
1785166463,9,,Aggregated,0.000000,0.000000,22,31,77,97,110,190,190,190,190,190,190,20,0,22,42.74766832822934,8.714273106306791,189.58774185739458,5889.35
1785166464,12,,Aggregated,2.000000,0.000000,22,23,31,37,97,110,190,190,190,190,190,31,0,22,33.70012726724869,8.656758116558194,189.58774185739458,5084.419354838709
1785166465,15,,Aggregated,7.000000,0.000000,18,22,26,31,97,110,190,190,190,190,190,38,0,16,30.316318379175897,8.656758116558194,189.58774185739458,5290.0
1785166466,18,,Aggregated,6.666667,0.000000,21,22,30,37,77,99,190,190,190,190,190,45,0,21,30.876595294103026,8.656758116558194,189.58774185739458,5614.444444444444
1785166467,21,,Aggregated,7.750000,0.000000,22,23,27,31,73,99,110,190,190,190,190,54,0,21,29.120716563839878,8.656758116558194,189.58774185739458,5942.5
1785166468,24,,Aggregated,7.600000,0.000000,21,22,26,30,44,97,110,190,190,190,190,64,0,19,27.08063032696373,8.656758116558194,189.58774185739458,6017.515625
1785166469,27,,Aggregated,7.500000,0.000000,19,22,24,27,38,97,110,190,190,190,190,71,0,19,25.95035371396848,8.656758116558194,189.58774185739458,6236.647887323944
1785166470,30,,Aggregated,7.714286,0.000000,16,22,23,26,37,77,110,190,190,190,190,84,0,16,23.9087303191246,8.52517201565206,189.58774185739458,5963.821428571428
1785166471,36,,Aggregated,8.000000,0.000000,16,22,24,26,32,73,99,110,190,190,190,101,0,16,23.072299960133904,8.52517201565206,189.58774185739458,5921.663366336634
1785166472,39,,Aggregated,7.888889,0.000000,17,22,24,26,34,77,110,190,8000,8000,8000,118,0,17,90.78683104302924,8.52517201565206,8035.647438839078,5436.872881355932
1785166473,42,,Aggregated,8.700000,0.000000,18,22,26,28,44,97,190,8000,8000,8000,8000,135,0,18,142.9637732518906,8.52517201565206,8035.647438839078,5158.740740740741
1785166474,45,,Aggregated,9.900000,0.000000,17,22,25,27,38,77,190,8000,8000,8000,8000,147,0,17,132.4972008849133,8.52517201565206,8035.647438839078,5181.319727891157
1785166475,48,,Aggregated,10.400000,0.000000,16,22,24,26,37,73,180,8000,8000,8000,8000,165,0,16,119.76354938339104,8.52517201565206,8035.647438839078,5158.933333333333
1785166477,51,,Aggregated,11.500000,0.000000,16,22,24,26,37,58,180,8000,8000,8000,8000,185,0,16,108.99871932468503,8.52517201565206,8035.647438839078,4855.0
1785166478,54,,Aggregated,12.700000,0.000000,16,22,25,27,38,77,8000,8000,8000,8000,8000,207,0,16,215.541104597134,8.437094977125525,8040.850332938135,4662.038647342995
1785166479,60,,Aggregated,14.000000,0.000000,16,22,24,26,37,73,8000,8000,8000,8000,8000,233,0,16,193.33852068401168,8.437094977125525,8040.850332938135,4566.261802575107
1785166480,63,,Aggregated,14.900000,0.000000,16,22,24,26,36,58,8000,8000,8000,8000,8000,248,0,16,182.72963698461442,8.437094977125525,8040.850332938135,4561.951612903225
1785166481,66,,Aggregated,15.900000,0.000000,16,21,23,26,35,54,190,8000,8000,8000,8000,275,0,16,166.40156636861238,8.437094977125525,8040.850332938135,4414.8836363636365
1785166482,69,,Aggregated,17.100000,0.000000,16,21,23,26,35,54,190,8000,8000,8000,8000,308,0,16,176.46616305203432,8.437094977125525,8040.850332938135,4183.49025974026
1785166483,72,,Aggregated,18.300000,0.000000,16,21,23,26,35,54,8000,8000,8000,8000,8000,320,0,16,195.4885715560522,8.437094977125525,8040.850332938135,4266.7
1785166484,75,,Aggregated,20.600000,0.000000,15,21,23,26,32,53,190,8000,8000,8000,8000,352,0,15,179.26899231480837,7.592105073854327,8040.850332938135,4110.653409090909
1785166485,78,,Aggregated,20.100000,0.000000,16,21,23,26,34,54,190,8000,8000,8000,8000,386,0,16,165.3796581713087,7.592105073854327,8040.850332938135,3999.0518134715026
1785166486,84,,Aggregated,21.300000,0.000000,16,21,24,27,36,60,8000,8000,8000,8000,8000,417,0,16,193.63697269949301,7.592105073854327,8044.49362703599,4046.589928057554
1785166487,87,,Aggregated,23.100000,0.000000,16,21,24,27,36,62,190,8000,8000,8000,8000,457,0,16,178.8585037889705,7.592105073854327,8044.49362703599,3924.6586433260395
1785166488,90,,Aggregated,24.400000,0.000000,16,21,24,27,36,59,190,8000,8000,8000,8000,495,0,16,166.40935312119322,7.592105073854327,8044.49362703599,3796.8262626262626
1785166489,93,,Aggregated,25.400000,0.000000,15,20,23,26,35,54,180,8000,8000,8000,8000,538,0,15,154.29767970165383,7.592105073854327,8044.49362703599,3597.092936802974
1785166490,96,,Aggregated,27.000000,0.000000,15,20,23,26,34,53,150,8000,8000,8000,8000,566,0,15,147.34972773988602,7.592105073854327,8044.49362703599,3528.9328621908126
1785166491,99,,Aggregated,27.700000,0.000000,15,20,23,26,34,53,150,8000,8000,8000,8000,611,0,15,151.08916902253114,7.592105073854327,8044.49362703599,3426.2700490998363
1785166493,105,,Aggregated,30.900000,0.000000,14,19,23,26,34,53,180,8000,8000,8000,8000,655,0,14,166.44927234893652,7.592105073854327,8044.49362703599,3295.7969465648853
1785166494,108,,Aggregated,32.100000,0.000000,15,20,24,28,38,77,420,8000,8000,8000,8000,705,0,15,159.7980541312499,7.592105073854327,8044.49362703599,3238.9475177304967
1785166495,111,,Aggregated,33.600000,0.000000,15,20,24,28,40,81,420,8000,8000,8000,8000,749,0,15,152.1785059867325,7.592105073854327,8044.49362703599,3175.3297730307077
1785166496,114,,Aggregated,35.500000,0.000000,15,20,24,28,44,88,430,8000,8100,8100,8100,778,0,15,168.20802823502743,7.592105073854327,8071.834784001112,3131.7005141388177
1785166497,117,,Aggregated,36.900000,0.000000,15,20,24,28,44,95,430,8000,8100,8100,8100,814,0,15,171.765035194521,7.592105073854327,8071.834784001112,3141.0552825552827
1785166498,123,,Aggregated,36.800000,0.000000,15,20,24,28,44,96,8000,8000,8100,8100,8100,852,0,15,202.5557268419666,7.592105073854327,8096.994488034397,3080.836854460094
1785166499,126,,Aggregated,37.300000,0.000000,15,21,26,29,48,100,8000,8000,8100,8100,8100,904,0,15,203.27567847124178,7.1742061991244555,8096.994488034397,3084.5199115044247
1785166500,129,,Aggregated,37.700000,0.000000,15,21,25,29,47,99,8000,8000,8100,8100,8100,947,0,15,203.1704507578349,7.1742061991244555,8096.994488034397,3067.4699049630412
1785166501,132,,Aggregated,38.900000,0.000000,15,20,25,29,45,96,8000,8000,8100,8100,8100,997,0,15,193.93431083878377,7.1742061991244555,8096.994488034397,3043.5486459378135
1785166502,135,,Aggregated,38.200000,0.000000,15,20,25,29,44,88,430,8000,8100,8100,8100,1062,0,15,183.41125660398782,7.1742061991244555,8096.994488034397,2957.214689265537
1785166503,138,,Aggregated,39.800000,0.000000,15,21,25,29,47,99,430,8000,8100,8100,8100,1108,0,15,178.5125662215451,7.1742061991244555,8096.994488034397,2920.120938628159
1785166504,144,,Aggregated,40.800000,0.000000,15,21,27,31,53,120,470,8000,8100,8100,8100,1188,0,15,171.3629904080038,7.1742061991244555,8096.994488034397,2893.6835016835016
1785166505,147,,Aggregated,43.500000,0.000000,15,21,27,31,53,120,440,8000,8100,8100,8100,1225,0,15,167.12212667040222,7.1742061991244555,8096.994488034397,2861.821224489796
1785166506,150,,Aggregated,44.200000,0.000000,15,21,27,31,53,120,430,8000,8100,8100,8100,1262,0,15,163.08201560912957,7.1742061991244555,8096.994488034397,2834.1133122028527
1785166507,153,,Aggregated,46.300000,0.000000,15,21,27,31,58,130,430,8000,8100,8100,8100,1324,0,15,157.36976154028997,7.1742061991244555,8096.994488034397,2770.8028700906343
1785166509,156,,Aggregated,45.400000,0.000000,15,21,27,31,56,120,430,8000,8100,8100,8100,1378,0,15,151.9946760983924,7.1742061991244555,8096.994488034397,2733.1603773584907
1785166510,162,,Aggregated,48.900000,0.000000,16,21,28,32,61,120,420,8000,8100,8100,8100,1420,0,16,149.10915414458404,7.1742061991244555,8096.994488034397,2727.8725352112674
1785166511,165,,Aggregated,48.900000,0.000000,16,22,29,34,73,140,420,8000,8100,8100,8100,1471,0,16,146.7678003148622,7.1742061991244555,8096.994488034397,2725.087695445275
1785166512,168,,Aggregated,48.600000,0.000000,16,22,30,35,78,150,420,8000,8100,8100,8100,1538,0,16,142.75662469758163,7.1742061991244555,8096.994488034397,2723.5344603381013
1785166513,171,,Aggregated,47.900000,0.000000,16,22,29,34,75,150,420,8000,8100,8100,8100,1573,0,16,139.9638505305595,7.1742061991244555,8096.994488034397,2723.501589319771
1785166514,174,,Aggregated,47.900000,0.000000,16,22,29,35,73,140,390,8000,8100,8100,8100,1648,0,16,134.66939288394943,7.1742061991244555,8096.994488034397,2699.095873786408
1785166515,177,,Aggregated,47.000000,0.000000,16,23,30,36,75,140,420,8000,8100,8100,8100,1729,0,16,131.03150835752535,7.1742061991244555,8096.994488034397,2677.2255639097743
1785166516,183,,Aggregated,50.300000,0.000000,16,23,30,36,75,140,420,8000,8100,8100,8100,1789,0,16,127.81446593836503,7.1742061991244555,8096.994488034397,2656.1604248183344
1785166517,186,,Aggregated,50.100000,0.000000,16,23,30,36,74,130,380,8000,8100,8100,8100,1860,0,16,123.9749683087231,6.729466142132878,8096.994488034397,2649.1569892473117
1785166518,189,,Aggregated,53.300000,0.000000,16,23,31,37,76,120,380,8000,8100,8100,8100,1928,0,16,120.79362590368297,6.729466142132878,8096.994488034397,2632.054979253112
1785166519,192,,Aggregated,55.600000,0.000000,17,24,33,40,84,140,420,8000,8100,8100,8100,2016,0,17,120.0788122241936,6.729466142132878,8096.994488034397,2599.0
1785166520,198,,Aggregated,55.400000,0.000000,16,24,32,40,82,130,390,8000,8100,8100,8100,2080,0,16,116.99433312986422,6.729466142132878,8096.994488034397,2577.714423076923
1785166521,200,,Aggregated,55.100000,0.000000,17,24,32,39,82,130,380,830,8100,8100,8100,2142,0,17,114.66828690953535,6.729466142132878,8096.994488034397,2542.370214752568
1785166523,200,,Aggregated,59.700000,0.000000,17,24,32,40,83,150,380,750,8100,8100,8100,2212,0,17,112.88162909444358,6.729466142132878,8096.994488034397,2510.740506329114
1785166524,200,,Aggregated,61.500000,0.000000,17,26,35,45,97,160,380,750,8100,8100,8100,2337,0,17,112.1566615053076,6.729466142132878,8096.994488034397,2446.474540008558
1785166525,200,,Aggregated,65.200000,0.000000,17,26,35,45,95,160,380,750,8100,8100,8100,2381,0,17,110.43096411443624,6.729466142132878,8096.994488034397,2427.072658546829
1785166526,200,,Aggregated,61.700000,0.000000,17,26,35,45,94,160,380,730,8100,8100,8100,2447,0,17,108.28149170794802,6.729466142132878,8096.994488034397,2395.220269718022
1785166527,200,,Aggregated,64.200000,0.000000,17,26,35,45,94,160,370,720,8100,8100,8100,2504,0,17,106.68151528705076,6.729466142132878,8096.994488034397,2391.363817891374
1785166528,200,,Aggregated,65.200000,0.000000,17,26,36,47,96,160,380,720,8100,8100,8100,2540,0,17,106.61957417413093,6.729466142132878,8096.994488034397,2392.540157480315
1785166529,200,,Aggregated,64.200000,0.000000,18,28,38,50,100,180,420,720,8100,8100,8100,2657,0,18,107.38136407678773,6.729466142132878,8096.994488034397,2319.197967632668
1785166530,200,,Aggregated,61.200000,0.000000,18,27,37,49,100,180,420,710,8100,8100,8100,2714,0,18,105.4855825832627,6.729466142132878,8096.994488034397,2301.554532056006
1785166531,200,,Aggregated,65.000000,0.000000,18,27,37,48,100,180,420,710,8100,8100,8100,2767,0,18,103.77094208912128,6.729466142132878,8096.994488034397,2290.6758221900977
1785166532,200,,Aggregated,66.000000,0.000000,17,26,36,48,100,180,420,680,8100,8100,8100,2801,0,17,102.66176863649633,6.729466142132878,8096.994488034397,2285.1563727240273
1785166533,200,,Aggregated,65.700000,0.000000,18,29,40,54,110,190,400,680,8100,8100,8100,2917,0,18,102.57623857589624,6.729466142132878,8096.994488034397,2242.7922523140214
1785166534,200,,Aggregated,63.600000,0.000000,18,28,39,52,100,180,400,680,8100,8100,8100,2994,0,18,100.4244929921279,6.729466142132878,8096.994488034397,2212.451569806279
1785166535,200,,Aggregated,60.800000,0.000000,18,27,38,50,100,180,380,670,8000,8100,8100,3051,0,18,98.81123487484436,6.729466142132878,8096.994488034397,2205.609636184857
1785166536,200,,Aggregated,67.000000,0.000000,18,27,38,51,100,180,400,630,8000,8100,8100,3102,0,18,98.26974384914507,6.729466142132878,8096.994488034397,2183.974210186976
1785166537,200,,Aggregated,64.700000,0.000000,18,28,39,53,100,180,400,630,8000,8100,8100,3193,0,18,97.13471197170831,6.729466142132878,8096.994488034397,2158.50328844347
1785166538,200,,Aggregated,63.800000,0.000000,18,28,39,52,100,180,390,570,8000,8100,8100,3243,0,18,96.10024519298298,6.729466142132878,8096.994488034397,2144.7391304347825
1785166539,200,,Aggregated,65.200000,0.000000,17,27,38,52,100,180,380,570,8000,8100,8100,3288,0,17,95.0269682326217,6.729466142132878,8096.994488034397,2145.6882603406325
1785166540,200,,Aggregated,69.300000,0.000000,17,27,38,52,100,180,380,570,8000,8100,8100,3347,0,17,94.0409230144429,6.729466142132878,8096.994488034397,2128.426053181954
1785166541,200,,Aggregated,66.600000,0.000000,17,27,38,51,100,180,380,600,8000,8100,8100,3390,0,17,93.6191660042984,6.729466142132878,8096.994488034397,2116.5982300884957
1785166542,200,,Aggregated,61.500000,0.000000,17,27,39,52,100,190,380,600,8000,8100,8100,3489,0,17,92.46459711697001,6.729466142132878,8096.994488034397,2101.311263972485
1785166543,200,,Aggregated,61.000000,0.000000,17,27,38,52,100,180,380,570,8000,8100,8100,3547,0,17,91.28473565170937,6.729466142132878,8096.994488034397,2078.1826895968425
1785166544,200,,Aggregated,61.000000,0.000000,17,26,38,50,100,180,380,570,8000,8100,8100,3598,0,17,90.22098244161393,6.729466142132878,8096.994488034397,2071.552807115064
1785166545,200,,Aggregated,66.900000,0.000000,17,27,38,52,100,190,370,570,8000,8100,8100,3675,0,17,89.76770665452239,6.729466142132878,8096.994488034397,2052.0593197278913
1785166547,200,,Aggregated,61.200000,0.000000,17,27,38,52,110,190,370,570,8000,8100,8100,3708,0,17,89.57543893201837,6.729466142132878,8096.994488034397,2042.6963322545846
1785166548,200,,Aggregated,62.100000,0.000000,18,28,39,53,110,190,370,530,8000,8100,8100,3811,0,18,89.26774005250914,6.729466142132878,8096.994488034397,2036.4103909734977
1785166549,200,,Aggregated,58.500000,0.000000,17,27,39,52,110,190,370,530,8000,8100,8100,3886,0,17,87.99317365342571,6.729466142132878,8096.994488034397,2016.2362326299537
1785166550,200,,Aggregated,58.500000,0.000000,17,27,38,52,100,190,370,530,8000,8100,8100,3940,0,17,87.09534489110037,6.729466142132878,8096.994488034397,2003.560659898477
1785166551,200,,Aggregated,61.200000,0.000000,17,27,38,52,110,190,370,530,8000,8100,8100,3982,0,17,86.70071444652146,6.729466142132878,8096.994488034397,1998.832747363134
1785166552,200,,Aggregated,64.900000,0.000000,18,28,39,53,110,190,370,570,8000,8100,8100,4079,0,18,86.30361394666969,6.729466142132878,8096.994488034397,1972.0752635449865
1785166553,200,,Aggregated,63.300000,0.000000,18,27,39,52,110,190,370,530,8000,8100,8100,4124,0,18,85.53985334292803,6.729466142132878,8096.994488034397,1976.9464112512123
1785166554,200,,Aggregated,65.400000,0.000000,17,27,38,51,100,190,360,530,8000,8100,8100,4163,0,17,84.87020387467952,6.729466142132878,8096.994488034397,1972.9353831371607
1785166555,200,,Aggregated,61.400000,0.000000,17,27,38,50,100,190,370,570,8100,8200,8200,4219,0,17,89.7835337668485,6.729466142132878,8247.05439992249,1959.677648731927
1785166556,200,,Aggregated,59.300000,0.000000,17,27,38,50,100,190,370,610,8100,8200,8200,4274,0,17,94.52688438360478,6.729466142132878,8247.05439992249,1945.7253158633598
1785166557,200,,Aggregated,57.500000,0.000000,18,27,39,53,110,190,380,670,8100,8200,8200,4404,0,18,101.13249370267025,6.729466142132878,8247.05439992249,1921.6319255222525
1785166558,200,,Aggregated,58.300000,0.000000,18,27,39,53,110,190,390,700,8100,8200,8200,4465,0,18,107.29271379186827,6.729466142132878,8247.05439992249,1912.0678611422172
1785166559,200,,Aggregated,58.900000,0.000000,17,27,39,52,110,190,410,720,8100,8200,8200,4523,0,17,113.30481084434696,6.729466142132878,8247.05439992249,1917.5673225735131
1785166561,200,,Aggregated,60.200000,0.000000,17,27,38,52,110,190,410,730,8100,8200,8200,4568,0,17,115.90695229707401,6.729466142132878,8247.05439992249,1917.9516199649738
1785166562,200,,Aggregated,59.200000,0.000000,17,27,39,52,110,190,420,770,8200,8700,8700,4669,0,17,121.3542602850676,6.729466142132878,8672.98302706331,1908.887556221889
1785166563,200,,Aggregated,58.600000,0.000000,17,27,38,51,110,200,420,8000,8200,8700,8700,4712,0,17,125.47869808069218,6.729466142132878,8672.98302706331,1907.0430814940578
1785166564,200,,Aggregated,59.800000,0.000000,17,27,38,51,110,190,420,8000,8200,8700,8700,4752,0,17,126.22619959543795,6.729466142132878,8672.98302706331,1908.9882154882155
1785166565,200,,Aggregated,59.400000,0.000000,17,26,38,50,100,190,420,8000,8200,8700,8700,4831,0,17,124.61037089520168,6.729466142132878,8672.98302706331,1895.6752225212172
1785166566,200,,Aggregated,60.300000,0.000000,17,26,38,50,100,190,420,8000,8200,8700,8700,4858,0,17,123.98871980559007,6.729466142132878,8672.98302706331,1892.9934129271305
1785166567,200,,Aggregated,63.300000,0.000000,17,26,38,50,100,190,420,830,8200,8700,8700,4960,0,17,122.2765447485501,6.729466142132878,8672.98302706331,1881.0407258064515
1785166568,200,,Aggregated,59.300000,0.000000,17,26,37,50,100,190,420,8000,8100,8700,8700,5025,0,17,124.09142343633211,6.729466142132878,8672.98302706331,1881.469054726368
1785166569,200,,Aggregated,61.100000,0.000000,17,26,37,50,100,190,420,8000,8100,8700,8700,5082,0,17,124.69652121809092,6.729466142132878,8672.98302706331,1876.7617079889808
1785166571,200,,Aggregated,55.600000,0.000000,17,26,37,49,100,190,420,8000,8100,8700,8700,5148,0,17,123.33498121992372,6.729466142132878,8672.98302706331,1874.2645687645688
1785166572,200,,Aggregated,57.900000,0.000000,17,26,38,50,100,190,420,8000,8100,8700,8700,5235,0,17,125.30032233673093,6.729466142132878,8672.98302706331,1856.1285577841452
1785166573,200,,Aggregated,58.000000,0.000000,17,26,37,49,100,190,420,8000,8100,8700,8700,5298,0,17,125.5343187686598,6.729466142132878,8672.98302706331,1849.9833899584748
1785166574,200,,Aggregated,59.100000,0.000000,17,26,37,49,99,190,420,8000,8100,8700,8700,5373,0,17,124.00423732771499,6.729466142132878,8672.98302706331,1835.0938023450585
1785166575,200,,Aggregated,59.900000,0.000000,17,26,37,48,99,190,410,8000,8100,8700,8700,5439,0,17,122.77218004302324,6.729466142132878,8672.98302706331,1832.7433351719067
1785166576,200,,Aggregated,62.900000,0.000000,17,26,37,49,100,190,420,8000,8100,8700,8700,5495,0,17,124.23921484539152,6.729466142132878,8672.98302706331,1827.6451319381256
1785166577,200,,Aggregated,62.700000,0.000000,17,26,37,49,100,190,420,8000,8100,8700,8700,5581,0,17,124.20606471896352,6.729466142132878,8672.98302706331,1813.4834259093352
1785166578,200,,Aggregated,62.900000,0.000000,17,26,37,49,100,190,420,8000,8100,8700,8700,5625,0,17,123.45565885946982,6.729466142132878,8672.98302706331,1812.2700444444445
1785166579,200,,Aggregated,66.700000,0.000000,17,26,37,48,100,190,410,830,8100,8700,8700,5712,0,17,121.88530823518946,6.729466142132878,8672.98302706331,1801.7261904761904
1785166580,200,,Aggregated,66.700000,0.000000,17,26,36,48,99,180,410,830,8100,8700,8700,5736,0,17,121.4492257572519,6.729466142132878,8672.98302706331,1807.6051255230125
1785166581,200,,Aggregated,65.400000,0.000000,17,26,37,49,110,200,400,800,8100,8700,8700,5848,0,17,121.16552043086519,6.729466142132878,8672.98302706331,1810.8724350205198
1785166582,200,,Aggregated,63.000000,0.000000,17,26,37,49,110,200,400,800,8100,8700,8700,5893,0,17,120.37534496309031,6.729466142132878,8672.98302706331,1810.1321907347701
1785166583,200,,Aggregated,67.200000,0.000000,17,26,37,49,100,190,390,770,8100,8700,8700,5933,0,17,119.65441245956293,6.729466142132878,8672.98302706331,1807.2620933760325
1785166584,200,,Aggregated,63.000000,0.000000,17,26,37,48,100,190,380,770,8100,8700,8700,5984,0,17,118.76222332119306,6.729466142132878,8672.98302706331,1813.0213903743315
1785166585,200,,Aggregated,63.000000,0.000000,17,26,36,48,100,190,380,770,8100,8700,8700,6021,0,17,118.15757883320228,6.729466142132878,8672.98302706331,1812.9305763162265
1785166586,200,,Aggregated,58.400000,0.000000,17,26,37,48,100,190,380,770,8100,8700,8700,6097,0,17,117.09737513855599,6.729466142132878,8672.98302706331,1817.3247498769888
1785166587,200,,Aggregated,58.800000,0.000000,17,26,37,48,100,190,380,750,8100,8700,8700,6170,0,17,116.26897860526725,6.729466142132878,8672.98302706331,1812.1546191247974
1785166588,200,,Aggregated,59.300000,0.000000,17,25,36,48,100,190,370,740,8100,8700,8700,6247,0,17,115.05963142522363,6.729466142132878,8672.98302706331,1804.4325276132543
1785166589,200,,Aggregated,55.000000,0.000000,17,25,36,47,100,190,370,730,8100,8700,8700,6305,0,17,114.14521242034733,6.729466142132878,8672.98302706331,1803.5687549563838
1785166590,200,,Aggregated,58.100000,0.000000,17,26,36,48,100,180,370,730,8100,8700,8700,6380,0,17,113.4188220765789,6.729466142132878,8672.98302706331,1800.2796238244514
1785166591,200,,Aggregated,58.300000,0.000000,17,25,36,48,99,180,360,720,8100,8700,8700,6439,0,17,112.57393812782551,6.729466142132878,8672.98302706331,1794.9060413107625
1785166592,200,,Aggregated,57.700000,0.000000,17,25,36,47,98,180,360,720,8100,8700,8700,6493,0,17,111.7828543319892,6.729466142132878,8672.98302706331,1793.750808563068
1785166593,200,,Aggregated,57.100000,0.000000,17,25,36,47,98,180,350,720,8100,8700,8700,6555,0,17,110.89258994402763,6.729466142132878,8672.98302706331,1788.914721586575
1785166594,200,,Aggregated,60.400000,0.000000,17,25,35,46,97,180,350,710,8100,8700,8700,6604,0,17,110.1809798440245,6.729466142132878,8672.98302706331,1788.4989400363415
1785166595,200,,Aggregated,59.600000,0.000000,17,25,36,47,98,180,350,710,8100,8700,8700,6677,0,17,109.57500905368153,6.729466142132878,8672.98302706331,1786.1589036992661
1785166596,200,,Aggregated,61.500000,0.000000,17,25,35,46,96,180,350,710,8100,8700,8700,6749,0,17,108.5884036300123,6.729466142132878,8672.98302706331,1776.2874499925915
1785166597,200,,Aggregated,59.200000,0.000000,17,25,35,46,96,170,350,700,8100,8700,8700,6814,0,17,107.72921708296975,6.729466142132878,8672.98302706331,1768.6291458761373
1785166598,200,,Aggregated,61.100000,0.000000,17,25,35,45,95,170,350,700,8100,8700,8700,6879,0,17,106.97266796614224,6.729466142132878,8672.98302706331,1767.8879197557785
1785166599,200,,Aggregated,62.800000,0.000000,17,25,35,45,94,170,340,700,8100,8700,8700,6932,0,17,106.34959021454088,6.729466142132878,8672.98302706331,1765.1066070398153
1785166600,200,,Aggregated,61.500000,0.000000,17,24,35,45,94,170,340,700,8100,8700,8700,6992,0,17,105.582991982665,6.729466142132878,8672.98302706331,1764.3591247139589
1785166601,200,,Aggregated,59.700000,0.000000,17,24,35,44,94,170,340,690,8100,8700,8700,7092,0,17,104.55851771947427,6.729466142132878,8672.98302706331,1760.1520022560633
1785166603,200,,Aggregated,61.900000,0.000000,17,24,34,44,93,170,340,680,8100,8700,8700,7159,0,17,103.72408900297017,6.729466142132878,8672.98302706331,1767.0645341528145
1785166604,200,,Aggregated,60.200000,0.000000,17,24,34,44,92,170,340,680,8100,8700,8700,7213,0,17,103.15410045087135,6.729466142132878,8672.98302706331,1764.5947594620823
1785166605,200,,Aggregated,65.100000,0.000000,16,24,34,44,92,170,330,680,8100,8700,8700,7266,0,16,102.51122981087762,6.729466142132878,8672.98302706331,1761.9693091109275
1785166606,200,,Aggregated,65.100000,0.000000,16,24,34,44,91,170,330,670,8100,8700,8700,7313,1,16,101.98782596862715,3.752135904505849,8672.98302706331,1756.5994803774101
1785166607,200,,Aggregated,65.200000,0.000000,16,24,34,43,91,170,330,670,8100,8700,8700,7364,2,16,101.40259754718173,3.752135904505849,8672.98302706331,1757.6015752308529
1785166608,200,,Aggregated,62.900000,0.100000,16,24,34,43,91,170,330,670,8100,8700,8700,7411,2,16,100.8569481780416,3.752135904505849,8672.98302706331,1760.0426393199298
1785166609,200,,Aggregated,62.900000,0.100000,16,24,34,43,90,160,330,670,8100,8700,8700,7436,2,16,100.57012307244209,3.752135904505849,8672.98302706331,1758.183297471759
1785166610,200,,Aggregated,59.300000,0.200000,16,24,34,44,92,160,330,660,8100,8700,8700,7526,2,16,100.18217120805437,3.752135904505849,8672.98302706331,1765.6330055806538
1785166611,200,,Aggregated,55.400000,0.200000,16,24,34,43,92,160,330,630,8100,8700,8700,7603,2,16,99.34212783546062,3.752135904505849,8672.98302706331,1762.9558069183217
1785166612,200,,Aggregated,58.900000,0.200000,16,23,34,43,91,160,330,630,8100,8700,8700,7684,2,16,98.47275883085175,3.752135904505849,8672.98302706331,1762.107105674128
1785166613,200,,Aggregated,58.900000,0.200000,16,23,33,42,90,160,330,620,8100,8700,8700,7727,2,16,98.00246369392084,3.752135904505849,8672.98302706331,1756.9377507441438
1785166614,200,,Aggregated,56.100000,0.200000,16,23,33,42,90,160,330,610,8100,8700,8700,7816,2,16,97.15786812083577,3.752135904505849,8672.98302706331,1749.0797082906859
1785166615,200,,Aggregated,56.800000,0.200000,16,23,33,42,90,160,320,610,8100,8700,8700,7855,2,16,96.74273409532711,3.752135904505849,8672.98302706331,1750.2388287714832
1785166616,200,,Aggregated,55.400000,0.200000,16,23,33,42,89,160,320,610,8100,8700,8700,7926,2,16,96.06948413658411,3.752135904505849,8672.98302706331,1743.1116578349736
1785166617,200,,Aggregated,57.000000,0.200000,16,23,33,41,88,160,310,610,8100,8700,8700,8001,2,16,95.38873710086759,3.752135904505849,8672.98302706331,1742.9270091238595
1785166618,200,,Aggregated,57.000000,0.200000,16,23,33,41,88,160,310,610,8100,8700,8700,8016,2,16,95.24138602993949,3.752135904505849,8672.98302706331,1743.4579590818364
1785166619,200,,Aggregated,60.100000,0.000000,16,23,34,42,90,160,310,600,8100,8700,8700,8136,2,16,94.70166455497123,3.752135904505849,8672.98302706331,1731.405481809243
1785166620,200,,Aggregated,60.700000,0.000000,16,23,33,42,90,160,310,600,8100,8700,8700,8179,2,16,94.32823808636822,3.752135904505849,8672.98302706331,1729.6011737376207
1785166621,200,,Aggregated,62.900000,0.000000,16,23,33,42,89,160,310,590,8100,8700,8700,8245,2,16,93.7367919323601,3.752135904505849,8672.98302706331,1721.4115221346271
1785166622,200,,Aggregated,61.900000,0.000000,16,23,33,42,89,160,310,590,8100,8700,8700,8290,2,16,93.31927957449702,3.752135904505849,8672.98302706331,1717.8718938480097
1785166623,200,,Aggregated,60.100000,0.000000,16,23,33,42,89,160,310,590,8100,8700,8700,8318,2,16,93.18354952331148,3.752135904505849,8672.98302706331,1716.3265207982688
1785166624,200,,Aggregated,59.600000,0.000000,16,23,33,42,89,160,310,590,8100,8700,8700,8387,2,16,92.79849189054343,3.752135904505849,8672.98302706331,1715.2829378800525
1785166625,200,,Aggregated,56.500000,0.000000,16,23,33,42,89,160,310,570,8100,8700,8700,8440,2,16,92.29590080328666,3.752135904505849,8672.98302706331,1712.0184834123222
1785166626,200,,Aggregated,57.500000,0.000000,16,23,33,41,88,150,310,570,8100,8700,8700,8499,2,16,91.77044487326762,3.752135904505849,8672.98302706331,1711.7518531591952
1785166627,200,,Aggregated,55.300000,0.000000,16,23,33,41,88,150,310,600,8100,8700,8700,8553,4,16,92.21854388950015,3.752135904505849,8672.98302706331,1709.4994738688179
1785166629,200,,Aggregated,54.300000,0.000000,16,23,33,41,87,150,310,600,8100,8700,8700,8584,4,16,91.95597621477499,3.752135904505849,8672.98302706331,1711.7357875116495
1785166630,200,,Aggregated,54.100000,0.200000,16,23,33,41,88,150,310,600,8100,8700,8700,8642,4,16,91.6726532885184,3.752135904505849,8672.98302706331,1716.0577412635964
1785166631,200,,Aggregated,51.900000,0.200000,16,23,33,41,87,150,310,590,8100,8700,8700,8709,4,16,91.09141761302317,3.752135904505849,8672.98302706331,1714.6547249971295
1785166632,200,,Aggregated,48.600000,0.200000,16,23,32,41,87,150,310,600,8100,8700,8700,8760,4,16,91.55744958055507,3.752135904505849,8672.98302706331,1712.0034246575342
1785166633,200,,Aggregated,49.000000,0.200000,16,23,32,41,87,150,310,610,8100,8700,8700,8789,4,16,94.03021306578641,3.752135904505849,8672.98302706331,1714.2296051883036
1785166634,200,,Aggregated,49.200000,0.200000,16,23,32,40,87,150,310,670,8100,8700,8700,8857,4,16,98.94547724893509,3.752135904505849,8672.98302706331,1714.7875127018178
1785166635,200,,Aggregated,48.400000,0.200000,16,23,32,41,87,150,330,680,8100,8700,8700,8956,4,16,102.0189836799781,3.752135904505849,8672.98302706331,1710.2175078159894
1785166636,200,,Aggregated,48.000000,0.200000,16,23,32,41,87,150,330,700,8100,8700,8700,9011,4,16,104.20486797742862,3.752135904505849,8672.98302706331,1709.131283986239
1785166637,200,,Aggregated,48.800000,0.200000,16,23,32,40,86,150,330,710,8200,8700,8700,9073,4,16,106.2843808467011,3.752135904505849,8672.98302706331,1707.7013115838201
1785166638,200,,Aggregated,52.100000,0.200000,16,23,32,40,86,150,330,720,8200,8700,8700,9111,4,16,107.66705153417466,3.752135904505849,8672.98302706331,1709.7861925145428
1785166640,200,,Aggregated,50.800000,0.200000,16,23,32,40,86,150,330,720,8200,8700,8700,9147,4,16,108.1857103144497,3.752135904505849,8672.98302706331,1707.9498196129878
1785166641,200,,Aggregated,52.800000,0.000000,16,23,32,41,87,150,330,750,8200,8700,8700,9267,4,16,109.32820439532647,3.752135904505849,8672.98302706331,1706.843962447394
1785166642,200,,Aggregated,52.100000,0.000000,16,23,32,41,87,150,330,740,8200,8700,8700,9307,4,16,108.9834365564201,3.752135904505849,8672.98302706331,1703.2878478564521
1785166643,200,,Aggregated,56.800000,0.000000,16,23,32,40,86,150,330,740,8200,8700,8700,9361,4,16,108.44572190340676,3.752135904505849,8672.98302706331,1707.8876188441407
1785166644,200,,Aggregated,54.700000,0.000000,16,22,32,40,86,150,330,740,8200,8700,8700,9416,4,16,107.90868142451882,3.752135904505849,8672.98302706331,1712.818925233645
1785166645,200,,Aggregated,57.100000,0.000000,16,23,32,40,86,150,330,740,8200,8700,8700,9436,4,16,107.79858169478695,3.752135904505849,8672.98302706331,1716.1306697753284
1785166646,200,,Aggregated,57.300000,0.000000,16,23,32,41,86,150,330,730,8200,8700,8700,9514,4,16,107.25322574552185,3.752135904505849,8672.98302706331,1712.9928526382173
1785166647,200,,Aggregated,55.400000,0.000000,16,23,32,40,86,150,330,730,8200,8700,8700,9571,4,16,106.73133605238151,3.752135904505849,8672.98302706331,1712.538188277087
1785166648,200,,Aggregated,53.200000,0.000000,16,22,32,40,86,150,330,720,8200,8700,8700,9628,4,16,106.19578435979795,3.752135904505849,8672.98302706331,1710.6006439551309
1785166649,200,,Aggregated,52.700000,0.000000,16,22,32,40,85,150,330,730,8200,8700,8700,9671,4,16,106.62910647176244,3.752135904505849,8672.98302706331,1709.2700858235962
1785166650,200,,Aggregated,52.200000,0.000000,16,22,32,40,85,150,330,720,8200,8700,8700,9719,4,16,106.17726653136738,3.752135904505849,8672.98302706331,1709.4045683712316
1785166651,200,,Aggregated,53.800000,0.000000,16,23,32,40,87,150,330,720,8200,8700,8700,9835,4,16,105.65594258279283,3.752135904505849,8672.98302706331,1706.9614641586172
1785166652,200,,Aggregated,56.900000,0.000000,16,22,32,40,86,150,320,720,8200,8700,8700,9899,4,16,105.09450269442179,3.752135904505849,8672.98302706331,1704.8637236084453
1785166653,200,,Aggregated,53.600000,0.000000,16,22,32,40,86,150,320,720,8200,8700,8700,9971,4,16,105.25241671023582,3.752135904505849,8672.98302706331,1702.4428843646574
1785166654,200,,Aggregated,57.200000,0.000000,16,22,32,40,86,150,320,710,8200,8500,8700,10015,4,16,104.8640215937727,3.752135904505849,8672.98302706331,1696.9592611083374
1785166655,200,,Aggregated,55.700000,0.000000,16,22,32,40,86,150,330,720,8200,8500,8700,10092,4,16,106.02656751624251,3.752135904505849,8672.98302706331,1692.2951843043995
1785166656,200,,Aggregated,60.800000,0.000000,16,22,32,40,86,150,330,720,8200,8500,8700,10144,4,16,106.34559034410282,3.752135904505849,8672.98302706331,1695.8298501577287
1785166657,200,,Aggregated,62.300000,0.000000,16,22,32,40,86,150,330,730,8200,8500,8700,10196,4,16,106.71979889082556,3.752135904505849,8672.98302706331,1695.8698509219303
1785166658,200,,Aggregated,61.100000,0.000000,16,22,32,40,85,150,320,720,8200,8500,8700,10235,4,16,106.37311302755587,3.752135904505849,8672.98302706331,1696.1423546653639
1785166660,200,,Aggregated,61.000000,0.000000,16,22,32,39,85,150,320,720,8200,8500,8700,10291,4,16,105.87347937324664,3.752135904505849,8672.98302706331,1699.250315809931
1785166661,200,,Aggregated,59.600000,0.000000,16,22,32,40,85,150,330,740,8200,8700,8700,10393,4,16,108.39003833156141,3.752135904505849,8683.226111112162,1697.943038583662
1785166662,200,,Aggregated,57.500000,0.000000,16,22,32,40,85,150,320,740,8200,8700,8700,10441,4,16,107.96191787608817,3.752135904505849,8683.226111112162,1696.7357532803371
1785166663,200,,Aggregated,59.700000,0.000000,16,22,32,39,85,150,320,730,8200,8700,8700,10504,4,16,107.39686255450896,3.752135904505849,8683.226111112162,1694.2110624523991
1785166664,200,,Aggregated,56.200000,0.000000,16,22,31,39,84,140,310,730,8200,8700,8700,10580,4,16,106.73725346474343,3.752135904505849,8683.226111112162,1692.9189981096408
1785166665,200,,Aggregated,56.800000,0.000000,16,22,32,39,85,140,310,720,8200,8700,8700,10674,4,16,106.1795906464159,3.752135904505849,8683.226111112162,1694.7433951658236
1785166666,200,,Aggregated,55.000000,0.000000,16,22,32,39,84,140,310,720,8200,8700,8700,10736,4,16,105.67705790035065,3.752135904505849,8683.226111112162,1691.7240126676602
1785166667,200,,Aggregated,52.700000,0.000000,16,22,31,39,84,140,310,710,8200,8700,8700,10809,4,16,105.11994275205163,3.752135904505849,8683.226111112162,1691.9205291886392
1785166669,200,,Aggregated,57.100000,0.000000,16,22,31,39,84,140,310,710,8200,8700,8700,10873,4,16,104.60668317019422,3.752135904505849,8683.226111112162,1690.942426193323
1785166670,200,,Aggregated,61.000000,0.000000,16,22,32,39,84,140,310,710,8200,8700,8700,10990,4,16,104.0564341920795,3.752135904505849,8683.226111112162,1683.7665150136488
1785166671,200,,Aggregated,62.700000,0.000000,16,22,32,39,84,140,310,700,8200,8700,8700,11050,4,16,103.57865644821148,3.752135904505849,8683.226111112162,1680.8737556561086
1785166672,200,,Aggregated,66.100000,0.000000,16,22,31,39,84,140,310,700,8200,8700,8700,11114,4,16,103.10706873803953,3.752135904505849,8683.226111112162,1678.091506208386
1785166673,200,,Aggregated,64.900000,0.000000,16,22,31,39,83,140,300,700,8200,8700,8700,11167,4,16,102.71059764502682,3.752135904505849,8683.226111112162,1677.544819557625
1785166674,200,,Aggregated,65.600000,0.000000,16,22,32,39,84,140,310,690,8200,8700,8700,11261,4,16,102.68942318106927,3.752135904505849,8683.226111112162,1677.4009413018382
1785166675,200,,Aggregated,66.700000,0.000000,16,22,32,39,84,140,310,680,8200,8700,8700,11327,4,16,102.17744149160374,3.752135904505849,8683.226111112162,1678.935375651099
1785166676,200,,Aggregated,61.400000,0.000000,16,22,31,39,84,140,310,680,8200,8700,8700,11390,4,16,101.70999499384553,3.752135904505849,8683.226111112162,1677.245566286216
1785166677,200,,Aggregated,68.300000,0.000000,16,22,31,39,84,140,300,680,8200,8700,8700,11425,4,16,101.46926908609122,3.752135904505849,8683.226111112162,1676.2653829321664
1785166679,200,,Aggregated,65.300000,0.000000,16,22,31,39,84,140,300,680,8200,8700,8700,11457,4,16,101.2294045682594,3.752135904505849,8683.226111112162,1676.1687178144366
1785166680,200,,Aggregated,61.500000,0.000000,16,22,32,40,84,140,300,680,8200,8700,8700,11578,4,16,100.76862479528143,3.752135904505849,8683.226111112162,1675.7058213853861
1785166681,200,,Aggregated,58.400000,0.000000,16,22,32,39,84,140,300,670,8200,8700,8700,11652,4,16,100.26923080268365,3.752135904505849,8683.226111112162,1672.3305012015105
1785166682,200,,Aggregated,60.700000,0.000000,16,22,32,39,84,140,300,670,8200,8700,8700,11726,4,16,99.78779085150772,3.752135904505849,8683.226111112162,1669.176445505714
1785166683,200,,Aggregated,60.700000,0.000000,16,22,31,39,84,140,300,670,8200,8700,8700,11750,4,16,99.61537046393657,3.752135904505849,8683.226111112162,1670.5182978723403
1785166684,200,,Aggregated,61.800000,0.000000,16,22,32,39,84,140,300,670,8200,8700,8700,11842,4,16,99.15266521741412,3.752135904505849,8683.226111112162,1670.838118561054
1785166685,200,,Aggregated,61.100000,0.000000,16,22,31,39,83,140,300,670,8200,8700,8700,11930,4,16,98.5432462730271,3.752135904505849,8683.226111112162,1666.9082145850796
1785166686,200,,Aggregated,63.600000,0.000000,16,22,31,39,83,140,290,670,8200,8700,8700,11996,4,16,98.08822470703468,3.752135904505849,8683.226111112162,1667.0379293097699
1785166688,200,,Aggregated,60.000000,0.000000,16,22,31,39,82,140,290,660,8200,8700,8700,12042,4,16,97.77386563918168,3.752135904505849,8683.226111112162,1670.7780269058296
1785166689,200,,Aggregated,61.700000,0.000000,16,22,31,39,83,140,290,660,8200,8700,8700,12112,4,16,97.58435076528522,3.752135904505849,8683.226111112162,1671.8296730515192
1785166690,200,,Aggregated,61.600000,0.000000,16,22,31,39,83,140,290,660,8200,8700,8700,12173,4,16,97.16653640495299,3.752135904505849,8683.226111112162,1667.443111804814
1785166691,200,,Aggregated,65.100000,0.000000,16,22,31,39,83,140,290,650,8200,8700,8700,12228,4,16,96.79327914374767,3.752135904505849,8683.226111112162,1666.2902355250246
1785166692,200,,Aggregated,60.900000,0.000000,16,21,31,38,82,140,290,650,8200,8700,8700,12291,4,16,96.36998913417109,3.752135904505849,8683.226111112162,1667.6547066959563
1785166693,200,,Aggregated,60.900000,0.000000,16,21,31,38,82,140,290,640,8200,8700,8700,12327,4,16,96.13094540576787,3.752135904505849,8683.226111112162,1668.1544576944918
1785166694,200,,Aggregated,58.300000,0.000000,16,22,31,38,82,140,280,630,8200,8700,8700,12437,4,16,95.5573561499275,3.752135904505849,8683.226111112162,1664.1020342526333
1785166695,200,,Aggregated,57.700000,0.000000,16,21,31,38,82,140,280,630,8200,8700,8700,12497,4,16,95.1689520501336,3.752135904505849,8683.226111112162,1663.7826678402816
1785166696,200,,Aggregated,58.700000,0.000000,16,21,31,38,82,130,280,630,8200,8700,8700,12576,4,16,94.68708657662923,3.752135904505849,8683.226111112162,1660.4903784987278
1785166698,200,,Aggregated,61.500000,0.000000,16,21,31,38,81,130,280,630,8200,8700,8700,12620,4,16,94.41853282753992,3.752135904505849,8683.226111112162,1661.758795562599
1785166699,200,,Aggregated,57.900000,0.000000,16,21,31,38,82,130,280,630,8200,8700,8700,12728,4,16,94.01767830831457,3.752135904505849,8683.226111112162,1659.39204902577
1785166700,200,,Aggregated,57.800000,0.000000,16,21,31,38,81,130,280,630,8200,8700,8700,12780,4,16,93.69845817722555,3.752135904505849,8683.226111112162,1656.5089984350548
1785166701,200,,Aggregated,61.900000,0.000000,16,21,31,38,81,130,280,630,8200,8700,8700,12858,4,16,93.24908771494273,3.752135904505849,8683.226111112162,1653.201508788303
1785166702,200,,Aggregated,60.800000,0.000000,15,21,31,38,81,130,280,620,8200,8700,8700,12901,4,15,92.98374576596751,3.752135904505849,8683.226111112162,1653.636384776374
1785166703,200,,Aggregated,60.800000,0.000000,15,21,31,38,81,130,280,620,8200,8700,8700,12916,4,15,92.93519575149902,3.752135904505849,8683.226111112162,1652.2991638278104
1785166704,200,,Aggregated,61.800000,0.000000,16,21,31,38,82,140,280,660,8200,8700,8700,13001,4,16,93.24555431751801,3.752135904505849,8683.226111112162,1654.9554649642334
1785166705,200,,Aggregated,58.900000,0.000000,16,21,31,38,82,140,280,660,8200,8700,8700,13058,4,16,92.9235676575956,3.752135904505849,8683.226111112162,1654.416219941798
1785166706,200,,Aggregated,60.600000,0.000000,15,21,31,38,82,140,280,650,8200,8700,8700,13126,4,15,92.53792587346148,3.752135904505849,8683.226111112162,1655.3963126618924
1785166707,200,,Aggregated,56.800000,0.000000,15,21,31,38,82,130,280,650,8200,8700,8700,13168,4,15,92.28847571864372,3.752135904505849,8683.226111112162,1653.178766707169
1785166708,200,,Aggregated,56.800000,0.000000,15,21,31,38,82,130,280,640,8200,8700,8700,13205,4,15,92.07043799419,3.752135904505849,8683.226111112162,1651.9360848163574
1785166709,200,,Aggregated,55.400000,0.000000,15,21,31,38,82,130,280,660,8200,8700,8700,13287,4,15,92.41623297598528,3.752135904505849,8683.226111112162,1654.1290735305186
1785166710,200,,Aggregated,58.500000,0.000000,15,21,31,38,82,130,280,660,8200,8700,8700,13348,4,15,92.65768381534005,3.752135904505849,8683.226111112162,1653.7356907401859
1785166711,200,,Aggregated,53.100000,0.000000,15,21,31,38,82,130,290,680,8200,8700,8800,13397,4,15,95.48092211210222,3.752135904505849,8788.369113113731,1650.6629096066283
1785166712,200,,Aggregated,53.400000,0.000000,15,21,30,38,82,130,290,680,8200,8700,8800,13455,4,15,96.32874246470737,3.752135904505849,8788.369113113731,1650.8757339279077
1785166714,200,,Aggregated,51.800000,0.000000,15,21,30,38,82,140,290,700,8200,8700,8800,13491,4,15,99.08182610156787,3.752135904505849,8788.369113113731,1649.098361870877
1785166715,200,,Aggregated,56.100000,0.000000,15,21,31,38,82,130,290,720,8200,8800,8800,13624,4,15,102.08976792047663,3.752135904505849,8788.369113113731,1645.3505578391075
1785166716,200,,Aggregated,49.500000,0.000000,15,21,31,38,82,140,300,730,8200,8800,8800,13681,4,15,102.97630607284873,3.752135904505849,8788.369113113731,1642.3846941013085
1785166717,200,,Aggregated,57.300000,0.000000,15,21,31,38,82,140,300,730,8200,8800,8800,13728,4,15,103.85117638727749,3.752135904505849,8788.369113113731,1644.4802593240092
1785166718,200,,Aggregated,58.100000,0.000000,15,21,30,38,82,140,300,740,8200,8800,8800,13785,4,15,104.06960813826207,3.752135904505849,8788.369113113731,1643.2303228146536
1785166719,200,,Aggregated,58.200000,0.000000,15,21,31,38,82,130,300,740,8200,8800,8800,13909,4,15,105.22775052906968,3.752135904505849,8788.369113113731,1636.4776044287871
1785166720,200,,Aggregated,57.900000,0.000000,15,21,30,38,82,130,300,740,8200,8800,8800,13993,4,15,104.69154513400494,3.752135904505849,8788.369113113731,1634.4043450296576
1785166721,200,,Aggregated,58.600000,0.000000,15,21,30,38,81,130,290,740,8200,8800,8800,14067,4,15,104.27397499606106,3.752135904505849,8788.369113113731,1635.0502594725244
1785166722,200,,Aggregated,63.000000,0.000000,15,21,30,38,81,130,290,730,8200,8800,8800,14109,4,15,104.08580570585154,3.752135904505849,8788.369113113731,1635.411439506698
1785166723,200,,Aggregated,67.000000,0.000000,15,21,30,38,81,130,290,730,8200,8800,8800,14174,4,15,103.6845379275544,3.752135904505849,8788.369113113731,1637.2220262452377
1785166724,200,,Aggregated,66.300000,0.000000,15,21,30,38,81,130,290,730,8200,8800,8800,14224,4,15,103.37158756670951,3.752135904505849,8788.369113113731,1636.4176040494938
1785166725,200,,Aggregated,66.000000,0.000000,15,21,30,37,81,130,290,730,8200,8800,8800,14277,4,15,103.04796878632216,3.752135904505849,8788.369113113731,1635.0248651677523
1785166726,200,,Aggregated,70.100000,0.000000,15,21,30,37,81,130,290,720,8200,8800,8800,14349,4,15,102.61008714459625,3.752135904505849,8788.369113113731,1631.798313471322
1785166727,200,,Aggregated,61.800000,0.000000,15,21,30,38,81,130,290,720,8200,8800,8800,14404,4,15,102.54404093050293,3.752135904505849,8788.369113113731,1632.3318522632603
1785166728,200,,Aggregated,62.100000,0.000000,15,21,30,38,81,130,290,720,8200,8800,8800,14457,4,15,102.30332703277828,3.752135904505849,8788.369113113731,1629.769039219755
1785166729,200,,Aggregated,64.100000,0.000000,15,21,30,38,81,130,290,720,8200,8800,8800,14526,4,15,102.45889995813766,3.752135904505849,8788.369113113731,1626.2237367479004
1785166730,200,,Aggregated,63.700000,0.000000,15,21,30,37,81,130,290,720,8200,8800,8800,14590,4,15,102.63599157180175,3.752135904505849,8788.369113113731,1621.7981494174091
1785166731,200,,Aggregated,62.200000,0.000000,15,21,30,37,80,130,290,720,8200,8800,8800,14654,4,15,102.27429199909088,3.752135904505849,8788.369113113731,1618.8562849733862
1785166732,200,,Aggregated,60.100000,0.000000,15,21,30,37,80,130,290,720,8200,8800,8800,14666,4,15,102.20880025568039,3.752135904505849,8788.369113113731,1619.7391926905768
1785166733,200,,Aggregated,56.800000,0.000000,15,21,30,37,81,130,290,720,8200,8800,8800,14750,4,15,101.8990104516684,3.752135904505849,8788.369113113731,1618.4715254237287
1785166734,200,,Aggregated,57.700000,0.000000,15,21,30,37,81,130,290,720,8200,8800,8800,14822,4,15,102.58465832412985,3.752135904505849,8788.369113113731,1617.4629604641748
1785166735,200,,Aggregated,57.000000,0.000000,15,21,30,37,81,130,290,730,8200,8800,8800,14878,4,15,103.3490768817099,3.752135904505849,8788.369113113731,1615.023591880629
1785166736,200,,Aggregated,57.600000,0.000000,15,21,30,37,80,130,290,730,8200,8800,8800,14914,4,15,103.1356305924779,3.752135904505849,8788.369113113731,1613.6412766528094
1785166737,200,,Aggregated,60.100000,0.000000,15,21,30,37,80,130,290,730,8200,8800,8800,14962,4,15,103.46848123778523,3.752135904505849,8788.369113113731,1612.1915519315598
1785166738,200,,Aggregated,58.800000,0.000000,15,21,30,37,81,130,290,730,8200,8800,8800,15046,4,15,103.72544047777694,3.752135904505849,8788.369113113731,1609.4857104878372
1785166739,200,,Aggregated,56.400000,0.000000,15,21,30,37,81,130,290,730,8200,8800,8800,15094,4,15,103.44075452879652,3.752135904505849,8788.369113113731,1609.1804028090633
1785166740,200,,Aggregated,57.800000,0.000000,15,21,30,37,80,130,290,730,8200,8800,8800,15166,4,15,103.58080818885492,3.752135904505849,8788.369113113731,1607.3892259000395
1785166742,200,,Aggregated,58.500000,0.000000,15,21,30,37,80,130,290,740,8200,8800,8800,15245,4,15,104.21643262503319,3.752135904505849,8788.369113113731,1608.867366349623
1785166743,200,,Aggregated,57.200000,0.000000,15,21,30,37,81,130,290,730,8200,8800,8800,15352,4,15,103.80810825674384,3.752135904505849,8788.369113113731,1606.5582985930173
1785166744,200,,Aggregated,58.600000,0.000000,15,21,30,37,80,130,290,730,8200,8800,8800,15426,4,15,103.39806627599724,3.752135904505849,8788.369113113731,1603.874367950214
1785166745,200,,Aggregated,61.700000,0.000000,15,21,30,37,80,130,280,730,8200,8800,8800,15484,4,15,103.0710104362142,3.752135904505849,8788.369113113731,1603.010333247223
1785166746,200,,Aggregated,62.900000,0.000000,15,21,30,37,80,130,280,720,8200,8800,8800,15539,4,15,102.79271185613086,3.752135904505849,8788.369113113731,1604.262886929661
1785166747,200,,Aggregated,62.300000,0.000000,15,21,30,37,81,130,280,720,8200,8800,8800,15648,4,15,102.42140620607876,3.752135904505849,8788.369113113731,1600.3453476482618
1785166748,200,,Aggregated,62.500000,0.000000,15,21,30,37,80,130,280,720,8200,8800,8800,15706,4,15,102.1025062786368,3.752135904505849,8788.369113113731,1598.2411180440597
1785166749,200,,Aggregated,61.500000,0.000000,15,21,30,37,80,130,280,720,8200,8800,8800,15766,4,15,101.76668632776136,3.752135904505849,8788.369113113731,1597.3286185462387
1785166750,200,,Aggregated,65.700000,0.000000,15,21,30,37,80,130,280,710,8200,8800,8800,15829,4,15,101.44989583002621,3.752135904505849,8788.369113113731,1597.4173352707057
1785166751,200,,Aggregated,65.900000,0.000000,15,21,30,37,81,130,280,710,8200,8800,8800,15882,4,15,101.40568012648265,3.752135904505849,8788.369113113731,1597.8038030474752
1785166752,200,,Aggregated,66.700000,0.000000,15,21,30,37,80,130,280,710,8200,8800,8800,15938,4,15,101.11251945672167,3.752135904505849,8788.369113113731,1599.574601581127
1785166753,200,,Aggregated,65.400000,0.000000,15,21,30,37,80,130,280,710,8200,8800,8800,15988,4,15,100.85236524061754,3.752135904505849,8788.369113113731,1602.4251313485113
1785166755,200,,Aggregated,64.300000,0.000000,15,21,30,37,80,130,280,700,8200,8800,8800,16069,4,15,100.42213413865127,3.752135904505849,8788.369113113731,1601.8568050283154
1785166756,200,,Aggregated,61.400000,0.000000,15,21,30,37,80,130,280,700,8200,8800,8800,16122,4,15,100.14713340554842,3.752135904505849,8788.369113113731,1599.2450688500187
1785166757,200,,Aggregated,60.800000,0.000000,15,21,30,37,80,130,280,690,8200,8800,8800,16212,4,15,99.95740874736912,3.752135904505849,8788.369113113731,1597.5848754009376
1785166758,200,,Aggregated,60.800000,0.000000,15,21,30,37,80,130,280,690,8200,8800,8800,16261,4,15,99.69976716648519,3.752135904505849,8788.369113113731,1600.3208289773077
1785166759,200,,Aggregated,66.500000,0.000000,15,21,30,37,80,130,280,690,8200,8800,8800,16346,4,15,99.26647145835136,3.752135904505849,8788.369113113731,1599.44047473388
1785166760,200,,Aggregated,59.600000,0.000000,15,21,30,37,80,130,270,680,8200,8800,8800,16407,4,15,98.95120469538868,3.752135904505849,8788.369113113731,1598.4727860059731
1785166761,200,,Aggregated,63.000000,0.000000,15,21,30,37,80,130,270,690,8200,8800,8800,16482,4,15,98.83021848683549,3.752135904505849,8788.369113113731,1596.97591311734
1785166762,200,,Aggregated,62.000000,0.000000,15,21,30,37,80,130,270,680,8200,8800,8800,16551,4,15,98.51394480167296,3.752135904505849,8788.369113113731,1595.1397498640565
1785166763,200,,Aggregated,63.600000,0.000000,15,21,30,37,80,130,270,680,8200,8800,8800,16609,4,15,98.22702625274016,3.752135904505849,8788.369113113731,1594.0627370702632
1785166764,200,,Aggregated,64.300000,0.000000,15,21,30,37,80,130,270,680,8200,8800,8800,16697,4,15,97.81370198417378,3.752135904505849,8788.369113113731,1590.779481343954
1785166765,200,,Aggregated,66.400000,0.000000,15,21,30,37,80,130,270,680,8200,8800,8800,16747,4,15,97.71299363260086,3.752135904505849,8788.369113113731,1591.216456678808
1785166766,200,,Aggregated,67.800000,0.000000,15,21,30,37,80,130,270,680,8200,8800,8800,16820,4,15,97.49738341793983,3.752135904505849,8788.369113113731,1590.9945897740786
1785166767,200,,Aggregated,64.200000,0.000000,15,21,30,37,80,130,270,680,8200,8800,8800,16906,4,15,97.08870314144549,3.752135904505849,8788.369113113731,1587.2751685792027
1785166768,200,,Aggregated,68.300000,0.000000,15,21,30,37,80,130,270,680,8200,8800,8800,16960,4,15,96.83550762895051,3.752135904505849,8788.369113113731,1586.9791863207547
1785166769,200,,Aggregated,68.100000,0.000000,15,21,30,37,80,130,270,680,8200,8800,8800,17000,4,15,96.64422180274885,3.752135904505849,8788.369113113731,1586.352705882353
1785166770,200,,Aggregated,69.600000,0.000000,15,21,30,37,79,120,270,680,8200,8800,8800,17109,4,15,96.2147296412752,3.752135904505849,8788.369113113731,1583.870828219066
1785166771,200,,Aggregated,65.500000,0.000000,15,21,30,37,79,120,260,680,8200,8800,8800,17159,4,15,95.98415370886629,3.752135904505849,8788.369113113731,1583.1343901159742
1785166772,200,,Aggregated,66.500000,0.000000,15,21,30,37,79,120,260,670,8200,8800,8800,17232,4,15,95.69415235312835,3.752135904505849,8788.369113113731,1579.3891597028783
1785166774,200,,Aggregated,65.700000,0.000000,15,21,30,37,79,120,260,670,8200,8800,8800,17296,4,15,95.40063074523833,3.752135904505849,8788.369113113731,1577.2082562442183
1785166775,200,,Aggregated,66.300000,0.000000,15,21,30,37,80,120,260,680,8200,8800,8800,17378,4,15,95.32034006628142,3.752135904505849,8788.369113113731,1579.2709747957188
1785166776,200,,Aggregated,63.000000,0.000000,15,21,30,37,80,120,260,670,8200,8800,8800,17439,4,15,95.05917972256661,3.752135904505849,8788.369113113731,1579.215379322209
1785166777,200,,Aggregated,66.300000,0.000000,15,21,30,37,79,120,260,670,8200,8800,8800,17489,4,15,94.84207651881586,3.752135904505849,8788.369113113731,1577.5570930299045
1785166778,200,,Aggregated,63.000000,0.000000,15,21,30,37,79,120,260,670,8200,8800,8800,17592,4,15,94.39334328130018,3.752135904505849,8788.369113113731,1574.8608458390177
1785166779,200,,Aggregated,59.400000,0.000000,15,21,30,37,79,120,260,670,8200,8800,8800,17683,4,15,94.16460306045543,3.752135904505849,8788.369113113731,1573.9831476559407
1785166780,200,,Aggregated,64.000000,0.000000,15,21,30,37,79,120,260,670,8200,8800,8800,17743,4,15,93.92151350716009,3.752135904505849,8788.369113113731,1571.3646508482218
1785166781,200,,Aggregated,65.800000,0.000000,15,21,30,37,79,120,260,670,8200,8800,8800,17793,4,15,93.7028309201164,3.752135904505849,8788.369113113731,1573.9052436351374
1785166782,200,,Aggregated,63.700000,0.000000,15,21,30,37,79,120,250,670,8200,8800,8800,17838,5,15,93.52014543761315,3.752135904505849,8788.369113113731,1573.157977351721
1785166784,200,,Aggregated,64.700000,0.000000,15,21,30,37,79,120,250,670,8200,8800,8800,17885,5,15,93.3119803748172,3.752135904505849,8788.369113113731,1572.5388873357563
1785166785,200,,Aggregated,59.700000,0.100000,15,21,30,37,79,120,250,670,8200,8800,8800,17995,5,15,92.95139101928575,3.752135904505849,8788.369113113731,1570.884579049736
1785166786,200,,Aggregated,58.900000,0.100000,15,21,30,37,79,120,250,670,8200,8800,8800,18054,5,15,92.70264566431587,3.752135904505849,8788.369113113731,1570.725711753628
1785166787,200,,Aggregated,61.800000,0.100000,15,21,30,37,78,120,250,670,8200,8800,8800,18092,5,15,92.54311048365248,3.752135904505849,8788.369113113731,1571.2344682732698
1785166788,200,,Aggregated,60.400000,0.100000,15,21,30,37,78,120,250,670,8200,8800,8800,18136,5,15,93.68043490425937,3.752135904505849,8788.369113113731,1573.1072452580504
1785166789,200,,Aggregated,60.400000,0.100000,15,21,30,37,78,120,250,670,8200,8800,8800,18176,5,15,94.40677240937976,3.752135904505849,8788.369113113731,1571.8828675176057
1785166790,200,,Aggregated,54.300000,0.100000,15,21,30,37,79,120,260,690,8200,8800,8800,18285,5,15,99.00035268722863,3.752135904505849,8788.369113113731,1570.4707683893903
1785166791,200,,Aggregated,52.300000,0.100000,15,21,30,37,79,120,260,690,8200,8800,8800,18348,5,15,99.59172619983748,3.752135904505849,8788.369113113731,1568.9495857859167
1785166792,200,,Aggregated,56.300000,0.100000,15,21,30,37,78,120,260,700,8200,8800,8800,18412,5,15,100.18333105151937,3.752135904505849,8788.369113113731,1568.8783402129047
1785166793,200,,Aggregated,55.200000,0.100000,15,21,30,37,78,120,270,700,8200,8800,8800,18463,5,15,100.82317096648464,3.752135904505849,8788.369113113731,1569.607701890267
1785166794,200,,Aggregated,57.400000,0.100000,15,21,30,37,79,120,270,710,8200,8800,8800,18567,5,15,101.8386393824075,3.752135904505849,8788.369113113731,1567.8635213012333
1785166795,200,,Aggregated,58.800000,0.000000,15,21,30,37,78,120,270,710,8200,8800,8800,18638,5,15,101.50695850157537,3.752135904505849,8788.369113113731,1565.624047644597
1785166796,200,,Aggregated,60.500000,0.000000,15,21,30,37,78,120,270,710,8200,8800,8800,18678,5,15,101.31809955688139,3.752135904505849,8788.369113113731,1568.0782203662063
1785166797,200,,Aggregated,57.600000,0.000000,15,21,30,36,78,120,270,700,8200,8800,8800,18723,5,15,101.11316340214508,3.752135904505849,8788.369113113731,1570.577418148801
1785166799,200,,Aggregated,60.300000,0.000000,15,21,30,36,78,120,270,700,8200,8800,8800,18751,5,15,100.99265636569228,3.752135904505849,8788.369113113731,1570.5355447709455
1785166800,200,,Aggregated,59.900000,0.000000,15,21,30,37,78,120,260,700,8200,8800,8800,18852,5,15,100.71085262028683,3.752135904505849,8788.369113113731,1572.6316040738384
1785166801,200,,Aggregated,57.500000,0.000000,15,21,30,37,78,120,260,700,8200,8800,8800,18920,5,15,100.4021044192938,3.752135904505849,8788.369113113731,1571.787843551797
1785166802,200,,Aggregated,58.200000,0.000000,15,21,30,36,78,120,260,700,8200,8800,8800,18991,5,15,100.08933278187655,3.752135904505849,8788.369113113731,1569.7122321099469
1785166803,200,,Aggregated,58.700000,0.000000,15,21,30,36,77,120,260,700,8200,8800,8800,19044,5,15,99.85105857288823,3.752135904505849,8788.369113113731,1570.7111951270742
1785166804,200,,Aggregated,58.400000,0.000000,15,21,30,37,78,120,260,700,8200,8800,8800,19139,5,15,99.68880410329756,3.752135904505849,8788.369113113731,1569.5105282407649
1785166805,200,,Aggregated,58.700000,0.000000,15,21,30,37,78,120,260,690,8200,8800,8800,19206,5,15,99.39477887758846,3.752135904505849,8788.369113113731,1568.9354889097158
1785166806,200,,Aggregated,59.000000,0.000000,15,21,30,36,78,120,260,690,8200,8800,8800,19255,5,15,99.17766078838643,3.752135904505849,8788.369113113731,1567.5153466632044
1785166807,200,,Aggregated,58.400000,0.000000,15,21,30,36,78,120,260,690,8200,8800,8800,19298,5,15,98.98929622096495,3.752135904505849,8788.369113113731,1568.4438283759976
1785166809,200,,Aggregated,57.500000,0.000000,15,21,29,36,78,120,260,690,8200,8800,8800,19331,5,15,98.84513112707512,3.752135904505849,8788.369113113731,1570.400289690135
1785166810,200,,Aggregated,57.300000,0.000000,15,21,30,37,78,120,260,690,8200,8800,8800,19435,5,15,99.46141011121888,3.752135904505849,8788.369113113731,1568.5323900180088
1785166811,200,,Aggregated,58.000000,0.000000,15,21,30,36,78,120,260,690,8200,8800,8800,19498,5,15,99.19527280080149,3.752135904505849,8788.369113113731,1567.0948302389988
1785166812,200,,Aggregated,58.200000,0.000000,15,21,30,36,78,120,260,690,8200,8800,8800,19558,5,15,98.94163567292455,3.752135904505849,8788.369113113731,1569.5183045301155
1785166813,200,,Aggregated,58.300000,0.000000,15,20,29,36,77,120,260,690,8200,8800,8800,19605,5,15,98.73652231104737,3.752135904505849,8788.369113113731,1569.9036470288193
1785166814,200,,Aggregated,56.900000,0.000000,15,21,30,36,78,120,260,690,8200,8800,8800,19667,5,15,98.6033753857776,3.752135904505849,8788.369113113731,1569.3947221233539
1785166815,200,,Aggregated,55.700000,0.000000,15,21,30,36,78,120,250,690,8200,8800,8800,19741,5,15,98.34125044935712,3.752135904505849,8788.369113113731,1569.7233169545616
1785166816,200,,Aggregated,54.500000,0.000000,15,21,29,36,78,120,250,690,8200,8800,8800,19786,5,15,98.1508528897598,3.752135904505849,8788.369113113731,1572.733902759527
1785166817,200,,Aggregated,57.500000,0.000000,15,20,29,36,77,120,250,690,8200,8800,8800,19845,5,15,97.90505502905869,3.752135904505849,8788.369113113731,1573.7424540186446
1785166818,200,,Aggregated,56.000000,0.000000,15,20,29,36,77,120,250,690,8200,8800,8800,19889,5,15,98.12508927524699,3.752135904505849,8788.369113113731,1574.6336165719745
1785166819,200,,Aggregated,57.100000,0.000000,15,21,30,36,78,120,250,690,8200,8800,8800,19951,5,15,98.0425710892393,3.752135904505849,8788.369113113731,1572.2203899553906
1785166820,200,,Aggregated,57.600000,0.000000,15,21,29,36,77,120,250,690,8200,8700,8800,20004,5,15,98.2315143351673,3.752135904505849,8788.369113113731,1575.7252549490102
1785166821,200,,Aggregated,58.300000,0.000000,15,20,29,36,77,120,250,690,8200,8700,8800,20072,5,15,97.9533344116885,3.752135904505849,8788.369113113731,1574.3634914308489
1785166822,200,,Aggregated,57.100000,0.000000,15,20,29,36,77,120,250,690,8200,8700,8800,20152,5,15,97.63216313540408,3.752135904505849,8788.369113113731,1573.7207721317984
1785166823,200,,Aggregated,56.300000,0.000000,15,20,29,36,77,120,250,690,8200,8700,8800,20204,5,15,97.43814080089714,3.752135904505849,8788.369113113731,1575.5996337358938
1785166824,200,,Aggregated,59.100000,0.000000,15,21,29,36,77,120,250,690,8200,8700,8800,20288,5,15,97.24747983003427,3.752135904505849,8788.369113113731,1578.0884759463722
1785166825,200,,Aggregated,57.700000,0.000000,15,20,29,36,77,120,250,680,8200,8700,8800,20342,5,15,97.03031209611414,3.752135904505849,8788.369113113731,1579.8597483040016
1785166826,200,,Aggregated,62.100000,0.000000,15,20,29,36,77,120,250,690,8200,8700,8800,20394,5,15,97.21525315085448,3.752135904505849,8788.369113113731,1578.0214278709425
1785166827,200,,Aggregated,57.300000,0.000000,15,20,29,36,77,120,250,690,8200,8700,8800,20427,5,15,97.88719629079426,3.752135904505849,8788.369113113731,1578.797816615264
1785166829,200,,Aggregated,57.400000,0.000000,15,20,29,36,77,120,250,690,8200,8700,8800,20483,5,15,97.67362197806924,3.752135904505849,8788.369113113731,1576.9458575403994
1785166830,200,,Aggregated,56.000000,0.000000,15,20,29,36,77,120,250,690,8200,8700,8800,20564,5,15,97.8310109695202,3.752135904505849,8788.369113113731,1575.8536763275627
1785166831,200,,Aggregated,56.900000,0.000000,15,20,29,36,77,120,250,690,8200,8700,8800,20620,5,15,98.01102829296512,3.752135904505849,8788.369113113731,1577.1231813773036
1785166832,200,,Aggregated,55.100000,0.000000,15,20,29,36,77,120,250,690,8200,8700,8800,20687,7,15,97.75325472327717,3.0495929531753063,8788.369113113731,1576.484168801663
1785166833,200,,Aggregated,54.800000,0.000000,15,20,29,36,76,120,250,690,8200,8700,8800,20757,7,15,97.49203524056496,3.0495929531753063,8788.369113113731,1576.0586308233367
1785166834,200,,Aggregated,53.800000,0.200000,15,20,29,36,76,120,250,690,8200,8700,8800,20812,7,15,97.73315195592374,3.0495929531753063,8788.369113113731,1575.8144820295984
1785166835,200,,Aggregated,56.000000,0.200000,15,20,29,36,76,120,250,690,8200,8700,8800,20886,7,15,97.47884596882726,3.0495929531753063,8788.369113113731,1575.2246002106674
1785166836,200,,Aggregated,52.500000,0.200000,15,20,29,36,76,120,250,680,8200,8700,8800,20939,7,15,97.27548949330252,3.0495929531753063,8788.369113113731,1574.597258703854
1785166837,200,,Aggregated,56.400000,0.200000,15,20,29,36,76,120,250,680,8200,8700,8800,20991,7,15,97.07132925404423,3.0495929531753063,8788.369113113731,1574.4197036825306
1785166838,200,,Aggregated,56.900000,0.200000,15,20,29,36,76,120,240,680,8200,8700,8800,21030,7,15,96.9195944885048,3.0495929531753063,8788.369113113731,1574.3016642891107
1785166839,200,,Aggregated,56.900000,0.200000,15,20,29,36,76,120,240,680,8200,8700,8800,21057,7,15,96.81237949283626,3.0495929531753063,8788.369113113731,1575.0515268081872
1785166840,200,,Aggregated,57.700000,0.200000,15,20,29,36,76,120,240,680,8200,8700,8800,21167,7,15,96.5637691310101,3.0495929531753063,8788.369113113731,1570.210043936316
1785166841,200,,Aggregated,57.400000,0.200000,15,20,29,36,76,120,240,680,8200,8700,8800,21219,7,15,96.36855979478663,3.0495929531753063,8788.369113113731,1570.0587209576322
1785166842,200,,Aggregated,58.700000,0.200000,15,20,29,36,76,120,240,680,8200,8700,8800,21277,7,15,96.14616306761275,3.0495929531753063,8788.369113113731,1568.7164073882595
1785166843,200,,Aggregated,59.900000,0.200000,15,20,29,36,76,120,240,680,8200,8700,8800,21314,7,15,96.07097408429269,3.0495929531753063,8788.369113113731,1569.8120015013606
1785166844,200,,Aggregated,59.900000,0.200000,15,20,29,36,76,120,240,680,8200,8700,8800,21347,7,15,95.94981291651536,3.0495929531753063,8788.369113113731,1568.9669742821006
1785166845,200,,Aggregated,56.200000,0.000000,15,20,29,36,75,120,240,680,8200,8700,8800,21438,7,15,95.71362334494141,3.0495929531753063,8788.369113113731,1568.1937680753801
1785166846,200,,Aggregated,57.600000,0.000000,15,20,29,36,75,120,240,680,8200,8700,8800,21500,7,15,95.48720828963573,3.0495929531753063,8788.369113113731,1567.4963255813952
1785166847,200,,Aggregated,54.400000,0.000000,15,20,29,36,75,120,240,680,8200,8700,8800,21548,7,15,95.3141075743146,3.0495929531753063,8788.369113113731,1567.2147763133469
1785166848,200,,Aggregated,55.700000,0.000000,15,20,29,36,75,120,240,680,8200,8700,8800,21636,7,15,95.00267295585506,3.0495929531753063,8788.369113113731,1566.443150305047
1785166849,200,,Aggregated,55.900000,0.000000,15,20,29,36,75,120,240,680,8200,8700,8800,21727,7,15,94.86062248596981,3.0495929531753063,8788.369113113731,1564.5472913885949
1785166850,200,,Aggregated,56.600000,0.000000,15,20,29,36,75,120,240,680,8200,8700,8800,21791,7,15,94.63520127363219,3.0495929531753063,8788.369113113731,1563.8654949290992
1785166851,200,,Aggregated,58.200000,0.000000,15,20,29,36,75,110,240,670,8200,8700,8800,21852,7,15,94.42602974639401,3.0495929531753063,8788.369113113731,1562.3312740252609
1785166852,200,,Aggregated,61.200000,0.000000,15,20,29,36,75,110,240,670,8200,8700,8800,21924,7,15,94.18313771841326,3.0495929531753063,8788.369113113731,1561.1325488049627
1785166853,200,,Aggregated,60.500000,0.000000,15,20,29,36,75,110,240,670,8200,8700,8800,21959,7,15,94.11885849129743,3.0495929531753063,8788.369113113731,1562.186483901817
1785166854,200,,Aggregated,63.200000,0.000000,15,20,29,36,75,110,240,670,8200,8700,8800,22022,7,15,93.90329739717298,3.0495929531753063,8788.369113113731,1559.932930705658
1785166855,200,,Aggregated,64.300000,0.000000,15,20,29,36,75,110,240,670,8200,8700,8800,22082,7,15,93.70651501989214,3.0495929531753063,8788.369113113731,1559.4177610723666
1785166856,200,,Aggregated,64.000000,0.000000,15,20,29,36,75,110,240,670,8200,8700,8800,22116,7,15,93.58736450120578,3.0495929531753063,8788.369113113731,1559.6141707361187
1785166857,200,,Aggregated,63.300000,0.000000,15,20,29,36,75,110,240,670,8200,8700,8800,22165,7,15,93.43268148444119,3.0495929531753063,8788.369113113731,1560.5292578389353
1785166858,200,,Aggregated,61.600000,0.000000,15,20,29,36,75,110,240,670,8200,8700,8800,22225,7,15,93.22572727175377,3.0495929531753063,8788.369113113731,1560.3772328458942
1785166860,200,,Aggregated,60.400000,0.000000,15,20,29,36,75,110,240,670,8200,8700,8800,22318,7,15,93.23952861704605,3.0495929531753063,8788.369113113731,1560.5316784658123
1785166861,200,,Aggregated,58.600000,0.000000,15,20,29,36,75,110,240,670,8200,8700,8800,22349,7,15,93.13247363781525,3.0495929531753063,8788.369113113731,1562.1174101749518
1785166862,200,,Aggregated,56.900000,0.000000,15,20,29,36,75,110,240,660,8200,8700,8800,22432,7,15,92.85379453813506,3.0495929531753063,8788.369113113731,1560.5526034236805
1785166863,200,,Aggregated,54.100000,0.000000,15,20,29,36,75,110,240,670,8200,8700,8800,22479,7,15,93.06375767317117,3.0495929531753063,8788.369113113731,1562.3157613772855
1785166864,200,,Aggregated,54.100000,0.000000,15,20,29,36,75,110,240,660,8200,8700,8800,22522,7,15,92.91135868615733,3.0495929531753063,8788.369113113731,1561.20939525797
1785166865,200,,Aggregated,54.100000,0.000000,15,21,29,36,76,120,240,680,8200,8700,8800,22641,7,15,95.26159444653648,3.0495929531753063,8788.369113113731,1561.3659290667374
1785166866,200,,Aggregated,53.500000,0.000000,15,21,29,36,76,120,240,680,8200,8700,8800,22705,7,15,95.38826970922916,3.0495929531753063,8788.369113113731,1558.8894957057917
1785166867,200,,Aggregated,57.400000,0.000000,15,20,29,36,76,120,240,680,8200,8700,8800,22761,7,15,96.60993547063704,3.0495929531753063,8788.369113113731,1559.5058213611
1785166869,200,,Aggregated,57.300000,0.000000,15,20,29,36,76,120,250,680,8200,8700,8800,22815,7,15,97.84720033905631,3.0495929531753063,8788.369113113731,1559.0869603331141
1785166870,200,,Aggregated,58.900000,0.000000,15,21,30,36,77,120,250,700,8200,8700,8800,22922,7,15,100.24742309370795,3.0495929531753063,8788.369113113731,1557.4598202600123
1785166871,200,,Aggregated,59.000000,0.000000,15,21,30,36,77,120,250,700,8200,8700,8800,22989,7,15,100.72577896431447,3.0495929531753063,8788.369113113731,1557.52790465005
1785166872,200,,Aggregated,59.800000,0.000000,15,21,29,36,76,120,250,700,8200,8700,8800,23060,7,15,100.81821095186478,3.0495929531753063,8788.369113113731,1555.952298352125
1785166873,200,,Aggregated,59.800000,0.000000,15,21,29,36,76,120,250,700,8200,8700,8800,23101,7,15,100.67523581871515,3.0495929531753063,8788.369113113731,1555.2135405393706
1785166874,200,,Aggregated,61.400000,0.000000,15,21,29,36,76,120,250,700,8200,8700,8800,23173,7,15,100.45223409910301,3.0495929531753063,8788.369113113731,1555.5593578733872
1785166875,200,,Aggregated,62.400000,0.000000,15,21,29,36,76,120,250,700,8200,8700,8800,23225,7,15,100.25899164318493,3.0495929531753063,8788.369113113731,1555.7377395048438
1785166876,200,,Aggregated,62.600000,0.000000,15,21,29,36,76,120,250,690,8200,8700,8800,23305,7,15,99.97981885589765,3.0495929531753063,8788.369113113731,1554.1130229564471
1785166877,200,,Aggregated,57.900000,0.000000,15,21,29,36,76,120,250,690,8200,8700,8800,23379,7,15,99.71399961712531,3.0495929531753063,8788.369113113731,1554.3062577526841
1785166878,200,,Aggregated,59.600000,0.000000,15,21,29,36,76,120,250,690,8200,8700,8800,23417,7,15,99.65302011542558,3.0495929531753063,8788.369113113731,1553.8969552034846
1785166879,200,,Aggregated,60.200000,0.000000,15,21,29,36,76,120,250,690,8200,8700,8800,23503,7,15,99.51968362993327,3.0495929531753063,8788.369113113731,1551.5340169340084
1785166880,200,,Aggregated,61.700000,0.000000,15,21,29,36,76,120,250,690,8200,8700,8800,23570,7,15,99.28749793242326,3.0495929531753063,8788.369113113731,1551.152184980908
1785166881,200,,Aggregated,63.800000,0.000000,15,21,29,36,76,120,250,690,8200,8700,8800,23630,7,15,99.08820078133792,3.0495929531753063,8788.369113113731,1549.5834109183243
1785166882,200,,Aggregated,60.400000,0.000000,15,21,29,36,76,120,250,690,8200,8700,8800,23687,7,15,98.89513639861254,3.0495929531753063,8788.369113113731,1548.0434837674675
1785166883,200,,Aggregated,61.600000,0.000000,15,21,29,36,76,120,250,690,8200,8700,8800,23770,7,15,98.74494497176083,3.0495929531753063,8788.369113113731,1546.3700462768195
1785166885,200,,Aggregated,60.500000,0.000000,15,21,29,36,76,120,240,690,8200,8700,8800,23822,7,15,98.56409367063115,3.0495929531753063,8788.369113113731,1547.9884140710267
1785166886,200,,Aggregated,62.300000,0.000000,15,21,29,36,76,120,240,690,8200,8700,8800,23894,7,15,98.3693792512355,3.0495929531753063,8788.369113113731,1547.1863647777684
1785166887,200,,Aggregated,62.700000,0.000000,15,21,29,36,76,120,240,690,8200,8700,8800,23966,7,15,98.13022008838969,3.0495929531753063,8788.369113113731,1545.4037386297255
1785166888,200,,Aggregated,62.500000,0.000000,15,21,29,36,76,120,240,690,8200,8700,8800,24018,7,15,98.0817616495174,3.0495929531753063,8788.369113113731,1547.0933466566742
1785166889,200,,Aggregated,63.900000,0.000000,15,21,29,36,76,120,240,690,8200,8700,8800,24081,7,15,97.86975061933823,3.0495929531753063,8788.369113113731,1545.0218429467216
1785166890,200,,Aggregated,61.000000,0.000000,15,21,29,36,76,120,240,680,8200,8700,8800,24131,7,15,97.71219559053519,3.0495929531753063,8788.369113113731,1546.3386100866105
1785166891,200,,Aggregated,62.500000,0.000000,15,21,29,36,76,120,240,680,8200,8700,8800,24199,7,15,97.48033978247385,3.0495929531753063,8788.369113113731,1545.6927972230258
1785166892,200,,Aggregated,60.800000,0.000000,15,21,29,36,75,120,240,680,8200,8700,8800,24261,7,15,97.29355046273237,3.0495929531753063,8788.369113113731,1545.2429001277771
1785166893,200,,Aggregated,61.300000,0.000000,15,21,29,36,76,120,240,680,8200,8700,8800,24323,7,15,97.22074052124687,3.0495929531753063,8788.369113113731,1544.6215516178104
1785166894,200,,Aggregated,59.000000,0.000000,15,21,29,36,76,120,240,680,8200,8700,8800,24363,7,15,97.08333701619978,3.0495929531753063,8788.369113113731,1545.4078725936872
1785166895,200,,Aggregated,60.700000,0.000000,15,21,29,36,75,120,240,680,8200,8700,8800,24418,7,15,96.89978405561148,3.0495929531753063,8788.369113113731,1544.8646899827995
1785166896,200,,Aggregated,58.100000,0.000000,15,21,29,36,75,120,240,680,8200,8700,8800,24481,7,15,96.7066210196081,3.0495929531753063,8788.369113113731,1543.5232629386055
1785166897,200,,Aggregated,58.800000,0.000000,15,21,29,36,75,110,240,680,8200,8700,8800,24561,7,15,96.4421147723306,3.0495929531753063,8788.369113113731,1542.6446805911812
1785166898,200,,Aggregated,58.700000,0.000000,15,21,29,36,76,120,240,680,8200,8700,8800,24620,7,15,96.43635008847083,3.0495929531753063,8788.369113113731,1542.0130381803413
1785166899,200,,Aggregated,58.400000,0.000000,15,21,29,36,76,120,240,680,8200,8700,8800,24670,7,15,96.32095192205334,3.0495929531753063,8788.369113113731,1541.8685853263073
1785166900,200,,Aggregated,58.400000,0.000000,15,21,29,36,76,120,240,680,8200,8700,8800,24723,7,15,96.15629013328176,3.0495929531753063,8788.369113113731,1542.845083525462
1785166901,200,,Aggregated,58.600000,0.000000,15,21,29,36,76,120,240,680,8200,8700,8800,24777,7,15,95.97657763592538,3.0495929531753063,8788.369113113731,1542.7641764539694
1785166902,200,,Aggregated,57.700000,0.000000,15,21,29,36,75,120,240,680,8200,8700,8800,24858,7,15,95.7267604829926,3.0495929531753063,8788.369113113731,1541.1776892750825
1785166903,200,,Aggregated,56.400000,0.000000,15,21,29,36,76,120,240,680,8200,8700,8800,24924,7,15,96.60407648975932,3.0495929531753063,8788.369113113731,1540.558056491735
1785166904,200,,Aggregated,59.700000,0.000000,15,21,29,36,76,120,240,680,8200,8700,8800,24999,7,15,97.00841775973993,3.0495929531753063,8788.369113113731,1539.1583263330533
1785166905,200,,Aggregated,58.000000,0.000000,15,21,29,36,76,120,240,680,8200,8700,8800,25045,7,15,97.18254995847485,3.0495929531753063,8788.369113113731,1538.3180674785385
1785166906,200,,Aggregated,58.900000,0.000000,15,21,29,36,76,120,240,680,8200,8700,8800,25120,7,15,97.27912080666246,3.0495929531753063,8788.369113113731,1537.9110270700637
1785166907,200,,Aggregated,60.800000,0.000000,15,21,29,36,76,120,240,690,8200,8700,8800,25181,7,15,97.78865111570244,3.0495929531753063,8788.369113113731,1536.717485405663
1785166908,200,,Aggregated,58.000000,0.000000,15,21,29,36,75,120,240,680,8200,8700,8800,25245,7,15,97.58404022633106,3.0495929531753063,8788.369113113731,1535.6049118637354
1785166909,200,,Aggregated,58.300000,0.000000,15,21,29,36,75,110,240,680,8200,8700,8800,25305,7,15,97.41143875718934,3.0495929531753063,8788.369113113731,1537.911203319502
1785166910,200,,Aggregated,60.200000,0.000000,15,21,29,36,75,110,240,680,8200,8700,8800,25353,7,15,97.26813313599664,3.0495929531753063,8788.369113113731,1537.1353291523685
1785166911,200,,Aggregated,58.800000,0.000000,15,20,29,36,75,110,240,680,8200,8700,8800,25419,7,15,97.06412829888157,3.0495929531753063,8788.369113113731,1538.0463039458673
1785166912,200,,Aggregated,60.200000,0.000000,15,21,29,36,75,110,240,680,8200,8700,8800,25464,7,15,97.00659499585964,3.0495929531753063,8788.369113113731,1538.2452481935281
1785166913,200,,Aggregated,60.000000,0.000000,15,20,29,36,75,110,240,680,8200,8700,8800,25514,7,15,96.84735462949037,3.0495929531753063,8788.369113113731,1538.8829662146272
1785166914,200,,Aggregated,57.400000,0.000000,15,20,29,36,75,110,240,680,8200,8700,8800,25586,7,15,96.62817391371065,3.0495929531753063,8788.369113113731,1537.3693426092395
1785166916,200,,Aggregated,57.300000,0.000000,15,20,29,36,75,110,240,680,8200,8700,8800,25652,7,15,96.43986453414391,3.0495929531753063,8788.369113113731,1537.8312802120693
1785166917,200,,Aggregated,56.900000,0.000000,15,20,29,36,75,110,240,680,8200,8700,8800,25696,7,15,96.29914519039949,3.0495929531753063,8788.369113113731,1538.5173567870486
1785166918,200,,Aggregated,59.700000,0.000000,15,20,29,36,75,110,240,680,8200,8700,8800,25752,7,15,96.14361713485208,3.0495929531753063,8788.369113113731,1539.7226234855545
1785166919,200,,Aggregated,56.400000,0.000000,15,20,29,36,75,110,240,680,8200,8700,8800,25811,7,15,95.96050892199582,3.0495929531753063,8788.369113113731,1539.2858858626166
1785166920,200,,Aggregated,56.000000,0.000000,15,20,29,36,75,110,240,680,8200,8700,8800,25876,7,15,95.82678348656405,3.0495929531753063,8788.369113113731,1537.5692147163395
1785166921,200,,Aggregated,55.800000,0.000000,15,20,29,36,75,110,240,680,8200,8700,8800,25959,7,15,95.63336164415092,3.0495929531753063,8788.369113113731,1536.322701182634
1785166922,200,,Aggregated,56.300000,0.000000,15,20,29,36,75,110,240,670,8200,8700,8800,26014,7,15,95.46878329585105,3.0495929531753063,8788.369113113731,1535.8451987391404
1785166923,200,,Aggregated,59.800000,0.000000,15,21,29,36,75,110,240,670,8200,8700,8800,26124,7,15,95.30434755575392,3.0495929531753063,8788.369113113731,1534.1938447404684
1785166924,200,,Aggregated,59.200000,0.000000,15,21,29,36,75,110,240,670,8200,8700,8800,26156,7,15,95.20470496357486,3.0495929531753063,8788.369113113731,1533.834913595351
1785166925,200,,Aggregated,61.300000,0.000000,15,20,29,36,75,110,240,670,8200,8700,8800,26227,7,15,94.99134002420665,3.0495929531753063,8788.369113113731,1533.019178708964
1785166926,200,,Aggregated,61.900000,0.000000,15,20,29,36,75,110,240,670,8200,8700,8800,26286,7,15,94.81438790683055,3.0495929531753063,8788.369113113731,1533.2796165259074
1785166927,200,,Aggregated,58.800000,0.000000,15,20,29,36,75,110,240,670,8200,8700,8800,26328,7,15,94.73096195112649,3.0495929531753063,8788.369113113731,1533.5983363719233
1785166928,200,,Aggregated,59.800000,0.000000,15,20,29,36,75,110,240,670,8200,8700,8800,26385,7,15,94.56680050039985,3.0495929531753063,8788.369113113731,1532.524805760849
1785166929,200,,Aggregated,60.100000,0.000000,15,20,29,36,75,110,240,670,8200,8700,8800,26439,7,15,94.40262460150282,3.0495929531753063,8788.369113113731,1532.5591361246643
1785166930,200,,Aggregated,59.500000,0.000000,15,20,29,36,74,110,230,670,8200,8700,8800,26502,7,15,94.21541490374535,3.0495929531753063,8788.369113113731,1533.845822956758
1785166931,200,,Aggregated,58.700000,0.000000,15,20,29,36,74,110,230,670,8200,8700,8800,26564,7,15,94.03794540939809,3.0495929531753063,8788.369113113731,1533.118543893992
1785166932,200,,Aggregated,58.000000,0.000000,15,20,29,36,74,110,230,670,8200,8700,8800,26588,7,15,93.96667954582627,3.0495929531753063,8788.369113113731,1532.5700315932
1785166933,200,,Aggregated,55.800000,0.000000,15,20,29,36,75,110,240,670,8200,8700,8800,26701,7,15,93.8677864051916,3.0495929531753063,8788.369113113731,1533.1234785214037
1785166934,200,,Aggregated,56.400000,0.000000,15,20,29,36,75,110,240,670,8200,8700,8800,26768,7,15,93.66910281140278,3.0495929531753063,8788.369113113731,1531.783696951584
1785166935,200,,Aggregated,54.100000,0.000000,15,20,29,36,75,110,230,660,8200,8700,8800,26814,7,15,93.53140786423994,3.0495929531753063,8788.369113113731,1532.2547176847916
1785166937,200,,Aggregated,57.100000,0.000000,15,20,29,36,74,110,230,660,8200,8700,8800,26886,7,15,93.32824254526496,3.0495929531753063,8788.369113113731,1531.6774529494905
1785166938,200,,Aggregated,57.800000,0.000000,15,20,29,36,75,110,230,660,8200,8700,8800,26989,7,15,93.16922259350032,3.0495929531753063,8788.369113113731,1529.7151802586238
1785166939,200,,Aggregated,59.000000,0.000000,15,20,29,36,75,110,230,660,8200,8700,8800,27050,7,15,92.99227033602332,3.0495929531753063,8788.369113113731,1529.7107948243993
1785166940,200,,Aggregated,63.900000,0.000000,15,20,29,36,75,110,230,660,8200,8700,8800,27086,7,15,92.88721577331795,3.0495929531753063,8788.369113113731,1530.2109576903197
1785166941,200,,Aggregated,63.500000,0.000000,15,20,29,36,75,110,230,670,8200,8700,8800,27155,7,15,93.90644660933604,3.0495929531753063,8788.369113113731,1528.7904621616644
1785166942,200,,Aggregated,63.500000,0.000000,15,20,29,36,75,110,230,670,8200,8700,8800,27181,7,15,94.1350879113385,3.0495929531753063,8788.369113113731,1529.7207240351715
1785166943,200,,Aggregated,62.500000,0.000000,15,20,29,36,75,110,230,670,8200,8700,8800,27282,7,15,94.55027752053583,3.0495929531753063,8788.369113113731,1528.7486621215453
1785166944,200,,Aggregated,60.500000,0.000000,15,20,29,36,75,110,240,670,8200,8700,8800,27334,7,15,95.2768635979029,3.0495929531753063,8788.369113113731,1528.5179263920393
1785166945,200,,Aggregated,61.200000,0.000000,15,20,29,36,75,110,240,680,8200,8700,8800,27391,7,15,95.69902866219064,3.0495929531753063,8788.369113113731,1528.3867693768027
1785166946,200,,Aggregated,60.600000,0.000000,15,20,29,36,75,110,240,680,8200,8700,8800,27446,7,15,96.71918534349555,3.0495929531753063,8788.369113113731,1526.829082562122
1785166947,200,,Aggregated,58.100000,0.000000,15,20,29,36,75,110,240,680,8200,8700,8800,27488,7,15,96.62995310627149,3.0495929531753063,8788.369113113731,1526.659997089639
1785166948,200,,Aggregated,57.900000,0.000000,15,20,29,36,75,110,240,680,8200,8700,8800,27560,7,15,97.3161135993983,3.0495929531753063,8788.369113113731,1527.1415094339623
1785166949,200,,Aggregated,57.300000,0.000000,15,20,29,36,75,110,240,680,8200,8700,8800,27629,7,15,98.00103532518042,3.0495929531753063,8788.369113113731,1525.730391979442
1785166950,200,,Aggregated,53.600000,0.000000,15,20,29,36,74,110,240,680,8200,8700,8800,27705,7,15,97.77497844208328,3.0495929531753063,8788.369113113731,1524.5542320880706
1785166952,200,,Aggregated,54.900000,0.000000,15,20,29,36,74,110,240,680,8200,8700,8800,27754,7,15,97.63093980470424,3.0495929531753063,8788.369113113731,1523.8987893636954
1785166953,200,,Aggregated,57.700000,0.000000,15,20,29,36,74,110,240,680,8200,8700,8800,27839,7,15,97.46839963431434,3.0495929531753063,8788.369113113731,1522.4136283630878
1785166954,200,,Aggregated,57.300000,0.000000,15,20,29,36,74,110,240,680,8200,8700,8800,27908,7,15,97.2696265730219,3.0495929531753063,8788.369113113731,1520.9529167263868
1785166955,200,,Aggregated,60.500000,0.000000,15,20,29,36,74,110,240,680,8200,8700,8800,27955,7,15,97.13255142709939,3.0495929531753063,8788.369113113731,1520.8899302450366
1785166956,200,,Aggregated,59.200000,0.000000,15,20,29,36,74,110,240,680,8200,8700,8800,27996,7,15,97.01357891570115,3.0495929531753063,8788.369113113731,1521.2476068009717
1785166957,200,,Aggregated,59.200000,0.000000,15,20,29,36,74,110,240,680,8200,8700,8800,28044,7,15,96.87165069780569,3.0495929531753063,8788.369113113731,1520.7099914420196
1785166958,200,,Aggregated,58.200000,0.000000,15,20,29,36,74,110,240,680,8200,8700,8800,28145,7,15,96.69927935372276,3.0495929531753063,8788.369113113731,1521.1478770651981
1785166959,200,,Aggregated,58.500000,0.000000,15,20,29,36,74,110,230,680,8200,8700,8800,28206,7,15,96.53841459714954,3.0495929531753063,8788.369113113731,1521.5385378997375
1785166960,200,,Aggregated,59.900000,0.000000,15,20,29,36,74,110,230,680,8200,8700,8800,28264,7,15,96.36871991831799,3.0495929531753063,8788.369113113731,1520.6746744975942
1785166961,200,,Aggregated,59.700000,0.000000,15,20,29,36,74,110,230,680,8200,8700,8800,28329,7,15,96.1828581301834,3.0495929531753063,8788.369113113731,1519.4836739736666
1785166962,200,,Aggregated,59.000000,0.000000,15,20,29,36,74,110,230,680,8200,8700,8800,28372,7,15,96.17772837869371,3.0495929531753063,8788.369113113731,1520.54317637107
1785166963,200,,Aggregated,58.000000,0.000000,15,20,29,36,74,110,230,680,8200,8700,8800,28419,7,15,96.0554162104191,3.0495929531753063,8788.369113113731,1521.9710756887998
1785166964,200,,Aggregated,58.000000,0.000000,15,20,29,36,74,110,230,680,8200,8700,8800,28470,7,15,95.90956049948056,3.0495929531753063,8788.369113113731,1521.169511766772
1785166965,200,,Aggregated,55.000000,0.000000,15,20,29,36,74,110,230,680,8200,8700,8800,28536,7,15,95.72799800550543,3.0495929531753063,8788.369113113731,1520.4272848331932
1785166966,200,,Aggregated,53.400000,0.000000,15,20,29,35,74,110,230,670,8200,8700,8800,28609,7,15,95.52310944148493,3.0495929531753063,8788.369113113731,1518.5172148624558
1785166967,200,,Aggregated,55.300000,0.000000,15,20,29,36,74,110,230,670,8200,8700,8800,28655,7,15,95.46857089713629,3.0495929531753063,8788.369113113731,1519.7080788693072
1785166968,200,,Aggregated,56.800000,0.000000,15,20,29,36,74,110,230,670,8200,8700,8800,28728,7,15,95.29723844133886,3.0495929531753063,8788.369113113731,1519.6136869952659
1785166969,200,,Aggregated,57.900000,0.000000,15,20,29,36,74,110,230,670,8200,8700,8800,28786,7,15,95.13711695675342,3.0495929531753063,8788.369113113731,1519.6256860974086
1785166970,200,,Aggregated,57.100000,0.000000,15,20,29,35,74,110,230,670,8200,8700,8800,28836,7,15,95.00025129989393,3.0495929531753063,8788.369113113731,1519.4835275350256
1785166971,200,,Aggregated,57.300000,0.000000,15,20,29,35,74,110,230,670,8200,8700,8800,28897,7,15,94.83488952533246,3.0495929531753063,8788.369113113731,1519.6850884174828
1785166972,200,,Aggregated,57.800000,0.000000,15,20,29,35,74,110,230,670,8200,8700,8800,28911,7,15,94.81693648974381,3.0495929531753063,8788.369113113731,1519.7768323475493
1785166973,200,,Aggregated,55.900000,0.000000,15,20,29,36,74,110,230,670,8200,8700,8800,29000,7,15,94.67537453607656,3.0495929531753063,8788.369113113731,1520.9303103448276
1785166974,200,,Aggregated,57.500000,0.000000,15,20,29,35,74,110,230,670,8200,8700,8800,29048,7,15,94.54210762141027,3.0495929531753063,8788.369113113731,1521.8631575323602
1785166975,200,,Aggregated,57.800000,0.000000,15,20,29,35,74,110,230,670,8200,8700,8800,29104,7,15,94.39787385146732,3.0495929531753063,8788.369113113731,1522.5182792743265
1785166976,200,,Aggregated,57.000000,0.000000,15,20,29,35,74,110,230,670,8200,8700,8800,29160,7,15,94.52850513158792,3.0495929531753063,8788.369113113731,1522.4021262002743
1785166978,200,,Aggregated,56.400000,0.000000,15,20,29,35,74,110,230,670,8200,8700,8800,29198,7,15,94.69804089369102,3.0495929531753063,8788.369113113731,1522.2907390917187
1785166979,200,,Aggregated,55.100000,0.000000,15,20,29,36,74,110,230,670,8200,8700,8800,29310,7,15,95.63470558799246,3.0495929531753063,8788.369113113731,1521.5290003411806
1785166980,200,,Aggregated,51.000000,0.000000,15,20,29,35,74,110,230,670,8200,8700,8800,29387,7,15,95.4306668356922,3.0495929531753063,8788.369113113731,1520.7613230339946
1785166981,200,,Aggregated,55.700000,0.000000,15,20,29,35,74,110,230,670,8200,8700,8800,29446,7,15,95.5540655324372,3.0495929531753063,8788.369113113731,1520.3024859064049
1785166982,200,,Aggregated,55.700000,0.000000,15,20,29,35,74,110,230,670,8200,8700,8800,29491,7,15,95.45580842652694,3.0495929531753063,8788.369113113731,1519.9359804686176
1785166983,200,,Aggregated,57.800000,0.000000,15,20,29,35,74,110,230,670,8200,8700,8800,29569,7,15,95.84777262747515,3.0495929531753063,8788.369113113731,1518.5697182860429
1785166984,200,,Aggregated,58.200000,0.000000,15,20,29,35,74,110,230,670,8200,8700,8800,29646,7,15,95.6703668188999,3.0495929531753063,8788.369113113731,1519.4770289415098
1785166985,200,,Aggregated,58.400000,0.000000,15,20,29,35,74,110,230,670,8200,8700,8800,29710,7,15,96.03707219456933,3.0495929531753063,8788.369113113731,1519.8948165600807
1785166986,200,,Aggregated,60.700000,0.000000,15,20,29,35,74,110,230,670,8200,8700,8800,29781,7,15,95.84121795378742,3.0495929531753063,8788.369113113731,1519.1714180181996
1785166987,200,,Aggregated,61.500000,0.000000,15,20,29,35,74,110,230,670,8200,8700,8800,29851,7,15,95.79210898008013,3.0495929531753063,8788.369113113731,1517.8028876754547
1785166988,200,,Aggregated,62.200000,0.000000,15,20,29,35,74,110,230,670,8200,8700,8800,29925,7,15,95.59784747635263,3.0495929531753063,8788.369113113731,1517.0566081871345
1785166989,200,,Aggregated,60.800000,0.000000,15,20,29,35,74,110,230,670,8200,8700,8800,29991,7,15,95.41985131820515,3.0495929531753063,8788.369113113731,1515.8291487446234
1785166990,200,,Aggregated,69.600000,0.000000,15,20,29,35,74,110,230,670,8200,8700,8800,30045,7,15,95.29038510381565,3.0495929531753063,8788.369113113731,1516.355866200699
1785166991,200,,Aggregated,64.700000,0.000000,15,20,29,35,74,110,230,670,8200,8700,8800,30084,7,15,95.23960773034642,3.0495929531753063,8788.369113113731,1516.8950272570137
1785166992,200,,Aggregated,63.500000,0.000000,15,20,29,35,74,110,230,670,8200,8700,8800,30149,7,15,95.08023027998277,3.0495929531753063,8788.369113113731,1516.5359713423331
1785166993,200,,Aggregated,63.500000,0.000000,15,20,29,35,74,110,230,670,8200,8700,8800,30193,7,15,94.96130208842546,3.0495929531753063,8788.369113113731,1516.5201536780048
1785166994,200,,Aggregated,62.400000,0.000000,15,20,29,35,73,110,230,670,8200,8700,8800,30250,7,15,94.8162006814002,3.0495929531753063,8788.369113113731,1516.9313388429753
1785166995,200,,Aggregated,61.900000,0.000000,15,20,29,35,73,110,220,670,8200,8700,8800,30329,7,15,94.60425433269211,3.0495929531753063,8788.369113113731,1517.7307527448977
1785166996,200,,Aggregated,60.300000,0.000000,15,20,29,35,73,110,220,670,8200,8700,8800,30360,7,15,94.52351015627879,3.0495929531753063,8788.369113113731,1518.100395256917
1785166997,200,,Aggregated,60.100000,0.000000,15,20,29,35,73,110,220,670,8200,8700,8800,30436,7,15,94.42000080831991,3.0495929531753063,8788.369113113731,1518.931397029833
1785166998,200,,Aggregated,61.800000,0.000000,15,20,29,35,73,110,220,660,8200,8700,8800,30504,7,15,94.24974410005903,3.0495929531753063,8788.369113113731,1520.3697547862575
1785166999,200,,Aggregated,61.300000,0.000000,15,20,29,35,73,110,220,660,8200,8700,8800,30540,7,15,94.15813448871519,3.0495929531753063,8788.369113113731,1521.1784217419777
1785167000,200,,Aggregated,56.100000,0.000000,15,20,29,35,73,110,220,660,8200,8700,8800,30589,7,15,94.03129067372907,3.0495929531753063,8788.369113113731,1521.6306842328943
1785167002,200,,Aggregated,55.900000,0.000000,15,20,29,35,73,110,220,660,8200,8700,8800,30634,7,15,93.91412582400943,3.0495929531753063,8788.369113113731,1521.5088463798395
1785167003,200,,Aggregated,52.700000,0.000000,15,20,29,35,73,110,220,660,8200,8700,8800,30738,7,15,93.72310674681385,3.0495929531753063,8788.369113113731,1519.1625675060186
1785167004,200,,Aggregated,51.900000,0.000000,15,20,29,35,73,110,220,660,8200,8700,8800,30798,7,15,93.58209051964039,3.0495929531753063,8788.369113113731,1519.2684265212026
1785167005,200,,Aggregated,55.300000,0.000000,15,20,29,35,73,110,220,660,8200,8700,8800,30880,7,15,93.37749418173283,3.0495929531753063,8788.369113113731,1518.9525259067357
1785167006,200,,Aggregated,55.700000,0.000000,15,20,29,35,73,110,220,660,8200,8700,8800,30929,7,15,93.25182554683177,3.0495929531753063,8788.369113113731,1519.7955317016392
1785167007,200,,Aggregated,57.300000,0.000000,15,20,29,35,73,110,220,660,8200,8700,8800,31003,7,15,93.14771649453155,3.0495929531753063,8788.369113113731,1520.5150469309422
1785167008,200,,Aggregated,57.100000,0.000000,15,20,29,35,73,110,220,660,8200,8700,8800,31050,7,15,93.0357599950466,3.0495929531753063,8788.369113113731,1519.8238003220613
1785167009,200,,Aggregated,57.800000,0.000000,15,20,29,35,73,110,220,660,8200,8700,8800,31119,7,15,92.87606831923571,3.0495929531753063,8788.369113113731,1519.6203605514315
1785167010,200,,Aggregated,55.900000,0.000000,15,20,29,35,73,110,220,660,8200,8700,8800,31208,7,15,92.66873140880487,3.0495929531753063,8788.369113113731,1518.100326839272
1785167011,200,,Aggregated,58.000000,0.000000,15,20,29,35,73,110,220,660,8200,8700,8800,31252,7,15,92.67239887833708,3.0495929531753063,8788.369113113731,1517.926532701907
1785167012,200,,Aggregated,61.300000,0.000000,15,20,29,35,74,110,220,660,8200,8700,8800,31341,7,15,92.61573276780334,3.0495929531753063,8788.369113113731,1518.0216330046903
1785167013,200,,Aggregated,62.600000,0.000000,15,20,29,35,74,110,220,660,8200,8700,8800,31397,7,15,92.48311666383603,3.0495929531753063,8788.369113113731,1517.2504379399306
1785167014,200,,Aggregated,66.500000,0.000000,15,20,29,35,73,110,220,660,8200,8700,8800,31447,7,15,92.36065136176275,3.0495929531753063,8788.369113113731,1516.9102935097148
1785167015,200,,Aggregated,63.600000,0.000000,15,20,29,35,73,110,220,660,8200,8700,8800,31500,7,15,92.22675324751005,3.0495929531753063,8788.369113113731,1518.2146666666667
1785167016,200,,Aggregated,63.100000,0.000000,15,20,29,35,73,110,220,660,8200,8700,8800,31515,7,15,92.18894545550057,3.0495929531753063,8788.369113113731,1518.9418689512931
1785167017,200,,Aggregated,61.700000,0.000000,15,20,29,35,74,110,220,660,8200,8700,8800,31587,7,15,92.07521284677934,3.0495929531753063,8788.369113113731,1519.5185044480324
1785167018,200,,Aggregated,58.600000,0.000000,15,20,29,35,73,110,220,660,8200,8700,8800,31644,7,15,92.18884519138717,3.0495929531753063,8788.369113113731,1519.2362217165971
1785167019,200,,Aggregated,57.700000,0.000000,15,20,29,35,73,110,220,660,8200,8700,8800,31688,7,15,92.59283190833067,3.0495929531753063,8788.369113113731,1519.0638096440293
1785167020,200,,Aggregated,57.700000,0.000000,15,20,29,35,73,110,220,660,8200,8700,8800,31796,7,15,93.35221270080419,3.0495929531753063,8788.369113113731,1518.6414328846395
1785167021,200,,Aggregated,55.400000,0.000000,15,20,29,35,73,110,220,660,8200,8700,8800,31809,7,15,93.82313566709479,3.0495929531753063,8788.369113113731,1518.6221509635639
1785167022,200,,Aggregated,54.100000,0.000000,15,20,29,35,74,110,220,670,8200,8700,8800,31890,7,15,94.50678599842989,3.0495929531753063,8788.369113113731,1517.0802759485732
1785167023,200,,Aggregated,57.500000,0.000000,15,20,29,35,74,110,220,670,8200,8700,8800,31916,7,15,95.70391494500792,3.0495929531753063,8788.369113113731,1517.66725153528
1785167024,200,,Aggregated,52.100000,0.000000,15,20,29,35,74,110,220,680,8200,8700,8800,31970,7,15,96.07474749911783,3.0495929531753063,8788.369113113731,1518.003002815139
1785167025,200,,Aggregated,53.600000,0.000000,15,20,29,35,74,110,220,680,8200,8700,8800,32039,7,15,96.40802269605402,3.0495929531753063,8788.369113113731,1517.0137020506259
1785167027,200,,Aggregated,51.500000,0.000000,15,20,29,35,74,110,220,680,8200,8700,8800,32074,7,15,96.82191104423059,3.0495929531753063,8788.369113113731,1518.6332855272183
1785167028,200,,Aggregated,53.000000,0.000000,15,20,29,35,74,110,230,690,8200,8700,8800,32163,7,15,98.53300377884078,3.0495929531753063,8788.369113113731,1517.5140689612288
1785167029,200,,Aggregated,52.400000,0.000000,15,20,29,35,74,110,230,680,8200,8700,8800,32225,7,15,98.3765213019695,3.0495929531753063,8788.369113113731,1517.2502715283165
1785167030,200,,Aggregated,54.900000,0.000000,15,20,29,35,74,110,230,680,8200,8700,8800,32268,7,15,98.27548334269476,3.0495929531753063,8788.369113113731,1517.8766889797942
1785167031,200,,Aggregated,54.000000,0.000000,15,20,29,35,74,110,230,680,8200,8700,8800,32319,7,15,98.16635858164584,3.0495929531753063,8788.369113113731,1517.7304990872242
1785167032,200,,Aggregated,55.200000,0.000000,15,20,29,35,74,110,230,680,8200,8700,8800,32355,7,15,98.074348393659,3.0495929531753063,8788.369113113731,1517.5715963529594
1785167033,200,,Aggregated,49.500000,0.000000,15,20,29,35,74,110,230,680,8200,8700,8800,32466,7,15,97.94552282841073,3.0495929531753063,8788.369113113731,1518.1036160906795
1785167034,200,,Aggregated,52.600000,0.000000,15,20,29,35,74,110,230,680,8200,8700,8800,32520,7,15,97.81304277667374,3.0495929531753063,8788.369113113731,1518.0353013530134
1785167035,200,,Aggregated,50.400000,0.000000,15,20,29,35,74,110,230,680,8200,8700,8800,32563,7,15,97.70211482686578,3.0495929531753063,8788.369113113731,1518.1634063200565
1785167036,200,,Aggregated,55.400000,0.000000,15,20,29,35,74,110,230,680,8200,8700,8800,32627,7,15,97.54599261110283,3.0495929531753063,8788.369113113731,1518.3607135194777
1785167037,200,,Aggregated,56.100000,0.000000,15,20,29,35,74,110,230,680,8200,8700,8800,32695,7,15,97.50073077893481,3.0495929531753063,8788.369113113731,1518.667349747668
1785167038,200,,Aggregated,53.600000,0.000000,15,20,29,35,74,110,230,680,8200,8700,8800,32772,7,15,97.32829381169533,3.0495929531753063,8788.369113113731,1517.5444281703894
1785167039,200,,Aggregated,56.100000,0.000000,15,20,29,35,74,110,230,680,8200,8700,8800,32834,7,15,97.18268393925955,3.0495929531753063,8788.369113113731,1517.0479685691662
1785167040,200,,Aggregated,57.300000,0.000000,15,20,29,35,74,110,230,680,8200,8700,8800,32894,7,15,97.04024101878852,3.0495929531753063,8788.369113113731,1516.12312275795
1785167042,200,,Aggregated,59.100000,0.000000,15,20,29,35,74,110,230,680,8200,8700,8800,32935,7,15,96.945129989051,3.0495929531753063,8788.369113113731,1516.6763928950963
1785167043,200,,Aggregated,60.400000,0.000000,15,20,29,35,74,110,230,680,8200,8700,8800,33033,7,15,96.82374526941672,3.0495929531753063,8788.369113113731,1517.7168891714346
1785167044,200,,Aggregated,58.900000,0.000000,15,20,29,35,74,110,220,680,8200,8700,8800,33104,7,15,96.64902772346414,3.0495929531753063,8788.369113113731,1517.87729579507
1785167045,200,,Aggregated,62.000000,0.000000,15,20,29,35,74,110,220,680,8200,8700,8800,33156,7,15,96.52577415753186,3.0495929531753063,8788.369113113731,1516.8302569670648
1785167046,200,,Aggregated,59.400000,0.000000,15,20,29,35,74,110,220,680,8200,8700,8800,33215,7,15,96.3804168979119,3.0495929531753063,8788.369113113731,1517.1136534698178
1785167047,200,,Aggregated,60.000000,0.000000,15,20,29,35,74,110,220,680,8200,8700,8800,33282,7,15,96.33418126992265,3.0495929531753063,8788.369113113731,1516.6062436151674
1785167048,200,,Aggregated,62.200000,0.000000,15,20,29,35,74,110,220,680,8200,8700,8800,33338,7,15,96.212984354667,3.0495929531753063,8788.369113113731,1516.1186333913251
1785167049,200,,Aggregated,59.000000,0.000000,15,20,29,35,74,110,220,680,8200,8700,8800,33411,7,15,96.03792373228545,3.0495929531753063,8788.369113113731,1516.0881745532909
1785167050,200,,Aggregated,60.500000,0.000000,15,20,29,35,74,110,220,680,8200,8700,8800,33447,7,15,95.95017795441991,3.0495929531753063,8788.369113113731,1516.1847400364757
1785167051,200,,Aggregated,59.800000,0.000000,15,20,29,35,74,110,220,680,8200,8700,8800,33518,7,15,95.80986796481581,3.0495929531753063,8788.369113113731,1514.71674920938
1785167052,200,,Aggregated,59.400000,0.000000,15,20,29,35,74,110,220,680,8200,8700,8800,33628,7,15,95.64263186723632,3.0495929531753063,8788.369113113731,1514.1790472225525
1785167053,200,,Aggregated,58.300000,0.000000,15,20,29,35,74,110,220,670,8200,8700,8800,33707,7,15,95.46396397600301,3.0495929531753063,8788.369113113731,1513.2837392826416
1785167054,200,,Aggregated,62.000000,0.000000,15,20,29,35,74,110,220,680,8200,8700,8800,33757,7,15,95.58107239356796,3.0495929531753063,8788.369113113731,1514.0319933643393
1785167056,200,,Aggregated,64.300000,0.000000,15,20,29,35,73,110,220,670,8200,8700,8800,33814,7,15,95.44115830710388,3.0495929531753063,8788.369113113731,1513.6577748861419
1785167057,200,,Aggregated,63.400000,0.000000,15,20,29,35,74,110,220,680,8200,8700,8800,33925,7,15,95.76424468510463,3.0495929531753063,8788.369113113731,1512.1579071481208
1785167058,200,,Aggregated,61.700000,0.000000,15,20,29,35,74,110,220,680,8200,8700,8800,33994,7,15,95.61227914639049,3.0495929531753063,8788.369113113731,1512.205330352415
1785167059,200,,Aggregated,66.300000,0.000000,15,20,29,35,74,110,220,680,8200,8700,8800,34054,7,15,95.48132477317843,3.0495929531753063,8788.369113113731,1513.3338521172257
1785167060,200,,Aggregated,65.200000,0.000000,15,20,29,35,73,110,220,680,8200,8700,8800,34091,7,15,95.3922814366041,3.0495929531753063,8788.369113113731,1513.0654131588983
1785167061,200,,Aggregated,65.300000,0.000000,15,20,29,35,74,110,220,680,8200,8700,8800,34108,7,15,95.61388743706972,3.0495929531753063,8788.369113113731,1513.8587721355693
1785167062,200,,Aggregated,64.900000,0.000000,15,20,29,35,74,110,220,680,8200,8700,8800,34181,7,15,95.50988956529129,3.0495929531753063,8788.369113113731,1513.6022351598842
1785167063,200,,Aggregated,62.100000,0.000000,15,20,29,35,74,110,220,670,8200,8700,8800,34228,7,15,95.40171362393677,3.0495929531753063,8788.369113113731,1514.4770071286666
1785167064,200,,Aggregated,61.900000,0.000000,15,20,29,35,74,110,220,670,8200,8700,8800,34302,7,15,95.23412763432097,3.0495929531753063,8788.369113113731,1513.8451985306979
1785167065,200,,Aggregated,54.400000,0.000000,15,20,29,35,73,110,220,680,8200,8700,8800,34380,7,15,95.75943655778403,3.0495929531753063,8788.369113113731,1514.7568062827224
1785167066,200,,Aggregated,57.300000,0.000000,15,20,29,35,74,110,220,680,8200,8700,8800,34438,7,15,96.13789498857761,3.0495929531753063,8788.369113113731,1513.9414309774086
1785167067,200,,Aggregated,58.500000,0.000000,15,20,29,35,74,110,220,680,8200,8700,8800,34516,7,15,96.42238687666645,3.0495929531753063,8788.369113113731,1513.029580484413
1785167068,200,,Aggregated,57.500000,0.000000,15,20,29,35,73,110,220,680,8200,8700,8800,34559,7,15,96.3203183717225,3.0495929531753063,8788.369113113731,1512.9735235394542
1785167069,200,,Aggregated,60.200000,0.000000,15,20,29,35,73,110,220,680,8200,8700,8800,34634,7,15,96.15318027185064,3.0495929531753063,8788.369113113731,1512.1627302650575
1785167070,200,,Aggregated,56.600000,0.000000,15,20,29,35,73,110,220,680,8200,8700,8800,34679,7,15,96.04872066004378,3.0495929531753063,8788.369113113731,1513.0640445226218
1785167071,200,,Aggregated,57.300000,0.000000,15,20,29,35,73,110,220,680,8200,8700,8800,34722,7,15,95.98898943004814,3.0495929531753063,8788.369113113731,1513.529318587639
1785167072,200,,Aggregated,57.000000,0.000000,15,20,29,35,73,110,220,680,8200,8700,8800,34794,7,15,96.07320448973013,3.0495929531753063,8788.369113113731,1512.7609932747025
1785167073,200,,Aggregated,58.000000,0.000000,15,20,29,35,73,110,220,680,8200,8700,8800,34858,7,15,95.92675631297041,3.0495929531753063,8788.369113113731,1512.574932583625
1785167074,200,,Aggregated,57.800000,0.000000,15,20,29,35,73,110,220,680,8200,8700,8800,34904,7,15,95.82215503181473,3.0495929531753063,8788.369113113731,1513.1792917717166
1785167075,200,,Aggregated,61.300000,0.000000,15,20,28,35,73,110,220,680,8200,8700,8800,34954,7,15,95.70847758199469,3.0495929531753063,8788.369113113731,1514.0199404932196
1785167076,200,,Aggregated,59.600000,0.000000,15,20,29,35,73,110,220,670,8200,8700,8800,35027,7,15,95.59466899597976,3.0495929531753063,8788.369113113731,1514.5446655437233
1785167077,200,,Aggregated,58.300000,0.000000,15,20,29,35,73,110,220,670,8200,8700,8800,35114,7,15,95.39373825618135,3.0495929531753063,8788.369113113731,1513.6867631144273
1785167078,200,,Aggregated,57.700000,0.000000,15,20,28,35,73,110,220,670,8200,8700,8800,35168,7,15,95.26893916116319,3.0495929531753063,8788.369113113731,1514.302661510464
1785167079,200,,Aggregated,57.400000,0.000000,15,20,28,35,73,110,220,670,8200,8700,8800,35218,7,15,95.15667863360768,3.0495929531753063,8788.369113113731,1513.2263615196775
1785167080,200,,Aggregated,59.900000,0.000000,15,20,28,35,73,110,220,670,8200,8700,8800,35259,7,15,95.07278571852102,3.0495929531753063,8788.369113113731,1513.331745086361
1785167081,200,,Aggregated,58.200000,0.000000,15,20,28,35,72,110,220,670,8200,8700,8800,35332,7,15,94.9272133099624,3.0495929531753063,8788.369113113731,1512.4065436431563
1785167082,200,,Aggregated,59.500000,0.000000,15,20,28,35,72,110,220,670,8200,8700,8800,35384,7,15,94.83219040303355,3.0495929531753063,8788.369113113731,1513.2145602532219
1785167083,200,,Aggregated,61.900000,0.000000,15,20,28,35,72,110,220,670,8200,8700,8800,35436,7,15,94.71444277179044,3.0495929531753063,8788.369113113731,1514.0657523422508
1785167084,200,,Aggregated,60.500000,0.000000,15,20,28,35,72,110,220,670,8200,8700,8800,35508,7,15,94.55086412833087,3.0495929531753063,8788.369113113731,1513.0086177762757
1785167085,200,,Aggregated,57.700000,0.000000,15,20,28,35,72,110,220,670,8200,8700,8800,35570,7,15,94.50618240470158,3.0495929531753063,8788.369113113731,1513.5526005060444
1785167086,200,,Aggregated,58.400000,0.000000,15,20,28,35,73,110,220,670,8200,8700,8800,35668,7,15,94.39465501447135,3.0495929531753063,8788.369113113731,1513.1862173376696
1785167087,200,,Aggregated,59.000000,0.000000,15,20,28,35,72,110,220,670,8200,8700,8800,35731,7,15,94.25950624360289,3.0495929531753063,8788.369113113731,1512.7362234474267
1785167088,200,,Aggregated,65.700000,0.000000,15,20,28,35,72,110,220,670,8200,8700,8800,35777,7,15,94.15560916134397,3.0495929531753063,8788.369113113731,1512.6039354892807
1785167089,200,,Aggregated,61.800000,0.000000,15,20,28,35,72,110,220,670,8200,8700,8800,35813,7,15,94.07616024019816,3.0495929531753063,8788.369113113731,1513.2002066288778
1785167090,200,,Aggregated,60.900000,0.000000,15,20,28,35,72,110,220,670,8200,8700,8800,35864,7,15,94.0812342256777,3.0495929531753063,8788.369113113731,1512.5599486950703
1785167091,200,,Aggregated,59.900000,0.000000,15,20,28,35,72,110,220,670,8200,8700,8800,35913,7,15,93.97999991504896,3.0495929531753063,8788.369113113731,1512.2601564892936
1785167092,200,,Aggregated,58.400000,0.000000,15,20,28,35,72,110,220,670,8200,8700,8800,35986,7,15,93.81769143484729,3.0495929531753063,8788.369113113731,1511.3518312677152
1785167093,200,,Aggregated,57.300000,0.000000,15,20,28,35,72,110,220,670,8200,8700,8800,36043,7,15,93.69543302885289,3.0495929531753063,8788.369113113731,1511.1276253364038
1785167094,200,,Aggregated,56.400000,0.000000,15,20,28,35,72,110,220,670,8200,8700,8800,36087,7,15,93.59887487926528,3.0495929531753063,8788.369113113731,1510.4885415800704
1785167096,200,,Aggregated,59.800000,0.000000,15,20,28,35,72,110,220,670,8200,8700,8800,36118,7,15,93.52930163325999,3.0495929531753063,8788.369113113731,1511.0504180740904
1785167097,200,,Aggregated,56.600000,0.000000,15,20,28,35,72,110,220,670,8200,8700,8800,36190,7,15,93.39212111605171,3.0495929531753063,8788.369113113731,1511.7206134291241
1785167098,200,,Aggregated,49.500000,0.000000,15,20,28,35,72,110,220,670,8200,8700,8800,36239,7,15,93.7269660617313,3.0495929531753063,8788.369113113731,1510.5100858191452
1785167099,200,,Aggregated,50.000000,0.000000,15,20,28,35,72,110,220,670,8200,8700,8800,36275,7,15,94.09323073300352,3.0495929531753063,8788.369113113731,1511.5143211578222
1785167100,200,,Aggregated,47.600000,0.000000,15,20,28,35,72,110,220,670,8200,8700,8800,36318,7,15,94.66736599621363,3.0495929531753063,8788.369113113731,1511.5208987279036
1785167101,200,,Aggregated,48.400000,0.000000,15,20,28,35,72,110,220,680,8200,8700,8800,36381,7,15,95.02125075925068,3.0495929531753063,8788.369113113731,1510.9748220224842
1785167102,200,,Aggregated,47.600000,0.000000,15,20,28,35,72,110,220,680,8200,8700,8800,36461,7,15,95.83139967191397,3.0495929531753063,8788.369113113731,1510.4720111900388
1785167103,200,,Aggregated,48.700000,0.000000,15,20,28,35,72,110,220,680,8200,8700,8800,36508,7,15,96.82667829931059,3.0495929531753063,8788.369113113731,1511.0234195244877
1785167104,200,,Aggregated,47.400000,0.000000,15,20,28,35,72,110,220,680,8200,8700,8800,36586,7,15,97.31519056092289,3.0495929531753063,8788.369113113731,1509.9709178374242
1785167105,200,,Aggregated,47.200000,0.000000,15,20,28,35,72,110,220,690,8200,8700,8800,36662,7,15,97.58410301366555,3.0495929531753063,8788.369113113731,1509.9234084338007
1785167106,200,,Aggregated,46.500000,0.000000,15,20,28,35,72,110,220,690,8200,8700,8800,36713,7,15,98.20819913058156,3.0495929531753063,8788.369113113731,1510.8783264783592
1785167107,200,,Aggregated,50.300000,0.000000,15,20,28,35,72,110,220,690,8200,8700,8800,36790,7,15,98.4975635489934,3.0495929531753063,8788.369113113731,1510.1946181027454
1785167108,200,,Aggregated,54.500000,0.000000,15,20,28,35,72,110,220,690,8200,8700,8800,36850,7,15,98.36744776561736,3.0495929531753063,8788.369113113731,1509.6580732700136
1785167109,200,,Aggregated,53.900000,0.000000,15,20,28,35,72,110,220,690,8200,8700,8800,36889,7,15,98.27981141761741,3.0495929531753063,8788.369113113731,1510.3228062566077
1785167110,200,,Aggregated,57.500000,0.000000,15,20,28,35,72,110,220,690,8200,8700,8800,36946,7,15,98.152358444202,3.0495929531753063,8788.369113113731,1510.8914361500567
1785167112,200,,Aggregated,58.200000,0.000000,15,20,28,35,72,110,220,690,8200,8700,8800,37013,7,15,98.08271548906927,3.0495929531753063,8788.369113113731,1510.9231351146893
1785167113,200,,Aggregated,58.200000,0.000000,15,20,28,35,72,110,220,690,8200,8700,8800,37089,7,15,97.98350537425763,3.0495929531753063,8788.369113113731,1509.8250424654211
1785167114,200,,Aggregated,61.500000,0.000000,15,20,28,35,72,110,220,690,8200,8700,8800,37141,7,15,97.86800035006937,3.0495929531753063,8788.369113113731,1509.8848980910584
1785167115,200,,Aggregated,62.600000,0.000000,15,20,28,35,72,110,220,690,8200,8700,8800,37200,7,15,97.7376121535374,3.0495929531753063,8788.369113113731,1509.6467204301075
1785167116,200,,Aggregated,62.600000,0.000000,15,20,28,35,72,110,220,680,8200,8700,8800,37251,7,15,97.6218471924814,3.0495929531753063,8788.369113113731,1509.2764489543904
1785167117,200,,Aggregated,59.800000,0.000000,15,20,28,35,72,110,220,680,8200,8700,8800,37351,7,15,97.46699537736794,3.0495929531753063,8788.369113113731,1508.3385183796954
1785167118,200,,Aggregated,58.800000,0.000000,15,20,28,35,72,110,220,680,8200,8700,8800,37411,7,15,97.33303780008282,3.0495929531753063,8788.369113113731,1509.4749405255138
1785167119,200,,Aggregated,58.100000,0.000000,15,20,28,35,72,110,220,680,8200,8700,8800,37465,7,15,97.21969399808417,3.0495929531753063,8788.369113113731,1509.8103563325772
1785167120,200,,Aggregated,58.400000,0.000000,15,20,28,35,72,110,220,680,8200,8700,8800,37520,7,15,97.10208263023193,3.0495929531753063,8788.369113113731,1509.6735874200426
1785167121,200,,Aggregated,59.300000,0.000000,15,20,28,35,72,110,220,680,8200,8700,8800,37588,7,15,97.01023581298024,3.0495929531753063,8788.369113113731,1510.0624933489412
1785167122,200,,Aggregated,60.100000,0.000000,15,20,28,35,72,110,220,680,8200,8700,8800,37651,7,15,96.88662854324434,3.0495929531753063,8788.369113113731,1510.6183633900825
1785167123,200,,Aggregated,59.500000,0.000000,15,20,28,35,72,110,220,680,8200,8700,8800,37714,7,15,96.76051644143186,3.0495929531753063,8788.369113113731,1510.0725725194889
1785167124,200,,Aggregated,61.600000,0.000000,15,20,28,35,72,110,220,680,8200,8700,8800,37770,7,15,96.6462788818592,3.0495929531753063,8788.369113113731,1510.6932750860472
1785167125,200,,Aggregated,59.600000,0.000000,15,20,28,35,72,110,220,680,8200,8700,8800,37830,7,15,96.51680429314787,3.0495929531753063,8788.369113113731,1511.0217023526302
1785167126,200,,Aggregated,61.300000,0.000000,15,20,28,35,72,110,220,680,8200,8700,8800,37919,7,15,96.38053201499257,3.0495929531753063,8788.369113113731,1510.1882169888447
1785167127,200,,Aggregated,60.800000,0.000000,15,20,28,35,72,110,220,680,8200,8700,8800,37977,7,15,96.2571723120788,3.0495929531753063,8788.369113113731,1510.026911025094
1785167128,200,,Aggregated,59.900000,0.000000,15,20,28,35,71,110,220,680,8200,8700,8800,38029,7,15,96.146228355881,3.0495929531753063,8788.369113113731,1509.6358042546478
1785167129,200,,Aggregated,62.100000,0.000000,15,20,28,35,71,110,220,680,8200,8700,8800,38106,7,15,95.98655020022582,3.0495929531753063,8788.369113113731,1508.156117146906
1785167131,200,,Aggregated,60.300000,0.000000,15,20,28,35,71,110,220,680,8200,8700,8800,38121,7,15,95.95731645646013,3.0495929531753063,8788.369113113731,1507.884289499226
1785167132,200,,Aggregated,61.600000,0.000000,15,20,28,35,73,110,220,680,8200,8700,8800,38297,7,15,95.89912492190842,3.0495929531753063,8788.369113113731,1507.3591404026424
1785167133,200,,Aggregated,58.000000,0.000000,15,20,28,35,73,110,220,670,8200,8700,8800,38338,7,15,95.81755926352952,3.0495929531753063,8788.369113113731,1507.0071469560228
1785167134,200,,Aggregated,66.700000,0.000000,15,20,28,35,73,110,220,670,8200,8700,8800,38392,7,15,95.70801609029381,3.0495929531753063,8788.369113113731,1506.2435924150864
1785167135,200,,Aggregated,64.900000,0.000000,15,20,29,35,73,110,220,670,8200,8700,8800,38457,7,15,95.66718557642155,3.0495929531753063,8788.369113113731,1506.4669891047145
1785167136,200,,Aggregated,63.800000,0.000000,15,20,29,35,73,110,220,670,8200,8700,8800,38546,7,15,95.49365572667166,3.0495929531753063,8788.369113113731,1505.3753696881647
1785167137,200,,Aggregated,62.000000,0.000000,15,20,28,35,73,110,220,670,8200,8700,8800,38620,7,15,95.34099403611307,3.0495929531753063,8788.369113113731,1505.1367167270844
1785167138,200,,Aggregated,67.000000,0.000000,15,20,28,35,73,110,220,670,8200,8700,8800,38680,7,15,95.21474778540711,3.0495929531753063,8788.369113113731,1504.6502585315409
1785167139,200,,Aggregated,67.000000,0.000000,15,20,28,35,72,110,220,670,8200,8700,8800,38710,7,15,95.15088407241686,3.0495929531753063,8788.369113113731,1504.9545853784552
1785167140,200,,Aggregated,69.000000,0.000000,15,20,28,35,73,110,210,670,8200,8700,8800,38811,7,15,95.00327030970332,3.0495929531753063,8788.369113113731,1504.3870809821958
1785167141,200,,Aggregated,67.800000,0.000000,15,20,28,35,73,110,210,670,8200,8700,8800,38851,7,15,94.91976691800899,3.0495929531753063,8788.369113113731,1504.7743687421173
1785167142,200,,Aggregated,68.400000,0.000000,15,20,28,35,73,110,210,670,8200,8700,8800,38916,7,15,94.79107430489368,3.0495929531753063,8788.369113113731,1504.3271405077603
1785167143,200,,Aggregated,71.500000,0.000000,15,20,28,35,72,110,210,670,8200,8700,8800,38980,7,15,94.66253708850444,3.0495929531753063,8788.369113113731,1503.2487172909184
1785167144,200,,Aggregated,61.000000,0.000000,15,20,28,35,72,110,210,670,8200,8700,8800,39006,7,15,94.62433213047207,3.0495929531753063,8788.369113113731,1502.9893862482695
1785167145,200,,Aggregated,62.100000,0.000000,15,20,28,35,72,110,210,670,8200,8700,8800,39110,7,15,94.46552766762518,3.0495929531753063,8788.369113113731,1503.3667348504218
1785167146,200,,Aggregated,61.900000,0.000000,15,20,28,35,72,110,210,670,8200,8700,8800,39170,7,15,94.55005155978161,3.0495929531753063,8788.369113113731,1502.9180239979576
1785167147,200,,Aggregated,64.800000,0.000000,15,20,28,35,72,110,210,670,8200,8700,8800,39226,7,15,94.43866882768184,3.0495929531753063,8788.369113113731,1503.7642380054046
1785167148,200,,Aggregated,62.000000,0.000000,15,20,28,35,72,110,210,670,8200,8700,8800,39285,7,15,94.53464745778832,3.0495929531753063,8788.369113113731,1503.6689830724195
1785167149,200,,Aggregated,60.100000,0.000000,15,20,28,35,72,110,210,670,8200,8700,8800,39339,7,15,94.49349522676741,3.0495929531753063,8788.369113113731,1503.4740334019675
1785167150,200,,Aggregated,59.500000,0.000000,15,20,28,35,72,110,210,670,8200,8700,8800,39413,7,15,94.58367915421545,3.0495929531753063,8788.369113113731,1503.3632304062112
1785167151,200,,Aggregated,58.700000,0.000000,15,20,28,35,72,110,210,670,8200,8700,8800,39460,7,15,94.49516461320265,3.0495929531753063,8788.369113113731,1503.285073492144
1785167152,200,,Aggregated,58.400000,0.000000,15,20,28,35,72,110,210,670,8200,8700,8800,39514,7,15,94.39237767207857,3.0495929531753063,8788.369113113731,1502.9347573012096
1785167153,200,,Aggregated,60.400000,0.000000,15,20,28,35,72,110,210,670,8200,8700,8800,39563,7,15,94.70382425292605,3.0495929531753063,8788.369113113731,1503.0403154462504
1785167154,200,,Aggregated,57.400000,0.000000,15,20,28,35,72,110,210,670,8200,8700,8800,39585,7,15,94.67431409709138,3.0495929531753063,8788.369113113731,1502.835392194013
1785167155,200,,Aggregated,58.500000,0.000000,15,20,28,35,73,110,210,670,8200,8700,8800,39694,7,15,94.94681867990506,3.0495929531753063,8788.369113113731,1502.3690734115987
1785167156,200,,Aggregated,57.600000,0.000000,15,20,28,35,73,110,210,670,8200,8700,8800,39746,7,15,94.84321074083212,3.0495929531753063,8788.369113113731,1502.7860665224173
1785167157,200,,Aggregated,58.200000,0.000000,15,20,28,35,72,110,210,670,8200,8700,8800,39799,7,15,94.73616552084425,3.0495929531753063,8788.369113113731,1502.5028267041885
1785167158,200,,Aggregated,57.600000,0.000000,15,20,28,35,72,110,210,670,8200,8700,8800,39866,7,15,94.80354420697816,3.0495929531753063,8788.369113113731,1501.5051673104902
1785167159,200,,Aggregated,55.700000,0.000000,15,20,28,35,73,110,210,670,8200,8700,8800,39925,7,15,94.76193543497891,3.0495929531753063,8788.369113113731,1501.0212899185974
1785167160,200,,Aggregated,54.600000,0.000000,15,20,28,35,73,110,210,670,8200,8700,8800,39971,7,15,94.88530976463218,3.0495929531753063,8788.369113113731,1500.523629631483
1785167161,200,,Aggregated,57.500000,0.000000,15,20,28,35,72,110,210,670,8200,8700,8800,40028,7,15,94.76993207010797,3.0495929531753063,8788.369113113731,1500.6867442790046
1785167162,200,,Aggregated,56.800000,0.000000,15,20,28,35,72,110,210,670,8200,8700,8800,40097,7,15,94.64556112563366,3.0495929531753063,8788.369113113731,1501.0233683317954
1785167163,200,,Aggregated,54.500000,0.000000,15,20,28,35,72,110,210,670,8200,8700,8800,40156,7,15,94.53563042415976,3.0495929531753063,8788.369113113731,1500.5413387787628
1785167164,200,,Aggregated,57.000000,0.000000,15,20,28,35,73,110,210,670,8200,8700,8800,40203,8,15,94.52345877271655,3.0495929531753063,8788.369113113731,1502.1336467427805
1785167165,200,,Aggregated,56.400000,0.000000,15,20,28,35,72,110,210,670,8200,8700,8800,40271,8,15,94.39472218899617,3.0495929531753063,8788.369113113731,1501.0229197189044
1785167166,200,,Aggregated,57.900000,0.000000,15,20,28,35,72,110,210,670,8200,8700,8800,40312,8,15,94.32046153879112,3.0495929531753063,8788.369113113731,1502.8444879936496
1785167167,200,,Aggregated,56.500000,0.100000,15,20,28,35,72,110,210,670,8200,8700,8800,40369,8,15,94.22018763014664,3.0495929531753063,8788.369113113731,1502.6020956674677
1785167169,200,,Aggregated,56.500000,0.100000,15,20,28,35,72,110,210,670,8200,8700,8800,40447,8,15,94.07639849543962,3.0495929531753063,8788.369113113731,1503.5008776917941
1785167170,200,,Aggregated,57.200000,0.100000,15,20,28,35,73,110,210,670,8200,8700,8800,40547,8,15,94.01036747158997,3.0495929531753063,8788.369113113731,1504.3024144819592
1785167171,200,,Aggregated,57.500000,0.100000,15,20,28,35,73,110,210,670,8200,8700,8800,40597,8,15,93.91109586963152,3.0495929531753063,8788.369113113731,1504.5898711727468
1785167172,200,,Aggregated,58.100000,0.100000,15,20,28,35,72,110,210,670,8200,8700,8800,40655,8,15,93.80177199736772,3.0495929531753063,8788.369113113731,1504.5182388390112
1785167173,200,,Aggregated,58.200000,0.100000,15,20,28,35,72,110,210,670,8200,8700,8800,40706,8,15,93.70647480922791,3.0495929531753063,8788.369113113731,1503.4196678622316
1785167174,200,,Aggregated,58.200000,0.100000,15,20,28,35,72,110,210,670,8200,8700,8800,40738,8,15,93.64470219786732,3.0495929531753063,8788.369113113731,1503.175708184005
1785167175,200,,Aggregated,57.800000,0.100000,15,20,28,35,72,110,210,670,8200,8700,8800,40817,8,15,93.95587099480824,3.0495929531753063,8788.369113113731,1503.3232721660092
1785167176,200,,Aggregated,57.800000,0.100000,15,20,28,35,72,110,210,670,8200,8700,8800,40893,8,15,94.19915415532691,3.0495929531753063,8788.369113113731,1502.6680605482602
1785167177,200,,Aggregated,57.300000,0.000000,15,20,28,35,72,110,210,670,8200,8700,8800,40957,8,15,94.47182454181531,3.0495929531753063,8788.369113113731,1502.2256268769686
1785167178,200,,Aggregated,55.900000,0.000000,15,20,28,35,72,110,210,670,8200,8700,8800,41012,8,15,94.56082242007592,3.0495929531753063,8788.369113113731,1502.5240661269872
1785167179,200,,Aggregated,59.100000,0.000000,15,20,28,35,72,110,210,670,8200,8700,8800,41028,8,15,94.72453178283183,3.0495929531753063,8788.369113113731,1503.8159793311884
1785167180,200,,Aggregated,59.400000,0.000000,15,20,28,35,72,110,210,680,8200,8700,8800,41146,8,15,95.38419128876873,3.0495929531753063,8788.369113113731,1502.148179652943
1785167181,200,,Aggregated,57.600000,0.000000,15,20,28,35,73,110,210,680,8200,8700,8800,41210,8,15,96.24293357859533,3.0495929531753063,8788.369113113731,1501.0506915797137
1785167182,200,,Aggregated,53.700000,0.000000,15,20,28,35,72,110,210,680,8200,8700,8800,41267,8,15,96.13190882459642,3.0495929531753063,8788.369113113731,1500.7412217995009
1785167183,200,,Aggregated,58.600000,0.000000,15,20,28,35,72,110,220,680,8200,8700,8800,41325,8,15,96.825606905209,3.0495929531753063,8788.369113113731,1500.2564549304295
1785167184,200,,Aggregated,58.700000,0.000000,15,20,28,35,73,110,220,690,8200,8700,8800,41392,8,15,97.4832347080334,3.0495929531753063,8788.369113113731,1501.3198202551218
1785167185,200,,Aggregated,59.000000,0.000000,15,20,28,35,73,110,220,690,8200,8700,8800,41456,8,15,97.39348658442921,3.0495929531753063,8788.369113113731,1500.6007333076032
1785167186,200,,Aggregated,59.400000,0.000000,15,20,28,35,73,110,220,690,8200,8700,8800,41527,8,15,97.2508851830985,3.0495929531753063,8788.369113113731,1499.832518602355
1785167188,200,,Aggregated,60.900000,0.000000,15,20,28,35,73,110,220,690,8200,8700,8800,41570,8,15,97.16350906986129,3.0495929531753063,8788.369113113731,1499.470098628819
1785167189,200,,Aggregated,61.700000,0.000000,15,20,28,35,73,110,220,680,8200,8700,8800,41616,8,15,97.07398558491599,3.0495929531753063,8788.369113113731,1498.9691464821224
1785167190,200,,Aggregated,59.100000,0.000000,15,20,28,35,73,110,220,680,8200,8700,8800,41703,8,15,96.94482486302026,3.0495929531753063,8788.369113113731,1498.4442126465722
1785167191,200,,Aggregated,59.300000,0.000000,15,20,28,35,73,110,220,680,8200,8700,8800,41761,8,15,96.83406804702548,3.0495929531753063,8788.369113113731,1498.2048562055506
1785167192,200,,Aggregated,62.900000,0.000000,15,20,28,35,73,110,220,680,8200,8700,8800,41850,8,15,96.66732366400434,3.0495929531753063,8788.369113113731,1496.7336917562725
1785167193,200,,Aggregated,59.400000,0.000000,15,20,28,35,73,110,220,680,8200,8700,8800,41906,8,15,96.55783731712815,3.0495929531753063,8788.369113113731,1496.9744905264163
1785167194,200,,Aggregated,62.200000,0.000000,15,20,28,35,73,110,210,680,8200,8700,8800,41997,8,15,96.48669496790173,3.0495929531753063,8788.369113113731,1497.2962830678382
1785167195,200,,Aggregated,62.500000,0.000000,15,20,28,35,73,110,210,680,8200,8700,8800,42053,8,15,96.37673497094595,3.0495929531753063,8788.369113113731,1497.0196181009678
1785167197,200,,Aggregated,57.400000,0.000000,15,20,28,35,73,110,210,680,8200,8700,8800,42118,8,15,96.27477069734125,3.0495929531753063,8788.369113113731,1497.6310840970607
1785167198,200,,Aggregated,59.600000,0.000000,15,20,28,35,73,110,210,680,8200,8700,8800,42163,8,15,96.18746628162008,3.0495929531753063,8788.369113113731,1498.4723572800797
1785167199,200,,Aggregated,59.600000,0.000000,15,20,28,35,73,110,210,680,8200,8700,8800,42194,8,15,96.12736482509234,3.0495929531753063,8788.369113113731,1498.2562923638432
1785167200,200,,Aggregated,59.200000,0.000000,15,20,28,35,73,110,210,680,8200,8700,8800,42302,8,15,96.0626549075279,3.0495929531753063,8788.369113113731,1499.3225143019242
1785167201,200,,Aggregated,57.800000,0.000000,15,20,28,35,73,110,210,680,8200,8700,8800,42361,8,15,95.94967117086587,3.0495929531753063,8788.369113113731,1499.8819432969005
1785167202,200,,Aggregated,60.000000,0.000000,15,20,28,35,73,110,210,680,8200,8700,8800,42402,8,15,95.87429858340049,3.0495929531753063,8788.369113113731,1499.8685911041932
1785167203,200,,Aggregated,60.000000,0.000000,15,20,28,35,73,110,210,680,8200,8700,8800,42469,8,15,95.75959921843295,3.0495929531753063,8788.369113113731,1500.1055593491724
1785167204,200,,Aggregated,60.000000,0.000000,15,20,28,35,73,110,210,680,8200,8700,8800,42482,8,15,95.73405379085206,3.0495929531753063,8788.369113113731,1500.005013888235
1785167205,200,,Aggregated,55.700000,0.000000,15,20,28,35,73,110,210,680,8200,8700,8800,42590,8,15,95.64598443692479,3.0495929531753063,8788.369113113731,1499.9360178445645
1785167206,200,,Aggregated,57.600000,0.000000,15,20,28,35,73,110,210,680,8200,8700,8800,42648,8,15,95.53418356485858,3.0495929531753063,8788.369113113731,1499.9947242543612
1785167207,200,,Aggregated,58.100000,0.000000,15,20,28,35,73,110,210,680,8200,8700,8800,42718,8,15,95.40574091190436,3.0495929531753063,8788.369113113731,1498.9873121400815
1785167208,200,,Aggregated,57.700000,0.000000,15,20,28,35,73,110,210,680,8200,8700,8800,42777,8,15,95.29953321341337,3.0495929531753063,8788.369113113731,1498.4770788040303
1785167209,200,,Aggregated,57.600000,0.000000,15,20,28,35,73,110,210,680,8200,8700,8800,42871,8,15,95.2067240365142,3.0495929531753063,8788.369113113731,1499.3846656247813
1785167210,200,,Aggregated,59.300000,0.000000,15,20,28,35,73,110,210,680,8200,8700,8800,42920,8,15,95.11450931501145,3.0495929531753063,8788.369113113731,1499.6325489282385
1785167212,200,,Aggregated,58.600000,0.000000,15,20,28,35,73,110,210,680,8200,8700,8800,42994,8,15,94.98173653614231,3.0495929531753063,8788.369113113731,1498.56279946039
1785167213,200,,Aggregated,58.300000,0.000000,15,20,28,35,73,110,210,680,8200,8700,8800,43068,8,15,94.85427696213543,3.0495929531753063,8788.369113113731,1497.4017367883348
1785167214,200,,Aggregated,60.500000,0.000000,15,20,28,35,73,110,210,670,8200,8700,8800,43151,8,15,94.80550480433672,3.0495929531753063,8788.369113113731,1497.0700099650066
1785167215,200,,Aggregated,61.400000,0.000000,15,20,28,35,73,110,210,670,8200,8700,8800,43195,8,15,94.72437727778532,3.0495929531753063,8788.369113113731,1497.7899988424585
1785167216,200,,Aggregated,64.800000,0.000000,15,20,28,35,73,110,210,670,8200,8700,8800,43259,8,15,94.61083668038903,3.0495929531753063,8788.369113113731,1496.6866316835803
1785167217,200,,Aggregated,58.800000,0.000000,15,20,28,35,73,110,210,670,8200,8700,8800,43338,8,15,94.46872528170823,3.0495929531753063,8788.369113113731,1496.6472610641931
1785167218,200,,Aggregated,62.100000,0.000000,15,20,28,35,73,110,210,670,8200,8700,8800,43388,8,15,94.40150149031462,3.0495929531753063,8788.369113113731,1496.9564395685443
1785167219,200,,Aggregated,61.200000,0.000000,15,20,28,35,73,110,210,670,8200,8700,8800,43464,8,15,94.27676433272329,3.0495929531753063,8788.369113113731,1495.6935394809498
1785167220,200,,Aggregated,60.300000,0.000000,15,20,28,35,73,110,210,670,8200,8700,8800,43520,8,15,94.18267732732656,3.0495929531753063,8788.369113113731,1496.950275735294
1785167221,200,,Aggregated,65.000000,0.000000,15,20,28,35,72,110,210,670,8200,8700,8800,43565,8,15,94.10107223548228,3.0495929531753063,8788.369113113731,1497.2992539882935
1785167222,200,,Aggregated,61.700000,0.000000,15,20,28,35,72,110,210,670,8200,8700,8800,43634,8,15,93.98545350635,3.0495929531753063,8788.369113113731,1497.6156895998533
1785167223,200,,Aggregated,62.700000,0.000000,15,20,28,35,72,110,210,670,8200,8700,8800,43681,8,15,93.93193075997932,3.0495929531753063,8788.369113113731,1497.3185595567868
1785167224,200,,Aggregated,62.300000,0.000000,15,20,28,35,72,110,210,670,8200,8700,8800,43745,8,15,93.81719645352156,3.0495929531753063,8788.369113113731,1496.6564864555949
1785167225,200,,Aggregated,58.000000,0.000000,15,20,28,35,72,110,210,670,8200,8700,8800,43806,8,15,93.71074453363396,3.0495929531753063,8788.369113113731,1496.7601241839018
1785167226,200,,Aggregated,58.200000,0.000000,15,20,28,35,72,110,210,670,8200,8700,8800,43835,8,15,93.65881985116415,3.0495929531753063,8788.369113113731,1497.1434926428653
1785167227,200,,Aggregated,59.900000,0.000000,15,20,28,35,72,110,210,670,8200,8700,8800,43908,8,15,93.52736990129787,3.0495929531753063,8788.369113113731,1496.1688075066047
1785167228,200,,Aggregated,57.300000,0.000000,15,20,28,35,72,110,210,670,8200,8700,8800,43941,8,15,93.46953859090672,3.0495929531753063,8788.369113113731,1496.0819280398716
1785167229,200,,Aggregated,56.100000,0.000000,15,20,28,35,72,110,210,670,8200,8700,8800,44040,8,15,93.39433003913359,3.0495929531753063,8788.369113113731,1496.1079246139873
1785167230,200,,Aggregated,58.000000,0.000000,15,20,28,35,72,110,210,670,8200,8700,8800,44085,8,15,93.6892323964801,3.0495929531753063,8788.369113113731,1496.3254168084381
1785167231,200,,Aggregated,56.600000,0.000000,15,20,28,35,72,110,210,670,8200,8700,8800,44139,8,15,93.77688403724753,3.0495929531753063,8788.369113113731,1496.528353610186
1785167232,200,,Aggregated,55.900000,0.000000,15,20,28,35,72,110,210,670,8200,8700,8800,44195,8,15,93.8656581773834,3.0495929531753063,8788.369113113731,1496.706618395746
1785167233,200,,Aggregated,54.700000,0.000000,15,20,28,35,72,110,210,670,8200,8700,8800,44242,8,15,93.79185469798719,3.0495929531753063,8788.369113113731,1496.7506667872158
1785167234,200,,Aggregated,53.900000,0.000000,15,20,28,35,72,110,210,670,8200,8700,8800,44341,9,15,93.64798056687172,3.0495929531753063,8788.369113113731,1495.1045533479173
1785167235,200,,Aggregated,56.800000,0.000000,15,20,28,35,72,110,210,670,8200,8700,8800,44390,9,15,93.56157427794659,3.0495929531753063,8788.369113113731,1494.9339490876323
1785167236,200,,Aggregated,57.100000,0.000000,15,20,28,35,72,110,210,670,8200,8700,8800,44460,9,15,93.62532922684278,3.0495929531753063,8788.369113113731,1494.6576698155645
1785167238,200,,Aggregated,58.200000,0.100000,15,20,28,35,72,110,210,670,8200,8700,8800,44523,9,15,93.87960340568742,3.0495929531753063,8788.369113113731,1494.0921995373178
1785167239,200,,Aggregated,61.000000,0.100000,15,20,28,35,72,110,210,670,8200,8700,8800,44609,9,15,93.94022889880023,3.0495929531753063,8788.369113113731,1494.537895940281
1785167240,200,,Aggregated,58.500000,0.100000,15,20,28,35,72,110,210,670,8200,8700,8800,44676,9,15,94.00386214020412,3.0495929531753063,8788.369113113731,1494.6184304772137
1785167241,200,,Aggregated,58.900000,0.100000,15,20,28,35,72,110,210,670,8200,8700,8800,44770,9,15,93.84895371114958,3.0495929531753063,8788.369113113731,1493.8236989055172
1785167242,200,,Aggregated,59.000000,0.100000,15,20,28,35,72,110,210,670,8200,8700,8800,44818,9,15,93.94700398767748,3.0495929531753063,8788.369113113731,1494.3933910482394
1785167243,200,,Aggregated,63.100000,0.100000,15,20,28,35,72,110,210,670,8200,8700,8800,44909,9,15,93.82939032848441,3.0495929531753063,8788.369113113731,1494.9087042686322
1785167244,200,,Aggregated,64.900000,0.100000,15,20,28,35,72,110,210,670,8200,8700,8800,44968,9,15,93.91724833551278,3.0495929531753063,8788.369113113731,1495.608810709838
1785167245,200,,Aggregated,63.900000,0.100000,15,20,28,34,71,110,210,670,8200,8700,8800,45030,9,15,93.80793003858669,3.0495929531753063,8788.369113113731,1494.8605152120808
1785167246,200,,Aggregated,63.900000,0.100000,15,20,28,34,71,110,210,670,8200,8700,8800,45108,9,15,93.67325875773398,3.0495929531753063,8788.369113113731,1494.2566063669415
1785167247,200,,Aggregated,63.300000,0.000000,15,20,28,34,71,110,210,670,8200,8700,8800,45160,9,15,93.62117160577533,3.0495929531753063,8788.369113113731,1494.4543844109833
1785167248,200,,Aggregated,65.400000,0.000000,15,20,28,34,71,110,210,670,8200,8700,8800,45203,9,15,93.54635558874207,3.0495929531753063,8788.369113113731,1494.2642523726302
1785167249,200,,Aggregated,63.200000,0.000000,15,20,28,34,71,110,210,670,8200,8700,8800,45251,9,15,93.46208796416455,3.0495929531753063,8788.369113113731,1495.1349362445028
1785167250,200,,Aggregated,64.200000,0.000000,15,20,28,34,71,110,210,670,8200,8700,8800,45343,9,15,93.31302762725502,3.0495929531753063,8788.369113113731,1494.6386652846084
1785167252,200,,Aggregated,62.500000,0.000000,15,20,28,34,71,110,210,670,8200,8700,8800,45403,9,15,93.21114138213085,3.0495929531753063,8788.369113113731,1494.446842719644
1785167253,200,,Aggregated,62.300000,0.000000,15,20,28,34,71,110,210,670,8200,8700,8800,45476,9,15,93.26939336742439,3.0495929531753063,8788.369113113731,1494.0852537602252
1785167254,200,,Aggregated,59.800000,0.000000,15,20,28,34,71,110,210,670,8200,8700,8800,45543,9,15,93.33586781867793,3.0495929531753063,8788.369113113731,1493.9625408954175
1785167255,200,,Aggregated,60.300000,0.000000,15,20,28,34,71,110,210,670,8200,8700,8800,45595,9,15,93.24893982159159,3.0495929531753063,8788.369113113731,1494.517578681873
1785167256,200,,Aggregated,59.800000,0.000000,15,20,28,34,71,110,210,670,8200,8700,8800,45669,9,15,93.6491951408922,3.0495929531753063,8788.369113113731,1493.8121482843942
1785167257,200,,Aggregated,59.500000,0.000000,15,20,28,34,71,110,210,670,8200,8700,8800,45741,9,15,94.11124426810395,3.0495929531753063,8788.369113113731,1494.7479066920268
1785167258,200,,Aggregated,59.500000,0.000000,15,20,28,34,71,110,210,670,8200,8700,8800,45789,9,15,94.55332892274822,3.0495929531753063,8788.369113113731,1494.2590141737098
1785167259,200,,Aggregated,58.900000,0.000000,15,20,28,34,71,110,210,680,8200,8700,8800,45859,9,15,95.13594024718526,3.0495929531753063,8788.369113113731,1493.9463355066616
1785167260,200,,Aggregated,60.300000,0.000000,15,20,28,34,71,110,210,680,8200,8700,8800,45907,9,15,95.57685758301186,3.0495929531753063,8788.369113113731,1493.3725575620276
1785167261,200,,Aggregated,63.000000,0.000000,15,20,28,34,71,110,210,680,8200,8700,8800,45975,9,15,95.99398108718329,3.0495929531753063,8788.369113113731,1492.368961392061
1785167262,200,,Aggregated,62.700000,0.000000,15,20,28,34,71,110,210,680,8200,8700,8800,45991,9,15,96.51931377244063,3.0495929531753063,8788.369113113731,1492.2374377595615
1785167263,200,,Aggregated,59.700000,0.000000,15,20,28,34,71,110,210,680,8200,8700,8800,46081,9,15,96.93701365532321,3.0495929531753063,8788.369113113731,1492.352422907489
1785167264,200,,Aggregated,58.500000,0.000000,15,20,28,34,71,110,210,680,8200,8700,8800,46140,9,15,97.18712712768776,3.0495929531753063,8788.369113113731,1491.6701343736454
1785167265,200,,Aggregated,59.500000,0.000000,15,20,28,34,71,110,210,680,8200,8700,8800,46203,9,15,97.07473310610257,3.0495929531753063,8788.369113113731,1492.7899703482458
1785167266,200,,Aggregated,59.000000,0.000000,15,20,28,34,71,110,210,680,8200,8700,8800,46257,9,15,96.9761492738331,3.0495929531753063,8788.369113113731,1492.6162310569212
1785167267,200,,Aggregated,58.900000,0.000000,15,20,28,34,71,110,210,680,8200,8700,8800,46305,9,15,96.91969653559434,3.0495929531753063,8788.369113113731,1492.3835007018681
1785167268,200,,Aggregated,59.300000,0.000000,15,20,28,34,71,110,210,680,8200,8700,8800,46347,9,15,96.84467606398407,3.0495929531753063,8788.369113113731,1492.9357887241893
1785167269,200,,Aggregated,57.600000,0.000000,15,20,28,34,71,110,210,680,8200,8700,8800,46381,9,15,96.78405555357618,3.0495929531753063,8788.369113113731,1492.2813005325456
1785167270,200,,Aggregated,55.500000,0.000000,15,20,28,34,71,110,210,680,8200,8700,8800,46462,9,15,96.65032306873142,3.0495929531753063,8788.369113113731,1491.3031940080066
1785167271,200,,Aggregated,52.700000,0.000000,15,20,28,34,71,110,210,680,8200,8700,8800,46522,9,15,96.54656030629606,3.0495929531753063,8788.369113113731,1491.138128197412
1785167272,200,,Aggregated,54.100000,0.000000,15,20,28,34,71,110,210,680,8200,8700,8800,46562,9,15,96.47877188620454,3.0495929531753063,8788.369113113731,1490.7449851810488
1785167273,200,,Aggregated,53.800000,0.000000,15,20,28,34,71,110,210,680,8200,8700,8800,46674,9,15,96.4054864391268,3.0495929531753063,8788.369113113731,1490.065154047221
1785167274,200,,Aggregated,55.600000,0.000000,15,20,28,34,71,110,210,680,8200,8700,8800,46757,9,15,96.26902631628141,3.0495929531753063,8788.369113113731,1489.6309429604123
1785167275,200,,Aggregated,55.800000,0.000000,15,20,28,34,71,110,210,680,8200,8700,8800,46807,9,15,96.1816652728064,3.0495929531753063,8788.369113113731,1489.473283910526
1785167277,200,,Aggregated,58.400000,0.000000,15,20,28,34,71,110,210,680,8200,8700,8800,46854,9,15,96.09912933968727,3.0495929531753063,8788.369113113731,1489.5118879924873
1785167278,200,,Aggregated,57.200000,0.000000,15,20,28,34,71,110,210,680,8200,8700,8800,46939,9,15,96.05472898541598,3.0495929531753063,8788.369113113731,1491.4199919043865
1785167279,200,,Aggregated,58.000000,0.000000,15,20,28,34,71,110,210,680,8200,8700,8800,47008,9,15,95.93420697637076,3.0495929531753063,8788.369113113731,1491.4727067733152
1785167280,200,,Aggregated,61.000000,0.000000,15,20,28,34,71,110,210,680,8200,8700,8800,47073,9,15,95.83254788931094,3.0495929531753063,8788.369113113731,1491.7007838888535
1785167281,200,,Aggregated,61.600000,0.000000,15,20,28,34,71,110,210,680,8200,8700,8800,47138,9,15,95.72771214568377,3.0495929531753063,8788.369113113731,1491.040667826382
1785167282,200,,Aggregated,62.100000,0.000000,15,20,28,34,71,110,210,680,8200,8700,8800,47204,9,15,95.7591160153905,3.0495929531753063,8788.369113113731,1491.0163545462249
1785167283,200,,Aggregated,62.400000,0.000000,15,20,28,34,71,110,210,680,8200,8700,8800,47266,9,15,95.66246154592588,3.0495929531753063,8788.369113113731,1490.7136419413532
1785167284,200,,Aggregated,60.000000,0.000000,15,20,28,34,71,110,210,680,8200,8700,8800,47307,9,15,95.59506166387423,3.0495929531753063,8788.369113113731,1490.8090768808
1785167285,200,,Aggregated,64.600000,0.000000,15,20,28,34,71,110,210,680,8200,8700,8800,47345,9,15,95.53016926169224,3.0495929531753063,8788.369113113731,1492.026444186292
1785167286,200,,Aggregated,60.200000,0.000000,15,20,28,34,71,110,210,680,8200,8700,8800,47394,9,15,95.44572773023997,3.0495929531753063,8788.369113113731,1491.7335949698274
1785167287,200,,Aggregated,56.700000,0.000000,15,20,28,34,71,110,210,680,8200,8700,8800,47423,9,15,95.3976386411955,3.0495929531753063,8788.369113113731,1491.7432891213125
1785167288,200,,Aggregated,56.100000,0.000000,15,20,28,34,71,110,210,680,8200,8700,8800,47515,9,15,95.32704129470132,3.0495929531753063,8788.369113113731,1492.0854887930127
1785167289,200,,Aggregated,56.700000,0.000000,15,20,28,34,71,110,210,680,8200,8700,8800,47558,9,15,95.255659354293,3.0495929531753063,8788.369113113731,1492.2367214769333
1785167290,200,,Aggregated,53.800000,0.000000,15,20,28,34,71,110,210,670,8200,8700,8800,47625,9,15,95.14343471500993,3.0495929531753063,8788.369113113731,1493.64862992126
1785167291,200,,Aggregated,54.500000,0.000000,15,20,28,34,71,110,210,670,8200,8700,8800,47686,9,15,95.04056142603878,3.0495929531753063,8788.369113113731,1493.1909784842512
1785167292,200,,Aggregated,53.200000,0.000000,15,20,28,34,71,110,210,670,8200,8700,8800,47733,9,15,94.9768621885047,3.0495929531753063,8788.369113113731,1493.0726331887793
1785167293,200,,Aggregated,53.800000,0.000000,15,20,28,34,71,110,210,670,8200,8700,8800,47801,9,15,94.87976034828604,3.0495929531753063,8788.369113113731,1492.3895943599507
1785167294,200,,Aggregated,56.700000,0.000000,15,20,28,34,71,110,210,670,8200,8700,8800,47848,9,15,94.80016120419015,3.0495929531753063,8788.369113113731,1492.2627696037453
1785167295,200,,Aggregated,50.400000,0.000000,15,20,28,34,71,110,210,670,8200,8700,8800,47919,10,15,94.6838951610754,3.0495929531753063,8788.369113113731,1492.0196373046183
1785167296,200,,Aggregated,52.000000,0.000000,15,20,28,34,71,110,210,670,8200,8700,8800,47980,11,15,94.5844592965187,3.0495929531753063,8788.369113113731,1491.7911213005418
1785167297,200,,Aggregated,54.500000,0.000000,15,20,28,34,71,110,210,670,8200,8700,8800,48004,11,15,94.55821945638293,3.0495929531753063,8788.369113113731,1492.2674568785935
1785167298,200,,Aggregated,56.700000,0.100000,15,20,28,34,71,110,210,670,8200,8700,8800,48079,11,15,94.49308192886609,3.0495929531753063,8788.369113113731,1492.0836331870464
1785167299,200,,Aggregated,56.800000,0.200000,15,20,28,34,71,110,210,670,8200,8700,8800,48145,11,15,94.38426709996114,3.0495929531753063,8788.369113113731,1492.082230761242
1785167300,200,,Aggregated,57.200000,0.200000,15,20,28,34,71,110,210,670,8200,8700,8800,48219,11,15,94.2624932075853,3.0495929531753063,8788.369113113731,1490.9638316846056
1785167301,200,,Aggregated,55.300000,0.200000,15,20,28,34,71,110,210,670,8200,8700,8800,48269,11,15,94.18197335031716,3.0495929531753063,8788.369113113731,1491.0860800928133
1785167302,200,,Aggregated,57.300000,0.200000,15,20,28,34,71,110,210,670,8200,8700,8800,48301,11,15,94.14597789194355,3.0495929531753063,8788.369113113731,1490.8519285315003
1785167303,200,,Aggregated,57.700000,0.200000,15,20,28,34,71,110,210,670,8200,8700,8800,48384,11,15,94.04546270146601,3.0495929531753063,8788.369113113731,1490.9623635912699
1785167304,200,,Aggregated,56.200000,0.200000,15,20,28,34,71,110,210,670,8200,8700,8800,48434,11,15,93.9655005853978,3.0495929531753063,8788.369113113731,1491.0755461039766
1785167305,200,,Aggregated,56.900000,0.200000,15,20,28,34,71,110,210,670,8200,8700,8800,48496,11,15,93.8908436887223,3.0495929531753063,8788.369113113731,1491.000474265919
1785167306,200,,Aggregated,57.800000,0.200000,15,20,28,34,71,110,210,670,8200,8700,8800,48562,11,15,93.7935473464363,3.0495929531753063,8788.369113113731,1490.0772414645196
1785167307,200,,Aggregated,56.600000,0.200000,15,20,28,34,71,110,210,670,8200,8700,8800,48609,11,15,93.74178824016954,3.0495929531753063,8788.369113113731,1489.9018083071037
1785167309,200,,Aggregated,55.900000,0.100000,15,20,28,34,71,110,210,670,8200,8700,8800,48677,11,15,93.63203601867602,3.0495929531753063,8788.369113113731,1489.646034061261
1785167310,200,,Aggregated,56.600000,0.000000,15,20,28,34,71,110,210,670,8200,8700,8800,48715,11,15,93.56938733514346,3.0495929531753063,8788.369113113731,1489.972390434158
1785167311,200,,Aggregated,56.600000,0.000000,15,20,28,34,70,110,200,670,8200,8700,8800,48792,11,15,93.44326671580578,3.0495929531753063,8788.369113113731,1490.3053779308084
1785167312,200,,Aggregated,59.600000,0.000000,15,20,28,34,70,110,200,660,8200,8700,8800,48843,11,15,93.36174184055302,3.0495929531753063,8788.369113113731,1490.9290379378826
1785167313,200,,Aggregated,56.000000,0.000000,15,20,28,34,70,110,200,660,8200,8700,8800,48870,11,15,93.31743659618164,3.0495929531753063,8788.369113113731,1490.8622263147124
1785167314,200,,Aggregated,57.000000,0.000000,15,20,28,34,71,110,200,660,8200,8700,8800,48983,11,15,93.39844751520431,3.0495929531753063,8788.369113113731,1490.1422738501112
1785167315,200,,Aggregated,54.000000,0.000000,15,20,28,34,70,110,200,660,8200,8700,8800,49044,11,15,93.30214571721847,3.0495929531753063,8788.369113113731,1490.926718864693
1785167316,200,,Aggregated,58.100000,0.000000,15,20,28,34,70,110,200,660,8200,8700,8800,49090,11,15,93.2278218856421,3.0495929531753063,8788.369113113731,1491.3542065593808
1785167317,200,,Aggregated,59.700000,0.000000,15,20,28,34,70,110,200,660,8200,8700,8800,49147,11,15,93.46547152796153,3.0495929531753063,8788.369113113731,1491.1904083667366
1785167318,200,,Aggregated,58.500000,0.000000,15,20,28,34,70,110,210,670,8200,8700,8800,49216,11,15,93.62173120420472,3.0495929531753063,8788.369113113731,1491.2152145643693
1785167319,200,,Aggregated,57.000000,0.000000,15,20,28,34,70,110,210,670,8200,8700,8800,49281,11,15,93.52096407280604,3.0495929531753063,8788.369113113731,1491.0004058359204
1785167320,200,,Aggregated,55.800000,0.000000,15,20,28,34,70,110,210,670,8200,8700,8800,49331,11,15,93.60221444518086,3.0495929531753063,8788.369113113731,1491.5650402383897
1785167321,200,,Aggregated,59.100000,0.000000,15,20,28,34,70,110,200,670,8200,8700,8800,49394,11,15,93.50157549260803,3.0495929531753063,8788.369113113731,1491.0209944527676
1785167322,200,,Aggregated,59.900000,0.000000,15,20,28,34,70,110,200,670,8200,8700,8800,49454,11,15,93.40842679980058,3.0495929531753063,8788.369113113731,1490.6129534516924
1785167323,200,,Aggregated,58.800000,0.000000,15,20,28,34,71,110,200,670,8200,8700,8800,49578,11,15,93.35430759629324,3.0495929531753063,8788.369113113731,1490.5774940497802
1785167324,200,,Aggregated,60.400000,0.000000,15,20,28,34,71,110,200,670,8200,8700,8800,49609,11,15,93.46714603954793,3.0495929531753063,8788.369113113731,1491.2172992803726
1785167325,200,,Aggregated,63.000000,0.000000,15,20,28,34,71,110,200,670,8200,8700,8800,49650,11,15,93.40791511508822,3.0495929531753063,8788.369113113731,1491.6723867069486
1785167326,200,,Aggregated,60.900000,0.000000,15,20,28,34,71,110,200,670,8200,8700,8800,49699,11,15,93.49125269620434,3.0495929531753063,8788.369113113731,1491.1841083321597
1785167328,200,,Aggregated,57.800000,0.000000,15,20,28,34,70,110,200,670,8200,8700,8800,49746,11,15,93.41962494037845,3.0495929531753063,8788.369113113731,1491.083906243718
1785167329,200,,Aggregated,57.700000,0.000000,15,20,28,34,70,110,200,670,8200,8700,8800,49826,11,15,93.31538451326301,3.0495929531753063,8788.369113113731,1490.4997792317265
1785167330,200,,Aggregated,57.900000,0.000000,15,20,28,34,70,110,200,670,8200,8700,8800,49879,11,15,93.23312499216838,3.0495929531753063,8788.369113113731,1490.9483550191464
1785167331,200,,Aggregated,55.200000,0.000000,15,20,28,34,70,110,200,670,8200,8700,8800,49912,11,15,93.18143438447387,3.0495929531753063,8788.369113113731,1491.044798845969
1785167332,200,,Aggregated,55.400000,0.000000,15,20,28,34,70,110,200,670,8200,8700,8800,49976,11,15,93.0884426040709,3.0495929531753063,8788.369113113731,1491.1173163118297
1785167333,200,,Aggregated,52.500000,0.000000,15,20,28,34,70,110,200,670,8200,8700,8800,50040,11,15,93.47501447464121,3.0495929531753063,8788.369113113731,1490.1141886490807
1785167334,200,,Aggregated,51.400000,0.000000,15,20,28,34,70,110,200,670,8200,8700,8800,50101,11,15,94.04782899898545,3.0495929531753063,8788.369113113731,1489.950619748109
1785167335,200,,Aggregated,53.600000,0.000000,15,20,28,34,70,110,200,670,8200,8700,8800,50168,11,15,94.42539561978725,3.0495929531753063,8788.369113113731,1490.1959017700526
1785167336,200,,Aggregated,48.200000,0.000000,15,20,28,34,70,110,210,680,8200,8700,8800,50226,11,15,94.97191843568051,3.0495929531753063,8788.369113113731,1491.1810018715407
1785167337,200,,Aggregated,49.700000,0.000000,15,20,28,34,70,110,210,680,8200,8700,8800,50284,11,15,95.83661757700744,3.0495929531753063,8788.369113113731,1490.7616140322966
1785167339,200,,Aggregated,51.700000,0.000000,15,20,28,34,70,110,210,680,8200,8700,8800,50327,11,15,95.92571634937977,3.0495929531753063,8788.369113113731,1491.0534305641106
1785167340,200,,Aggregated,54.800000,0.000000,15,20,28,34,70,110,210,680,8200,8700,8800,50401,11,15,96.15031157551549,3.0495929531753063,8788.369113113731,1490.4568758556377
1785167341,200,,Aggregated,50.700000,0.000000,15,20,28,34,70,110,210,680,8200,8700,8800,50449,11,15,96.71062574284706,3.0495929531753063,8788.369113113731,1490.1796071279907
1785167342,200,,Aggregated,53.300000,0.000000,15,19,28,34,70,110,210,680,8200,8700,8800,50501,11,15,96.62876251076727,3.0495929531753063,8788.369113113731,1490.9439219025367
1785167343,200,,Aggregated,53.900000,0.000000,15,19,28,34,70,110,210,680,8200,8700,8800,50551,11,15,96.55058730283623,3.0495929531753063,8788.369113113731,1490.5931633399932
1785167344,200,,Aggregated,53.900000,0.000000,15,19,28,34,70,110,210,680,8200,8700,8800,50608,11,15,96.46390563351223,3.0495929531753063,8788.369113113731,1490.185405469491
1785167345,200,,Aggregated,51.300000,0.000000,15,20,28,34,70,110,210,680,8200,8700,8800,50709,11,15,96.36606761176976,3.0495929531753063,8788.369113113731,1489.3413989627088
1785167346,200,,Aggregated,54.200000,0.000000,15,20,28,34,70,110,210,680,8200,8700,8800,50765,11,15,96.2754995802695,3.0495929531753063,8788.369113113731,1489.1521323746676
1785167347,200,,Aggregated,56.400000,0.000000,15,19,28,34,70,110,210,680,8200,8700,8800,50816,11,15,96.19350393516399,3.0495929531753063,8788.369113113731,1489.0088554785893
1785167348,200,,Aggregated,56.900000,0.000000,15,19,28,34,70,110,210,680,8200,8700,8800,50901,11,15,96.060168014323,3.0495929531753063,8788.369113113731,1487.991453998939
1785167349,200,,Aggregated,55.900000,0.000000,15,20,28,34,70,110,210,680,8200,8700,8800,51038,11,15,95.90998086949413,3.0495929531753063,8788.369113113731,1488.0467690740234
1785167350,200,,Aggregated,57.500000,0.000000,15,19,28,34,70,110,200,680,8200,8700,8800,51085,11,15,95.8338287595774,3.0495929531753063,8788.369113113731,1488.1203288636586
1785167351,200,,Aggregated,58.200000,0.000000,15,19,28,34,70,110,200,680,8200,8700,8800,51163,11,15,95.71219665309752,3.0495929531753063,8788.369113113731,1486.9535015538572
1785167353,200,,Aggregated,63.900000,0.000000,15,19,28,34,70,110,200,680,8200,8700,8800,51195,11,15,95.66740927409967,3.0495929531753063,8788.369113113731,1487.2613927141322
1785167354,200,,Aggregated,67.000000,0.000000,15,19,28,34,70,110,200,680,8200,8700,8800,51284,12,15,95.57285470100669,3.0495929531753063,8788.369113113731,1486.7604321035801
1785167355,200,,Aggregated,64.600000,0.000000,15,19,28,34,70,110,200,680,8200,8700,8800,51356,14,15,95.47752733130446,3.0495929531753063,8788.369113113731,1486.4226769997663
1785167356,200,,Aggregated,66.900000,0.000000,15,19,28,34,70,110,200,680,8200,8700,8800,51429,14,15,95.3643763997233,3.0495929531753063,8788.369113113731,1486.4657100079721
1785167357,200,,Aggregated,67.000000,0.300000,15,19,28,34,70,110,200,680,8200,8700,8800,51468,14,15,95.30682028876723,3.0495929531753063,8788.369113113731,1486.020945053237
1785167358,200,,Aggregated,67.200000,0.300000,15,19,28,34,70,110,200,680,8200,8700,8800,51485,14,15,95.30637513420068,3.0495929531753063,8788.369113113731,1486.1807516752451
1785167359,200,,Aggregated,67.300000,0.300000,15,19,28,34,70,110,200,680,8200,8700,8800,51579,14,15,95.19296518033079,3.0495929531753063,8788.369113113731,1487.6575932065375
1785167360,200,,Aggregated,61.400000,0.300000,15,19,28,34,70,110,200,680,8200,8700,8800,51649,14,15,95.08793984460864,3.0495929531753063,8788.369113113731,1487.0162442641677
1785167361,200,,Aggregated,66.000000,0.300000,15,19,28,34,70,110,200,680,8200,8700,8800,51734,14,15,94.95767722997036,3.0495929531753063,8788.369113113731,1486.4457416785867
1785167362,200,,Aggregated,59.300000,0.300000,15,19,28,34,69,110,200,680,8200,8700,8800,51771,14,15,94.90064453310482,3.0495929531753063,8788.369113113731,1486.9270634138804
1785167363,200,,Aggregated,61.400000,0.300000,15,19,28,34,70,110,200,680,8200,8700,8800,51864,14,15,94.81777140499015,3.0495929531753063,8788.369113113731,1487.6723353385778
1785167364,200,,Aggregated,60.300000,0.300000,15,19,28,34,70,110,200,670,8200,8700,8800,51926,14,15,94.73042773649598,3.0495929531753063,8788.369113113731,1488.2405346069406
1785167365,200,,Aggregated,63.300000,0.300000,15,19,28,34,70,110,200,670,8200,8700,8800,51976,14,15,94.65306634859074,3.0495929531753063,8788.369113113731,1488.2841503770971
1785167366,200,,Aggregated,59.800000,0.300000,15,19,28,34,70,110,200,670,8200,8700,8800,52033,14,15,94.56702728913352,3.0495929531753063,8788.369113113731,1488.2004497146042
1785167368,200,,Aggregated,59.100000,0.000000,15,19,28,34,70,110,200,670,8200,8700,8800,52060,14,15,94.52529433207523,3.0495929531753063,8788.369113113731,1488.211352285824
1785167369,200,,Aggregated,57.800000,0.000000,15,19,28,34,70,110,200,670,8200,8700,8800,52162,14,15,94.4902871693195,3.0495929531753063,8788.369113113731,1489.6352325447644
1785167370,200,,Aggregated,57.700000,0.000000,15,19,28,34,70,110,200,670,8200,8700,8800,52214,14,15,94.41614591758294,3.0495929531753063,8788.369113113731,1489.7444555100165
1785167371,200,,Aggregated,58.100000,0.000000,15,19,28,34,70,110,200,670,8200,8700,8800,52275,14,15,94.32480400018858,3.0495929531753063,8788.369113113731,1489.3960019129604
1785167372,200,,Aggregated,57.900000,0.000000,15,19,28,34,70,110,200,670,8200,8700,8800,52334,14,15,94.23563669161857,3.0495929531753063,8788.369113113731,1489.633183016777
1785167373,200,,Aggregated,57.100000,0.000000,15,19,28,34,70,110,200,670,8200,8700,8800,52361,14,15,94.20450270191657,3.0495929531753063,8788.369113113731,1489.6789595309485
1785167374,200,,Aggregated,55.800000,0.000000,15,19,28,34,70,110,200,670,8200,8700,8800,52463,14,15,94.10583100682513,3.0495929531753063,8788.369113113731,1490.2247488706325
1785167375,200,,Aggregated,52.000000,0.000000,15,19,28,34,70,110,200,670,8200,8700,8800,52557,14,15,93.9714947942327,3.0495929531753063,8788.369113113731,1489.3423330859828
1785167376,200,,Aggregated,57.200000,0.000000,15,19,28,34,70,110,200,670,8200,8700,8800,52597,14,15,93.91265504793571,3.0495929531753063,8788.369113113731,1488.634503869042
1785167377,200,,Aggregated,59.700000,0.000000,15,19,28,34,70,110,200,670,8200,8700,8800,52645,14,15,93.84179278495782,3.0495929531753063,8788.369113113731,1488.38562066673
1785167378,200,,Aggregated,59.000000,0.000000,15,19,28,34,70,110,200,670,8200,8700,8800,52744,14,15,93.78258984214973,3.0495929531753063,8788.369113113731,1488.7508531776127
1785167379,200,,Aggregated,59.000000,0.000000,15,19,28,34,70,110,200,670,8200,8700,8800,52817,14,15,93.67849133627556,3.0495929531753063,8788.369113113731,1488.5726186644451
1785167380,200,,Aggregated,63.700000,0.000000,15,19,28,34,70,110,200,670,8200,8700,8800,52870,14,15,93.60188036119163,3.0495929531753063,8788.369113113731,1488.968261774163
1785167382,200,,Aggregated,61.300000,0.000000,15,19,28,34,70,110,200,670,8200,8700,8800,52936,14,15,93.50836343051805,3.0495929531753063,8788.369113113731,1488.9789179386428
1785167383,200,,Aggregated,61.900000,0.000000,15,20,28,34,71,110,200,670,8200,8700,8800,53062,14,15,93.48980243214439,3.0495929531753063,8788.369113113731,1488.7286570427048
1785167384,200,,Aggregated,60.900000,0.000000,15,20,28,34,71,110,200,670,8200,8700,8800,53095,14,15,93.44188008630286,3.0495929531753063,8788.369113113731,1489.1948394387418
1785167385,200,,Aggregated,69.400000,0.000000,15,20,28,34,71,110,200,670,8200,8700,8800,53152,14,15,93.36154999426581,3.0495929531753063,8788.369113113731,1488.9794927754365
1785167386,200,,Aggregated,64.200000,0.000000,15,20,28,34,71,110,200,670,8200,8700,8800,53204,14,15,93.2863305146413,3.0495929531753063,8788.369113113731,1489.0611796105557
1785167387,200,,Aggregated,61.000000,0.000000,15,20,28,34,71,110,200,670,8200,8700,8800,53240,14,15,93.25983417483245,3.0495929531753063,8788.369113113731,1489.4629038317055
1785167388,200,,Aggregated,60.200000,0.000000,15,20,28,34,70,110,200,670,8200,8700,8800,53335,14,15,93.14061940790063,3.0495929531753063,8788.369113113731,1489.5369269710322
1785167389,200,,Aggregated,59.800000,0.000000,15,20,28,34,70,110,200,670,8200,8700,8800,53423,14,15,93.01969962227476,3.0495929531753063,8788.369113113731,1488.0533290904666
1785167390,200,,Aggregated,60.600000,0.000000,15,20,28,34,70,110,200,660,8200,8700,8800,53525,14,15,92.89228361107789,3.0495929531753063,8788.369113113731,1488.0704717421766
1785167391,200,,Aggregated,62.600000,0.000000,15,20,28,34,70,110,200,660,8200,8700,8800,53587,14,15,92.86460230644856,3.0495929531753063,8788.369113113731,1487.8200683001473
1785167392,200,,Aggregated,66.100000,0.000000,15,20,28,34,70,110,200,660,8200,8700,8800,53646,14,15,92.77684038563169,3.0495929531753063,8788.369113113731,1487.2412295418112
1785167393,200,,Aggregated,63.600000,0.000000,15,20,28,34,70,110,200,660,8200,8700,8800,53688,14,15,92.71463337477265,3.0495929531753063,8788.369113113731,1487.6825361347042
1785167394,200,,Aggregated,68.800000,0.000000,15,19,28,34,70,110,200,660,8200,8700,8800,53741,14,15,92.78630335724685,3.0495929531753063,8788.369113113731,1488.093410989747
1785167395,200,,Aggregated,62.700000,0.000000,15,19,28,34,70,110,200,660,8200,8700,8800,53792,14,15,92.7128276944575,3.0495929531753063,8788.369113113731,1487.5711258179656
1785167396,200,,Aggregated,63.100000,0.000000,15,20,28,34,70,110,200,660,8200,8700,8800,53858,14,15,92.8263023719461,3.0495929531753063,8788.369113113731,1487.4142003045044
1785167397,200,,Aggregated,62.800000,0.000000,15,19,28,34,70,110,200,660,8200,8700,8800,53919,14,15,92.88741645462486,3.0495929531753063,8788.369113113731,1487.14672008012
1785167398,200,,Aggregated,63.000000,0.000000,15,19,28,34,70,110,200,660,8200,8700,8800,53997,14,15,92.77470544517985,3.0495929531753063,8788.369113113731,1486.450802822379
1785167399,200,,Aggregated,65.600000,0.000000,15,19,28,34,70,110,200,660,8200,8700,8800,54052,14,15,92.70015049035084,3.0495929531753063,8788.369113113731,1487.1043809664768
1785167400,200,,Aggregated,66.200000,0.000000,15,19,28,34,70,110,200,660,8200,8700,8800,54098,14,15,92.64008155396932,3.0495929531753063,8788.369113113731,1486.9649524936226
1785167401,200,,Aggregated,63.500000,0.000000,15,20,28,34,70,110,200,660,8200,8700,8800,54193,14,15,92.70279118481801,3.0495929531753063,8788.369113113731,1487.0064953038216
1785167402,200,,Aggregated,59.200000,0.000000,15,19,28,34,70,110,200,660,8200,8700,8800,54242,14,15,92.78090578128027,3.0495929531753063,8788.369113113731,1486.7208251908116
1785167403,200,,Aggregated,60.000000,0.000000,15,19,28,34,70,110,200,660,8200,8700,8800,54284,14,15,92.72276236633371,3.0495929531753063,8788.369113113731,1486.2540343379264
1785167404,200,,Aggregated,58.100000,0.000000,15,19,28,34,70,110,200,660,8200,8700,8800,54341,14,15,92.79017516901351,3.0495929531753063,8788.369113113731,1486.211148120204
1785167406,200,,Aggregated,57.800000,0.000000,15,19,28,34,70,110,200,660,8200,8700,8800,54389,14,15,92.73326707791531,3.0495929531753063,8788.369113113731,1485.9117284745078
1785167407,200,,Aggregated,57.300000,0.000000,15,20,28,34,70,110,200,660,8200,8700,8800,54492,14,15,92.66830293145856,3.0495929531753063,8788.369113113731,1485.1602070028628
1785167408,200,,Aggregated,57.700000,0.000000,15,19,28,34,70,110,200,660,8200,8700,8800,54542,14,15,92.74462524292888,3.0495929531753063,8788.369113113731,1485.1851600601372
1785167409,200,,Aggregated,58.900000,0.000000,15,19,28,34,70,110,200,660,8200,8700,8800,54617,14,15,93.23070257843948,3.0495929531753063,8788.369113113731,1485.5823644652764
1785167410,200,,Aggregated,55.700000,0.000000,15,19,28,34,70,110,200,670,8200,8700,8800,54665,14,15,93.6030152010988,3.0495929531753063,8788.369113113731,1485.676977956645
1785167411,200,,Aggregated,57.300000,0.000000,15,20,28,34,70,110,200,670,8200,8700,8800,54715,14,15,93.8948245446521,3.0495929531753063,8788.369113113731,1484.983496299004
1785167412,200,,Aggregated,57.800000,0.000000,15,20,28,34,70,110,200,670,8200,8700,8800,54806,14,15,94.0717876132042,3.0495929531753063,8788.369113113731,1483.9987410137576
1785167413,200,,Aggregated,55.700000,0.000000,15,20,28,34,70,110,200,670,8200,8700,8800,54855,14,15,94.2951588449809,3.0495929531753063,8788.369113113731,1484.785817154316
1785167414,200,,Aggregated,57.400000,0.000000,15,19,28,34,70,110,200,670,8200,8700,8800,54934,14,15,94.18822535297967,3.0495929531753063,8788.369113113731,1484.441402410165
1785167415,200,,Aggregated,59.500000,0.000000,15,19,28,34,70,110,200,670,8200,8700,8800,54982,14,15,94.11886567083049,3.0495929531753063,8788.369113113731,1484.038885453421
1785167416,200,,Aggregated,59.600000,0.000000,15,19,28,34,70,110,200,680,8200,8700,8800,55073,14,15,94.66710869538551,3.0495929531753063,8788.369113113731,1483.8334392533545
1785167417,200,,Aggregated,62.900000,0.000000,15,19,28,34,70,110,200,670,8200,8700,8800,55119,14,15,94.60428328581781,3.0495929531753063,8788.369113113731,1483.4287995065222
1785167418,200,,Aggregated,63.200000,0.000000,15,19,28,34,70,110,200,680,8200,8700,8800,55199,14,15,94.7848460615521,3.0495929531753063,8788.369113113731,1484.5057337995254
1785167419,200,,Aggregated,61.000000,0.000000,15,19,28,34,70,110,200,680,8200,8700,8800,55258,14,15,94.99250127882144,3.0495929531753063,8788.369113113731,1484.470628687249
1785167420,200,,Aggregated,62.100000,0.000000,15,19,28,34,70,110,200,680,8200,8700,8800,55321,14,15,95.25903003022857,3.0495929531753063,8788.369113113731,1484.292727897182
1785167421,200,,Aggregated,61.100000,0.000000,15,19,28,34,70,110,200,680,8200,8700,8800,55394,14,15,95.16251595473979,3.0495929531753063,8788.369113113731,1483.7899592013575
1785167422,200,,Aggregated,61.800000,0.000000,15,19,28,34,70,110,200,680,8200,8700,8800,55468,14,15,95.06391565957368,3.0495929531753063,8788.369113113731,1483.5728347876252
1785167423,197,,Aggregated,65.500000,0.000000,15,19,28,34,70,110,200,680,8200,8700,8800,55522,14,15,94.98868526097954,3.0495929531753063,8788.369113113731,1483.4241561903389
1785167425,194,,Aggregated,62.300000,0.000000,15,19,28,34,70,110,200,680,8200,8700,8800,55563,14,15,94.92878412214947,3.0495929531753063,8788.369113113731,1483.3655850116083
1785167426,190,,Aggregated,64.000000,0.000000,15,19,28,34,70,110,200,680,8200,8700,8800,55681,14,15,94.79954754743707,3.0495929531753063,8788.369113113731,1482.6110522440329
1785167427,186,,Aggregated,58.900000,0.000000,15,19,28,34,70,110,200,680,8200,8700,8800,55739,14,15,94.71702143629219,3.0495929531753063,8788.369113113731,1482.1675487540142
1785167428,183,,Aggregated,63.800000,0.000000,15,19,28,34,70,110,200,680,8200,8700,8800,55794,14,15,94.64698260063626,3.0495929531753063,8788.369113113731,1482.13824067104
1785167429,179,,Aggregated,64.400000,0.000000,15,19,28,34,70,110,200,680,8200,8700,8800,55847,14,15,94.5762198589628,3.0495929531753063,8788.369113113731,1482.4848425161601
1785167430,176,,Aggregated,63.500000,0.000000,15,19,28,34,70,110,200,680,8200,8700,8800,55893,14,15,94.55330634396078,3.0495929531753063,8788.369113113731,1482.5942067879698
1785167431,173,,Aggregated,63.200000,0.000000,15,19,28,34,70,110,200,680,8200,8700,8800,55943,14,15,94.49716122483974,3.0495929531753063,8788.369113113731,1482.2928695279124
1785167432,169,,Aggregated,58.100000,0.000000,15,19,28,34,70,110,200,680,8200,8700,8800,55974,14,15,94.45519803977251,3.0495929531753063,8788.369113113731,1483.0353378354237
1785167433,166,,Aggregated,59.200000,0.000000,15,19,28,34,70,110,200,670,8200,8700,8800,56013,14,15,94.40069463074047,3.0495929531753063,8788.369113113731,1483.0934961526789
1785167434,162,,Aggregated,56.100000,0.000000,15,19,28,34,70,110,200,670,8200,8700,8800,56069,14,15,94.32236463307864,3.0495929531753063,8788.369113113731,1483.2392409352763
1785167435,159,,Aggregated,56.100000,0.000000,15,19,28,34,70,110,200,670,8200,8700,8800,56086,14,15,94.29791527160046,3.0495929531753063,8788.369113113731,1483.4518418143566
1785167436,156,,Aggregated,52.400000,0.000000,15,19,28,34,70,110,200,670,8200,8700,8800,56160,14,15,94.20846644696528,3.0495929531753063,8788.369113113731,1483.1028846153847
1785167437,153,,Aggregated,52.300000,0.000000,15,19,28,34,70,110,200,670,8200,8700,8800,56193,14,15,94.16079172264706,3.0495929531753063,8788.369113113731,1483.3025109889131
1785167438,149,,Aggregated,47.500000,0.000000,15,19,28,34,70,110,200,670,8200,8700,8800,56236,14,15,94.1091443242579,3.0495929531753063,8788.369113113731,1483.0513727861157
1785167439,145,,Aggregated,44.900000,0.000000,15,19,28,34,70,110,200,670,8200,8700,8800,56299,14,15,94.02103717940443,3.0495929531753063,8788.369113113731,1482.4529565356402
1785167440,142,,Aggregated,44.200000,0.000000,15,19,28,34,70,110,200,670,8200,8700,8800,56349,14,15,93.95184210160413,3.0495929531753063,8788.369113113731,1481.9818807787183
1785167441,138,,Aggregated,43.700000,0.000000,15,19,28,34,69,110,200,670,8200,8700,8800,56381,14,15,93.91367996236853,3.0495929531753063,8788.369113113731,1482.3059896064276
1785167442,135,,Aggregated,47.700000,0.000000,15,19,28,34,69,110,200,670,8200,8700,8800,56429,14,15,93.84826392838433,3.0495929531753063,8788.369113113731,1482.0497084832268
1785167443,1,,Aggregated,47.700000,0.000000,15,19,28,34,69,110,200,670,8200,8700,8800,56429,14,15,93.84826392838433,3.0495929531753063,8788.369113113731,1482.0497084832268
1785167444,1,,Aggregated,47.700000,0.000000,15,19,28,34,69,110,200,670,8200,8700,8800,56429,14,15,93.84826392838433,3.0495929531753063,8788.369113113731,1482.0497084832268
1785167445,1,,Aggregated,47.700000,0.000000,15,19,28,34,69,110,200,670,8200,8700,8800,56429,14,15,93.84826392838433,3.0495929531753063,8788.369113113731,1482.0497084832268
1785167446,1,,Aggregated,47.700000,0.000000,15,19,28,34,69,110,200,670,8200,8700,8800,56429,14,15,93.84826392838433,3.0495929531753063,8788.369113113731,1482.0497084832268
1785167447,1,,Aggregated,47.700000,0.000000,15,19,28,34,69,110,200,670,8200,8700,8800,56429,14,15,93.84826392838433,3.0495929531753063,8788.369113113731,1482.0497084832268
1785167448,1,,Aggregated,29.500000,0.000000,15,19,28,34,69,110,200,670,8200,8700,8800,56436,14,15,93.83919545691421,3.0495929531753063,8788.369113113731,1481.9212204975547
1785167449,1,,Aggregated,29.500000,0.000000,15,19,28,34,69,110,200,670,8200,8700,8800,56436,14,15,93.83919545691421,3.0495929531753063,8788.369113113731,1481.9212204975547
1785167450,1,,Aggregated,29.500000,0.000000,15,19,28,34,69,110,200,670,8200,8700,8800,56436,14,15,93.83919545691421,3.0495929531753063,8788.369113113731,1481.9212204975547
1785167451,1,,Aggregated,29.500000,0.000000,15,19,28,34,69,110,200,670,8200,8700,8800,56436,14,15,93.83919545691421,3.0495929531753063,8788.369113113731,1481.9212204975547
1785167452,1,,Aggregated,29.500000,0.000000,15,19,28,34,69,110,200,670,8200,8700,8800,56436,14,15,93.83919545691421,3.0495929531753063,8788.369113113731,1481.9212204975547
1785167453,1,,Aggregated,29.500000,0.000000,15,19,28,34,69,110,200,670,8200,8700,8800,56436,14,15,93.83919545691421,3.0495929531753063,8788.369113113731,1481.9212204975547
1785167454,1,,Aggregated,29.500000,0.000000,15,19,28,34,69,110,200,670,8200,8700,8800,56436,14,15,93.83919545691421,3.0495929531753063,8788.369113113731,1481.9212204975547
1785167455,1,,Aggregated,29.500000,0.000000,15,19,28,34,69,110,200,670,8200,8700,8800,56436,14,15,93.83919545691421,3.0495929531753063,8788.369113113731,1481.9212204975547
1785167456,1,,Aggregated,29.500000,0.000000,15,19,28,34,69,110,200,670,8200,8700,8800,56436,14,15,93.83919545691421,3.0495929531753063,8788.369113113731,1481.9212204975547
1785167458,1,,Aggregated,0.700000,0.000000,15,19,28,34,69,110,200,670,8200,8700,8800,56438,14,15,93.8363517574752,3.0495929531753063,8788.369113113731,1481.879212587264
1785167459,1,,Aggregated,0.700000,0.000000,15,19,28,34,69,110,200,670,8200,8700,8800,56438,14,15,93.8363517574752,3.0495929531753063,8788.369113113731,1481.879212587264
1785167460,1,,Aggregated,0.700000,0.000000,15,19,28,34,69,110,200,670,8200,8700,8800,56438,14,15,93.8363517574752,3.0495929531753063,8788.369113113731,1481.879212587264
1785167461,1,,Aggregated,0.700000,0.000000,15,19,28,34,69,110,200,670,8200,8700,8800,56438,14,15,93.8363517574752,3.0495929531753063,8788.369113113731,1481.879212587264
1785167462,1,,Aggregated,0.700000,0.000000,15,19,28,34,69,110,200,670,8200,8700,8800,56438,14,15,93.8363517574752,3.0495929531753063,8788.369113113731,1481.879212587264
1785167463,1,,Aggregated,0.700000,0.000000,15,19,28,34,69,110,200,670,8200,8700,8800,56438,14,15,93.8363517574752,3.0495929531753063,8788.369113113731,1481.879212587264
1785167464,1,,Aggregated,0.700000,0.000000,15,19,28,34,69,110,200,670,8200,8700,8800,56438,14,15,93.8363517574752,3.0495929531753063,8788.369113113731,1481.879212587264
1785167465,1,,Aggregated,0.700000,0.000000,15,19,28,34,69,110,200,670,8200,8700,8800,56438,14,15,93.8363517574752,3.0495929531753063,8788.369113113731,1481.879212587264
1785167466,1,,Aggregated,0.700000,0.000000,15,19,28,34,69,110,200,670,8200,8700,8800,56438,14,15,93.8363517574752,3.0495929531753063,8788.369113113731,1481.879212587264
1785167467,1,,Aggregated,0.700000,0.000000,15,19,28,34,69,110,200,670,8200,8700,8800,56438,14,15,93.8363517574752,3.0495929531753063,8788.369113113731,1481.879212587264
1785167468,1,,Aggregated,0.700000,0.000000,15,19,28,34,69,110,200,670,8200,8700,8800,56438,14,15,93.8363517574752,3.0495929531753063,8788.369113113731,1481.879212587264
1785167469,1,,Aggregated,0.700000,0.000000,15,19,28,34,69,110,200,670,8200,8700,8800,56438,14,15,93.8363517574752,3.0495929531753063,8788.369113113731,1481.879212587264
