Timestamp,User Count,Type,Name,Requests/s,Failures/s,50%,66%,75%,80%,90%,95%,98%,99%,99.9%,99.99%,100%,Total Request Count,Total Failure Count,Total Median Response Time,Total Average Response Time,Total Min Response Time,Total Max Response Time,Total Average Content Size
1785159438,0,,Aggregated,0.000000,0.000000,N/A,N/A,N/A,N/A,N/A,N/A,N/A,N/A,N/A,N/A,N/A,0,0,0,0.0,0,0,0
1785159439,5,,Aggregated,0.000000,0.000000,33,34,37,37,260,280,280,280,280,280,280,16,0,32,65.91813507839106,9.58531303331256,277.2937479894608,4855.125
1785159440,10,,Aggregated,0.000000,0.000000,34,37,75,84,200,260,280,280,280,280,280,27,0,34,60.30110466397471,9.58531303331256,277.2937479894608,5802.111111111111
1785159441,15,,Aggregated,16.000000,0.000000,27,34,37,44,92,200,280,280,280,280,280,45,0,27,44.57719300666617,9.248949820175767,277.2937479894608,5077.133333333333
1785159442,20,,Aggregated,13.500000,0.000000,24,33,36,37,75,100,260,280,280,280,280,61,0,24,38.77075038636561,9.248949820175767,277.2937479894608,5033.55737704918
1785159443,25,,Aggregated,14.666667,0.000000,22,33,36,37,75,94,260,280,280,280,280,82,0,21,36.220077229323,8.859591092914343,277.2937479894608,4635.621951219512
1785159444,25,,Aggregated,14.500000,0.000000,21,30,35,36,75,94,260,280,280,280,280,86,0,21,35.139047010087,8.649922907352448,277.2937479894608,4457.988372093023
1785159445,25,,Aggregated,16.000000,0.000000,21,29,34,36,75,94,260,280,280,280,280,89,0,21,34.32406924842867,8.649922907352448,277.2937479894608,4320.4157303370785
1785159446,25,,Aggregated,16.000000,0.000000,21,29,34,36,65,94,260,280,280,280,280,93,0,21,33.622916667692124,8.649922907352448,277.2937479894608,4151.279569892473
1785159447,25,,Aggregated,12.428571,0.000000,21,29,34,36,75,100,280,8100,8100,8100,8100,100,0,21,112.82073301495984,8.649922907352448,8055.679152952507,3961.23
1785159448,25,,Aggregated,11.625000,0.000000,21,28,34,36,65,94,260,280,8100,8100,8100,104,0,20,108.94179236940825,8.649922907352448,8055.679152952507,3846.5
1785159449,25,,Aggregated,10.666667,0.000000,20,27,34,36,58,94,260,280,8100,8100,8100,112,0,20,102.31294904536169,8.649922907352448,8055.679152952507,3673.1964285714284
1785159450,25,,Aggregated,10.000000,0.000000,19,27,33,36,58,94,260,280,8100,8100,8100,118,0,19,97.9391184390791,8.649922907352448,8055.679152952507,3526.008474576271
1785159451,25,,Aggregated,10.000000,0.000000,19,25,33,35,51,92,260,280,8100,8100,8100,125,0,19,93.3575216718018,8.649922907352448,8055.679152952507,3374.112
1785159452,25,,Aggregated,8.500000,0.000000,18,25,32,34,51,92,260,280,8100,8100,8100,129,0,18,90.99194764289572,8.649922907352448,8055.679152952507,3278.6744186046512
1785159453,25,,Aggregated,8.100000,0.000000,17,23,31,34,51,92,260,280,8100,8100,8100,142,0,17,85.51777838762115,8.649922907352448,8055.679152952507,3026.4718309859154
1785159454,25,,Aggregated,6.700000,0.000000,16,23,32,34,58,94,260,8000,8100,8100,8100,151,0,16,134.85134392668377,8.649922907352448,8055.679152952507,2910.6953642384105
1785159455,25,,Aggregated,5.300000,0.000000,16,23,32,34,58,94,260,8000,8100,8100,8100,152,0,16,134.05592820306896,8.649922907352448,8055.679152952507,2898.3289473684213
1785159456,25,,Aggregated,6.300000,0.000000,16,22,30,34,52,92,260,8000,8100,8100,8100,164,0,16,125.41576469084248,8.649922907352448,8055.679152952507,2802.256097560976
1785159457,25,,Aggregated,6.400000,0.000000,16,22,29,34,52,92,260,8000,8100,8100,8100,165,0,16,124.76189671733388,8.649922907352448,8055.679152952507,2800.042424242424
1785159458,25,,Aggregated,6.000000,0.000000,15,21,29,34,52,92,260,8000,8100,8100,8100,170,0,15,121.39638029038906,8.649922907352448,8055.679152952507,2831.670588235294
1785159459,25,,Aggregated,6.000000,0.000000,15,21,29,34,52,94,280,8000,8100,8100,8100,172,0,15,166.76023208974794,8.649922907352448,8055.679152952507,2813.9476744186045
1785159460,25,,Aggregated,6.700000,0.000000,15,21,29,34,58,100,8000,8000,8100,8100,8100,177,0,15,207.79065481034544,8.649922907352448,8055.679152952507,2742.4858757062148
1785159461,25,,Aggregated,6.300000,0.000000,15,21,29,34,58,94,8000,8000,8100,8100,8100,199,0,15,187.1881876901335,8.649922907352448,8055.679152952507,2510.778894472362
1785159462,25,,Aggregated,6.100000,0.000000,14,21,29,34,58,100,8000,8000,8100,8100,8100,214,0,14,250.248775795694,8.649922907352448,8055.679152952507,2363.8831775700933
1785159463,25,,Aggregated,5.400000,0.000000,14,21,29,33,52,94,8000,8000,8100,8100,8100,222,0,14,241.73636569406602,8.649922907352448,8055.679152952507,2293.1036036036035
1785159464,25,,Aggregated,8.500000,0.000000,14,21,29,33,52,94,8000,8000,8100,8100,8100,224,0,14,239.7000963173923,8.649922907352448,8055.679152952507,2285.8571428571427
1785159465,25,,Aggregated,8.300000,0.000000,14,21,29,33,52,94,8000,8000,8100,8100,8100,227,0,14,236.7081665167265,8.649922907352448,8055.679152952507,2260.726872246696
1785159466,25,,Aggregated,7.500000,0.000000,14,21,29,33,51,94,8000,8000,8100,8100,8100,234,0,14,230.0756645595862,8.649922907352448,8055.679152952507,2254.769230769231
1785159467,25,,Aggregated,7.300000,0.000000,14,21,29,33,52,94,8000,8000,8100,8100,8100,246,0,14,220.2736564043046,8.649922907352448,8055.679152952507,2213.1260162601625
1785159468,25,,Aggregated,7.400000,0.000000,14,21,29,33,52,100,8000,8000,8100,8100,8100,252,0,14,247.16595517626652,8.649922907352448,8055.679152952507,2213.2103174603176
1785159469,25,,Aggregated,7.400000,0.000000,14,21,29,33,58,110,8000,8000,8100,8100,8100,261,0,14,300.74002420693864,8.649922907352448,8058.580986922607,2149.5862068965516
1785159470,25,,Aggregated,8.000000,0.000000,14,20,28,33,58,110,8000,8000,8100,8100,8100,287,0,14,275.4370160636132,8.649922907352448,8058.580986922607,2010.3310104529617
1785159471,25,,Aggregated,8.400000,0.000000,14,20,28,32,52,110,8000,8000,8100,8100,8100,292,0,14,270.9100114672815,8.649922907352448,8058.580986922607,2060.123287671233
1785159472,25,,Aggregated,9.300000,0.000000,14,20,28,32,52,110,8000,8000,8100,8100,8100,299,0,14,264.9810050153189,8.649922907352448,8058.580986922607,2069.0501672240803
1785159473,25,,Aggregated,9.300000,0.000000,14,20,28,32,52,110,8000,8000,8100,8100,8100,299,0,14,264.9810050153189,8.649922907352448,8058.580986922607,2069.0501672240803
1785159474,25,,Aggregated,8.300000,0.000000,14,19,27,32,51,100,8000,8000,8100,8100,8100,306,0,14,259.2369423444182,8.649922907352448,8058.580986922607,2050.496732026144
1785159475,25,,Aggregated,8.300000,0.000000,13,19,27,31,47,100,8000,8000,8100,8100,8100,311,0,13,255.24663988581688,8.649922907352448,8058.580986922607,2025.112540192926
1785159476,25,,Aggregated,7.800000,0.000000,14,19,27,31,47,94,8000,8000,8100,8100,8100,326,0,14,244.58057841748868,8.649922907352448,8058.580986922607,2047.5674846625766
1785159477,25,,Aggregated,8.200000,0.000000,14,19,27,31,47,94,8000,8000,8100,8100,8100,338,0,13,236.45979992028592,8.649922907352448,8058.580986922607,2039.6272189349113
1785159478,25,,Aggregated,8.800000,0.000000,14,19,27,31,44,92,8000,8000,8100,8100,8100,341,0,14,234.53281872804737,8.649922907352448,8058.580986922607,2031.0674486803518
1785159479,25,,Aggregated,8.800000,0.000000,14,19,25,30,44,92,8000,8000,8100,8100,8100,348,0,14,230.0854125160499,8.642668137326837,8058.580986922607,2017.037356321839
1785159480,25,,Aggregated,9.100000,0.000000,13,19,24,31,44,87,8000,8000,8100,8100,8100,369,0,13,218.12721674310342,8.642668137326837,8058.580986922607,1960.1924119241191
1785159481,25,,Aggregated,8.600000,0.000000,13,18,23,30,43,87,8000,8000,8100,8100,8100,373,0,13,215.9297082394651,8.642668137326837,8058.580986922607,1980.7265415549598
1785159482,25,,Aggregated,8.300000,0.000000,13,18,23,30,43,87,8000,8000,8100,8100,8100,375,0,13,214.8382986728102,8.642668137326837,8058.580986922607,1971.744
1785159483,25,,Aggregated,8.000000,0.000000,13,18,22,30,42,85,8000,8000,8100,8100,8100,386,0,13,209.05003115387603,8.642668137326837,8058.580986922607,1938.4326424870467
1785159484,25,,Aggregated,8.000000,0.000000,13,18,22,29,42,85,8000,8000,8100,8100,8100,396,0,13,204.30141657407424,8.642668137326837,8058.580986922607,1898.8358585858587
1785159485,25,,Aggregated,7.900000,0.000000,13,18,22,29,42,84,8000,8000,8100,8100,8100,401,0,13,201.90590669394024,8.642668137326837,8058.580986922607,1908.7281795511221
1785159486,25,,Aggregated,8.900000,0.000000,13,17,22,29,41,84,8000,8000,8100,8100,8100,413,0,13,196.4701174568953,8.642668137326837,8058.580986922607,1871.7796610169491
1785159487,25,,Aggregated,9.000000,0.000000,13,17,21,29,40,84,8000,8000,8100,8100,8100,422,0,13,192.62090614131736,8.642668137326837,8058.580986922607,1857.6682464454977
1785159489,25,,Aggregated,8.800000,0.000000,13,17,21,29,40,84,8000,8000,8100,8100,8100,437,0,13,186.53165591237064,8.642668137326837,8058.580986922607,1838.7940503432494
1785159490,25,,Aggregated,8.700000,0.000000,13,17,21,29,39,77,8000,8000,8100,8100,8100,444,0,13,183.78349552077853,8.642668137326837,8058.580986922607,1841.7432432432433
1785159491,25,,Aggregated,8.500000,0.000000,13,17,21,28,39,77,8000,8000,8100,8100,8100,449,0,13,181.87151814111922,8.642668137326837,8058.580986922607,1825.1714922048998
1785159492,25,,Aggregated,9.500000,0.000000,13,17,21,28,37,75,280,8000,8100,8100,8100,462,0,13,177.09219812373206,8.074931101873517,8058.580986922607,1797.004329004329
1785159493,25,,Aggregated,9.500000,0.000000,13,17,21,28,37,75,280,8000,8100,8100,8100,463,0,13,176.74298159884728,8.074931101873517,8058.580986922607,1793.4082073434124
1785159494,25,,Aggregated,8.900000,0.000000,13,16,21,27,37,74,280,8000,8100,8100,8100,490,0,13,167.8321412170534,8.074931101873517,8058.580986922607,1716.6612244897958
1785159495,25,,Aggregated,8.500000,0.000000,13,16,21,27,37,75,280,8000,8100,8100,8100,500,0,13,164.91210044594482,8.074931101873517,8058.580986922607,1713.826
1785159496,25,,Aggregated,8.500000,0.000000,13,16,21,27,37,74,260,8000,8100,8100,8100,510,0,13,161.95853961604263,8.074931101873517,8058.580986922607,1733.2901960784313
1785159497,25,,Aggregated,9.700000,0.000000,13,16,20,27,36,67,260,8000,8100,8100,8100,521,0,13,158.8483810332745,8.074931101873517,8058.580986922607,1716.6180422264874
1785159498,25,,Aggregated,10.700000,0.000000,13,16,20,26,37,65,260,8000,8100,8100,8100,546,0,13,152.4108441895379,8.074931101873517,8058.580986922607,1675.838827838828
1785159499,25,,Aggregated,10.800000,0.000000,13,16,21,27,37,74,200,8000,8100,8100,8100,554,0,13,150.88727049040355,8.074931101873517,8058.580986922607,1678.4819494584838
1785159500,25,,Aggregated,11.600000,0.000000,13,16,21,27,37,74,200,8000,8100,8100,8100,558,0,13,149.91909047208165,8.074931101873517,8058.580986922607,1681.9516129032259
1785159501,25,,Aggregated,11.600000,0.000000,13,16,20,26,37,67,200,8000,8100,8100,8100,566,0,13,147.96821960303998,8.074931101873517,8058.580986922607,1693.7120141342757
1785159502,25,,Aggregated,11.200000,0.000000,13,16,20,26,37,67,200,8000,8100,8100,8100,568,0,13,147.49640104333005,8.074931101873517,8058.580986922607,1689.9172535211267
1785159503,25,,Aggregated,11.300000,0.000000,13,16,20,26,37,67,200,8000,8100,8100,8100,574,0,13,146.1288340852956,8.074931101873517,8058.580986922607,1676.4076655052265
1785159504,25,,Aggregated,10.400000,0.000000,13,16,20,26,36,65,200,8000,8100,8100,8100,581,0,13,144.52816175437962,8.074931101873517,8058.580986922607,1680.4027538726334
1785159505,25,,Aggregated,11.000000,0.000000,13,16,20,25,36,65,200,8000,8100,8100,8100,586,0,13,143.399283442481,8.074931101873517,8058.580986922607,1668.7372013651877
1785159506,25,,Aggregated,9.300000,0.000000,13,16,20,25,36,65,200,8000,8100,8100,8100,592,0,13,142.10545317925877,8.074931101873517,8058.580986922607,1675.25
1785159507,25,,Aggregated,9.000000,0.000000,13,16,20,25,36,63,180,8000,8100,8100,8100,603,0,13,139.78203639208925,8.074931101873517,8058.580986922607,1670.8126036484246
1785159508,25,,Aggregated,7.900000,0.000000,13,16,20,25,36,63,180,8000,8100,8100,8100,607,0,13,138.96464935505435,8.074931101873517,8058.580986922607,1665.3113673805601
1785159509,25,,Aggregated,7.900000,0.000000,13,16,20,25,36,63,180,8000,8100,8100,8100,611,0,13,138.17135687138574,8.074931101873517,8058.580986922607,1668.543371522095
1785159510,25,,Aggregated,6.700000,0.000000,13,16,19,25,36,63,180,8000,8100,8100,8100,621,0,13,136.15776644832187,8.074931101873517,8058.580986922607,1685.6280193236714
1785159511,25,,Aggregated,5.800000,0.000000,13,16,19,24,36,63,180,8000,8100,8100,8100,631,0,13,134.24351726173055,8.074931101873517,8058.580986922607,1664.3201267828842
1785159512,25,,Aggregated,5.800000,0.000000,13,16,19,25,36,63,180,8000,8100,8100,8100,635,0,13,133.52112611975727,8.074931101873517,8058.580986922607,1674.428346456693
1785159513,25,,Aggregated,6.000000,0.000000,13,16,19,25,36,63,180,8000,8100,8100,8100,640,0,13,132.72295967653918,8.074931101873517,8058.580986922607,1682.5296875
1785159514,25,,Aggregated,6.900000,0.000000,13,16,19,25,36,63,180,8000,8100,8100,8100,650,0,13,130.9801878540132,8.074931101873517,8058.580986922607,1683.2953846153846
1785159515,25,,Aggregated,6.700000,0.000000,13,16,19,25,36,63,150,8000,8100,8100,8100,660,0,13,129.21743107762074,8.074931101873517,8058.580986922607,1681.0136363636364
1785159516,25,,Aggregated,7.000000,0.000000,13,16,19,24,36,60,150,8000,8100,8100,8100,666,0,13,128.15493766138715,8.074931101873517,8058.580986922607,1687.7297297297298
1785159517,25,,Aggregated,6.700000,0.000000,13,16,19,24,36,60,150,8000,8100,8100,8100,669,0,13,127.62986775244042,8.074931101873517,8058.580986922607,1681.8908819133035
1785159518,25,,Aggregated,7.400000,0.000000,13,16,19,23,36,60,150,8000,8100,8100,8100,677,0,13,126.32092459201593,8.074931101873517,8058.580986922607,1668.2924667651403
1785159519,25,,Aggregated,6.400000,0.000000,13,16,19,23,35,59,150,8000,8100,8100,8100,691,0,13,124.05621235066144,8.074931101873517,8058.580986922607,1642.0506512301013
1785159520,25,,Aggregated,6.400000,0.000000,13,16,19,23,35,58,110,8000,8100,8100,8100,701,0,13,122.54035242629926,8.074931101873517,8058.580986922607,1660.0713266761768
1785159521,25,,Aggregated,7.300000,0.000000,13,15,19,23,35,58,110,8000,8100,8100,8100,704,0,13,122.06131848010541,8.074931101873517,8058.580986922607,1662.53125
1785159522,25,,Aggregated,8.500000,0.000000,13,15,19,23,35,58,110,8000,8100,8100,8100,713,0,13,120.7033181925491,8.074931101873517,8058.580986922607,1647.3842917251052
1785159523,25,,Aggregated,7.400000,0.000000,13,15,19,23,35,58,110,8000,8100,8100,8100,727,0,13,118.85013599736563,8.074931101873517,8058.580986922607,1622.7785419532324
1785159524,25,,Aggregated,7.400000,0.000000,13,15,19,23,35,58,110,8000,8100,8100,8100,735,0,13,117.75064819467057,8.074931101873517,8058.580986922607,1609.2013605442178
1785159525,25,,Aggregated,7.900000,0.000000,13,15,19,23,35,55,110,8000,8100,8100,8100,746,0,13,116.21279362994858,8.074931101873517,8058.580986922607,1600.07908847185
1785159526,25,,Aggregated,7.900000,0.000000,13,15,19,23,35,55,110,8000,8100,8100,8100,748,0,13,115.9322530346833,8.074931101873517,8058.580986922607,1604.1176470588234
1785159527,25,,Aggregated,9.300000,0.000000,13,15,19,22,35,55,110,8000,8100,8100,8100,755,0,13,114.98242864224888,8.074931101873517,8058.580986922607,1617.9218543046359
1785159528,25,,Aggregated,8.500000,0.000000,13,15,19,22,35,55,110,8000,8100,8100,8100,761,0,13,114.18412759950269,8.074931101873517,8058.580986922607,1641.0499342969777
1785159529,25,,Aggregated,8.600000,0.000000,13,15,19,22,35,55,110,8000,8100,8100,8100,766,0,13,113.51148419716826,8.074931101873517,8058.580986922607,1655.4125326370756
1785159530,25,,Aggregated,8.400000,0.000000,13,15,19,22,34,55,110,8000,8100,8100,8100,780,0,13,111.72323431013726,7.975048152729869,8058.580986922607,1635.7615384615385
1785159531,25,,Aggregated,8.100000,0.000000,13,15,19,22,34,55,110,8000,8100,8100,8100,785,0,13,111.31770134885694,7.975048152729869,8058.580986922607,1642.6433121019109
1785159532,25,,Aggregated,7.500000,0.000000,13,15,19,22,34,55,110,8000,8100,8100,8100,791,0,13,110.5608327715162,7.975048152729869,8058.580986922607,1635.0290771175728
1785159533,25,,Aggregated,8.100000,0.000000,13,15,19,22,34,55,110,8000,8100,8100,8100,797,0,13,109.82228198656614,7.975048152729869,8058.580986922607,1639.64617314931
1785159534,25,,Aggregated,7.700000,0.000000,13,15,19,22,34,52,110,8000,8100,8100,8100,805,0,13,108.8773506835265,7.975048152729869,8058.580986922607,1630.0161490683229
1785159535,25,,Aggregated,7.400000,0.000000,13,15,19,22,34,52,110,8000,8100,8100,8100,818,0,13,107.363388461202,7.975048152729869,8058.580986922607,1611.1687041564792
1785159536,25,,Aggregated,6.700000,0.000000,13,15,19,22,34,52,110,8000,8100,8100,8100,826,0,13,106.48500683297996,7.975048152729869,8058.580986922607,1599.6985472154963
1785159537,25,,Aggregated,6.900000,0.000000,13,15,18,22,34,52,110,8000,8100,8100,8100,834,0,13,105.60516962961336,7.975048152729869,8058.580986922607,1618.3213429256596
1785159538,25,,Aggregated,7.500000,0.000000,13,15,18,21,34,52,110,8000,8100,8100,8100,841,0,13,114.36849558675013,7.975048152729869,8058.580986922607,1630.808561236623
1785159539,25,,Aggregated,7.800000,0.000000,13,15,18,21,34,52,110,8000,8100,8100,8100,853,0,13,112.94343282090847,7.975048152729869,8058.580986922607,1614.8452520515827
1785159540,25,,Aggregated,8.400000,0.000000,13,15,18,21,34,52,110,8000,8100,8100,8100,864,0,13,111.8409007591523,7.975048152729869,8058.580986922607,1599.2835648148148
1785159541,25,,Aggregated,7.700000,0.000000,13,15,18,21,34,55,120,8000,8100,8100,8100,868,0,13,120.654868867038,7.975048152729869,8058.580986922607,1606.7569124423962
1785159542,25,,Aggregated,8.300000,0.000000,13,15,18,21,34,52,120,8000,8100,8100,8100,882,0,13,118.99627881259774,7.699693785980344,8058.580986922607,1601.8083900226757
1785159543,25,,Aggregated,8.400000,0.000000,13,15,18,21,34,52,110,8000,8100,8100,8100,906,0,13,116.24602535400318,7.699693785980344,8058.580986922607,1577.349889624724
1785159544,25,,Aggregated,9.000000,0.000000,13,15,18,21,34,52,120,8000,8100,8100,8100,916,0,13,123.90376306642213,7.699693785980344,8058.580986922607,1565.0698689956332
1785159545,25,,Aggregated,10.200000,0.000000,13,15,18,21,34,52,150,8000,8100,8100,8100,924,0,13,123.12303146511695,7.699693785980344,8058.580986922607,1561.1309523809523
1785159546,25,,Aggregated,10.800000,0.000000,13,15,18,21,34,52,150,8000,8100,8100,8100,928,0,13,122.64233775505122,7.699693785980344,8058.580986922607,1563.1756465517242
1785159547,25,,Aggregated,10.500000,0.000000,13,15,18,21,34,52,150,8000,8100,8100,8100,930,0,13,122.44110701891083,7.699693785980344,8058.580986922607,1560.794623655914
1785159548,25,,Aggregated,10.200000,0.000000,13,15,18,21,34,52,150,8000,8100,8100,8100,937,0,13,121.62037673426181,7.699693785980344,8058.580986922607,1573.2027748132336
1785159549,25,,Aggregated,9.800000,0.000000,13,15,18,21,34,52,150,8000,8100,8100,8100,940,0,13,121.28001828306414,7.699693785980344,8058.580986922607,1570.8095744680852
1785159550,25,,Aggregated,9.100000,0.000000,13,15,18,21,34,52,170,8000,8100,8100,8100,943,0,13,129.44277588693842,7.699693785980344,8058.580986922607,1572.4803817603392
1785159551,25,,Aggregated,9.600000,0.000000,13,15,18,21,34,55,180,8000,8100,8100,8100,949,0,13,137.16564514037336,7.699693785980344,8058.580986922607,1566.7523709167544
1785159552,25,,Aggregated,8.100000,0.000000,13,15,18,21,34,55,170,8000,8100,8100,8100,955,0,13,136.3800427301041,7.699693785980344,8058.580986922607,1557.7528795811518
1785159553,25,,Aggregated,7.900000,0.000000,13,15,18,21,34,55,180,8000,8100,8100,8100,963,0,13,143.70482537686547,7.699693785980344,8058.580986922607,1559.1183800623053
1785159554,25,,Aggregated,7.600000,0.000000,13,15,18,21,34,55,180,8000,8100,8100,8100,967,0,13,143.16170873296676,7.699693785980344,8058.580986922607,1560.2016546018615
1785159555,25,,Aggregated,6.200000,0.000000,13,15,18,21,34,55,180,8000,8100,8100,8100,970,0,13,142.75227470189026,7.699693785980344,8058.580986922607,1556.6257731958763
1785159556,25,,Aggregated,5.600000,0.000000,13,15,18,21,34,52,180,8000,8100,8100,8100,991,0,13,139.9959736866886,7.699693785980344,8058.580986922607,1533.7840565085771
1785159557,25,,Aggregated,5.000000,0.000000,13,14,18,21,34,52,170,8000,8100,8100,8100,1003,0,13,138.5196549330438,7.699693785980344,8058.580986922607,1537.0588235294117
1785159558,25,,Aggregated,4.600000,0.000000,13,14,18,21,34,52,170,8000,8100,8100,8100,1007,0,13,138.0195119938431,7.699693785980344,8058.580986922607,1544.6285998013902
1785159559,25,,Aggregated,6.600000,0.000000,13,14,18,21,34,51,170,8000,8100,8100,8100,1021,0,13,136.3005949426935,7.699693785980344,8058.580986922607,1528.5357492654261
1785159560,25,,Aggregated,7.200000,0.000000,13,14,18,21,34,51,170,8000,8100,8100,8100,1022,0,13,136.17841216873146,7.699693785980344,8058.580986922607,1528.0283757338552
1785159561,25,,Aggregated,6.900000,0.000000,13,14,17,21,34,51,170,8000,8100,8100,8100,1034,0,13,134.75464421596442,7.5100320391356945,8058.580986922607,1531.3326885880078
1785159562,25,,Aggregated,8.100000,0.000000,13,14,17,21,34,50,170,8000,8100,8100,8100,1041,0,13,133.99631259864506,7.5100320391356945,8058.580986922607,1537.6147934678195
1785159563,25,,Aggregated,7.600000,0.000000,13,14,17,21,34,50,170,8000,8100,8100,8100,1045,0,13,133.52699260111524,7.5100320391356945,8058.580986922607,1534.8162679425836
1785159564,25,,Aggregated,8.600000,0.000000,13,14,17,21,34,50,150,8000,8100,8100,8100,1053,0,13,132.63005321201535,7.5100320391356945,8058.580986922607,1527.6343779677113
1785159565,25,,Aggregated,8.400000,0.000000,13,14,18,21,34,51,150,8000,8100,8100,8100,1065,0,13,131.44426499340386,7.5100320391356945,8058.580986922607,1516.5718309859155
1785159566,25,,Aggregated,8.500000,0.000000,13,14,17,21,34,51,150,8000,8100,8100,8100,1074,0,13,130.4653493481128,7.5100320391356945,8058.580986922607,1507.7793296089385
1785159567,25,,Aggregated,8.500000,0.000000,13,14,17,21,34,51,150,8000,8100,8100,8100,1080,0,13,129.82226757750917,7.5100320391356945,8058.580986922607,1500.624074074074
1785159568,25,,Aggregated,10.000000,0.000000,13,14,17,21,34,50,150,8000,8100,8100,8100,1087,0,13,129.0751433669544,7.5100320391356945,8058.580986922607,1504.9328426862926
1785159569,25,,Aggregated,8.000000,0.000000,13,14,17,21,33,50,150,8000,8100,8100,8100,1096,0,13,128.13357840845342,7.5100320391356945,8058.580986922607,1498.2673357664235
1785159570,25,,Aggregated,7.700000,0.000000,13,14,17,21,34,48,120,8000,8100,8100,8100,1107,0,13,127.0305386863484,7.5100320391356945,8058.580986922607,1514.1364046973804
1785159571,25,,Aggregated,8.000000,0.000000,13,14,17,21,34,48,120,8000,8100,8100,8100,1120,0,13,125.74554206616345,7.5100320391356945,8058.580986922607,1501.1491071428572
1785159572,25,,Aggregated,7.500000,0.000000,13,14,17,21,33,47,120,8000,8100,8100,8100,1124,0,13,125.33635014375619,7.5100320391356945,8058.580986922607,1497.4875444839859
1785159573,25,,Aggregated,8.500000,0.000000,13,14,17,21,33,47,120,8000,8100,8100,8100,1125,0,13,125.236489865308,7.5100320391356945,8058.580986922607,1496.1777777777777
1785159575,25,,Aggregated,8.200000,0.000000,13,14,17,20,33,47,120,8000,8100,8100,8100,1137,0,13,124.03387680982314,7.5100320391356945,8058.580986922607,1486.0351802990326
1785159576,25,,Aggregated,8.300000,0.000000,13,14,17,20,33,47,120,8000,8100,8100,8100,1143,0,13,123.54755168739945,7.5100320391356945,8058.580986922607,1504.8258967629047
1785159577,25,,Aggregated,7.700000,0.000000,13,14,17,20,33,47,120,8000,8100,8100,8100,1150,0,13,122.88258765743154,7.5100320391356945,8058.580986922607,1500.213043478261
1785159578,25,,Aggregated,8.300000,0.000000,13,14,17,20,33,47,120,8000,8100,8100,8100,1157,0,13,122.23711801115697,7.5100320391356945,8058.580986922607,1502.95246326707
1785159579,25,,Aggregated,7.200000,0.000000,13,14,17,20,33,47,120,8000,8100,8100,8100,1167,0,13,121.31284605715689,7.5100320391356945,8058.580986922607,1493.7926306769493
1785159580,25,,Aggregated,7.600000,0.000000,13,14,17,20,33,47,120,8000,8100,8100,8100,1178,0,13,120.3175067519358,7.5100320391356945,8058.580986922607,1498.830220713073
1785159581,25,,Aggregated,7.700000,0.000000,13,14,17,20,33,47,120,8000,8100,8100,8100,1182,0,13,119.97812029266613,7.5100320391356945,8058.580986922607,1505.0321489001692
1785159582,25,,Aggregated,8.200000,0.000000,13,14,17,20,33,47,120,8000,8100,8100,8100,1187,0,13,119.53047800474904,7.5100320391356945,8058.580986922607,1526.6065711878687
1785159583,25,,Aggregated,8.200000,0.000000,13,14,17,20,33,47,120,8000,8100,8100,8100,1190,0,13,119.26322429707008,7.5100320391356945,8058.580986922607,1528.2848739495798
1785159584,25,,Aggregated,6.600000,0.000000,13,14,17,20,33,47,120,8000,8100,8100,8100,1196,0,13,118.73244865385529,7.5100320391356945,8058.580986922607,1532.1705685618729
1785159585,25,,Aggregated,6.600000,0.000000,13,14,17,20,33,45,110,8000,8100,8100,8100,1202,0,13,118.21357205397017,7.5100320391356945,8058.580986922607,1528.6239600665558
1785159586,25,,Aggregated,7.000000,0.000000,13,14,17,20,33,45,110,8000,8100,8100,8100,1210,0,13,117.52351594623178,7.5100320391356945,8058.580986922607,1540.405785123967
1785159587,25,,Aggregated,7.000000,0.000000,13,14,17,20,33,45,110,8000,8100,8100,8100,1215,0,13,117.09143593006695,7.5100320391356945,8058.580986922607,1535.5514403292182
1785159588,25,,Aggregated,6.400000,0.000000,13,14,17,20,33,45,110,8000,8100,8100,8100,1220,0,13,116.66278007466987,7.5100320391356945,8058.580986922607,1530.5188524590164
1785159589,25,,Aggregated,6.500000,0.000000,13,14,17,20,33,45,110,8000,8100,8100,8100,1221,0,13,116.57907596898374,7.5100320391356945,8058.580986922607,1529.3382473382474
1785159590,25,,Aggregated,6.300000,0.000000,13,14,17,20,33,45,110,8000,8100,8100,8100,1229,0,13,115.90156100741137,7.5100320391356945,8058.580986922607,1528.5134255492271
1785159591,25,,Aggregated,6.300000,0.000000,13,14,17,20,33,45,110,8000,8100,8100,8100,1230,0,13,115.81618343006699,7.5100320391356945,8058.580986922607,1532.2560975609756
1785159592,25,,Aggregated,5.300000,0.000000,13,14,17,20,33,45,110,8000,8100,8100,8100,1235,0,13,115.39591489065634,7.5100320391356945,8058.580986922607,1541.4251012145749
1785159593,25,,Aggregated,4.900000,0.000000,13,14,17,20,33,45,110,8000,8100,8100,8100,1237,0,13,115.23358774764453,7.5100320391356945,8058.580986922607,1544.4842360549717
1785159594,25,,Aggregated,4.900000,0.000000,13,14,17,20,33,44,110,8000,8100,8100,8100,1250,0,13,114.16449714954942,7.5100320391356945,8058.580986922607,1541.4384
1785159595,25,,Aggregated,4.900000,0.000000,13,14,17,20,32,44,110,8000,8100,8100,8100,1256,0,13,113.69413985098878,7.5100320391356945,8058.580986922607,1535.4864649681529
1785159596,25,,Aggregated,5.400000,0.000000,13,14,17,20,32,44,110,8000,8100,8100,8100,1260,0,13,113.38216344925708,7.5100320391356945,8058.580986922607,1537.2611111111112
1785159597,25,,Aggregated,5.400000,0.000000,13,14,17,20,32,44,110,8000,8100,8100,8100,1262,0,13,113.22447495950495,7.5100320391356945,8058.580986922607,1540.0847860538827
1785159598,25,,Aggregated,5.200000,0.000000,13,14,17,20,32,44,110,8000,8100,8100,8100,1270,0,13,112.60533575261907,7.5100320391356945,8058.580986922607,1532.8779527559054
1785159599,25,,Aggregated,5.200000,0.000000,13,14,17,19,32,44,110,8000,8100,8100,8100,1273,0,13,112.37158733204252,7.5100320391356945,8058.580986922607,1531.4344069128044
1785159600,25,,Aggregated,4.900000,0.000000,13,14,17,20,32,44,110,8000,8100,8100,8100,1278,0,13,112.04549645223831,7.5100320391356945,8058.580986922607,1528.4757433489829
1785159601,25,,Aggregated,4.900000,0.000000,13,14,17,19,32,44,110,8000,8100,8100,8100,1282,0,13,111.73313100623946,7.5100320391356945,8058.580986922607,1543.188767550702
1785159602,25,,Aggregated,5.300000,0.000000,13,14,17,20,32,44,110,8000,8100,8100,8100,1283,0,13,111.66351494003328,7.5100320391356945,8058.580986922607,1551.4746687451286
1785159603,25,,Aggregated,5.200000,0.000000,13,14,17,19,32,44,110,8000,8100,8100,8100,1298,0,13,110.53863748727231,7.5100320391356945,8058.580986922607,1555.4884437596302
1785159604,25,,Aggregated,4.800000,0.000000,13,14,17,19,32,44,100,8000,8100,8100,8100,1303,0,13,110.17464029410438,7.5100320391356945,8058.580986922607,1571.0452801227937
1785159605,25,,Aggregated,5.800000,0.000000,13,14,17,19,32,44,100,8000,8100,8100,8100,1313,0,13,109.4538554361605,7.5100320391356945,8058.580986922607,1570.3861386138615
1785159606,25,,Aggregated,5.300000,0.000000,13,14,17,19,32,44,100,8000,8100,8100,8100,1324,0,13,108.71721911905306,7.5100320391356945,8058.580986922607,1566.5407854984894
1785159607,25,,Aggregated,5.300000,0.000000,13,14,17,19,32,44,100,8000,8100,8100,8100,1331,0,13,108.22955250969558,7.5100320391356945,8058.580986922607,1575.0886551465064
1785159608,25,,Aggregated,5.300000,0.000000,13,14,17,19,32,44,100,8000,8100,8100,8100,1335,0,13,107.95526602043864,7.5100320391356945,8058.580986922607,1575.8359550561797
1785159609,25,,Aggregated,6.800000,0.000000,13,14,17,19,32,43,100,8000,8100,8100,8100,1344,0,13,107.31793997512709,7.5100320391356945,8058.580986922607,1574.794642857143
1785159610,25,,Aggregated,6.600000,0.000000,13,14,17,19,32,43,100,8000,8100,8100,8100,1345,0,13,107.25003454391066,7.5100320391356945,8058.580986922607,1575.5836431226767
1785159611,25,,Aggregated,6.800000,0.000000,13,14,17,19,32,43,100,8000,8100,8100,8100,1351,0,13,106.82471098290752,7.5100320391356945,8058.580986922607,1587.2087342709103
1785159612,25,,Aggregated,6.700000,0.000000,13,14,17,19,32,43,100,8000,8100,8100,8100,1360,0,13,106.20819863928345,7.5100320391356945,8058.580986922607,1590.0720588235295
1785159613,25,,Aggregated,6.700000,0.000000,13,14,17,19,32,42,100,8000,8100,8100,8100,1362,0,13,106.07192476099513,7.5100320391356945,8058.580986922607,1587.9118942731277
1785159614,25,,Aggregated,7.600000,0.000000,13,14,17,19,32,42,100,8000,8100,8100,8100,1364,0,13,105.9310643140314,7.5100320391356945,8058.580986922607,1594.91642228739
1785159615,25,,Aggregated,6.700000,0.000000,13,14,17,19,32,43,100,8000,8100,8100,8100,1379,0,13,104.94401670591886,7.5100320391356945,8058.580986922607,1582.9811457577955
1785159616,25,,Aggregated,6.000000,0.000000,13,14,17,19,32,42,100,8000,8100,8100,8100,1385,0,13,104.53708115847452,7.5100320391356945,8058.580986922607,1581.346570397112
1785159617,25,,Aggregated,5.900000,0.000000,13,14,17,19,32,42,100,8000,8100,8100,8100,1397,0,13,103.76272501714618,7.5100320391356945,8058.580986922607,1570.2412312097351
1785159618,25,,Aggregated,6.300000,0.000000,13,14,17,19,32,42,100,8000,8100,8100,8100,1402,0,13,103.4898493636915,7.5100320391356945,8058.580986922607,1567.298858773181
1785159619,25,,Aggregated,6.300000,0.000000,13,14,17,19,32,42,100,8000,8100,8100,8100,1404,0,13,103.36150742149871,7.5100320391356945,8058.580986922607,1573.9529914529915
1785159620,25,,Aggregated,5.900000,0.000000,13,14,17,19,32,42,100,8000,8100,8100,8100,1410,0,13,102.96570540782302,7.5100320391356945,8058.580986922607,1572.7673758865249
1785159621,25,,Aggregated,6.300000,0.000000,13,14,17,19,32,43,100,8000,8100,8100,8100,1418,0,13,108.14143488563239,7.5100320391356945,8058.580986922607,1565.750352609309
1785159622,25,,Aggregated,6.600000,0.000000,13,14,17,19,32,42,100,8000,8100,8100,8100,1425,0,13,107.67274513791658,7.5100320391356945,8058.580986922607,1560.059649122807
1785159623,25,,Aggregated,7.100000,0.000000,13,14,17,19,32,42,100,8000,8100,8100,8100,1434,0,12,107.08933986247371,7.5100320391356945,8058.580986922607,1554.949790794979
1785159624,25,,Aggregated,6.300000,0.000000,13,14,17,19,32,42,100,8000,8100,8100,8100,1436,0,12,106.95729583834523,7.5100320391356945,8058.580986922607,1554.1942896935934
1785159625,25,,Aggregated,6.700000,0.000000,13,14,17,19,32,42,100,8000,8100,8100,8100,1443,0,13,106.51290843347817,7.5100320391356945,8058.580986922607,1556.914760914761
1785159626,25,,Aggregated,7.300000,0.000000,12,14,17,19,32,42,100,8000,8100,8100,8100,1452,0,12,105.9212184074327,7.5100320391356945,8058.580986922607,1559.2741046831957
1785159627,25,,Aggregated,7.000000,0.000000,12,14,17,19,32,42,100,8000,8100,8100,8100,1462,0,12,110.7804873455303,7.5100320391356945,8058.580986922607,1564.701778385773
1785159628,25,,Aggregated,6.500000,0.000000,12,14,17,19,32,42,100,8000,8100,8100,8100,1470,0,12,110.24783932806632,7.5100320391356945,8058.580986922607,1568.6789115646259
1785159629,25,,Aggregated,6.900000,0.000000,12,14,17,19,31,42,100,8000,8100,8100,8100,1474,0,12,109.98711264483742,7.5100320391356945,8058.580986922607,1565.438263229308
1785159630,25,,Aggregated,6.400000,0.000000,12,14,17,19,32,42,100,8000,8100,8100,8100,1481,0,12,114.95726926023974,7.5100320391356945,8058.580986922607,1568.1634031060094
1785159631,25,,Aggregated,6.900000,0.000000,13,14,17,19,32,43,110,8000,8100,8100,8100,1484,0,12,125.56017221314356,7.5100320391356945,8058.580986922607,1565.545822102426
1785159632,25,,Aggregated,6.900000,0.000000,12,14,17,19,32,43,110,8000,8100,8100,8100,1491,0,12,125.03293830614679,7.5100320391356945,8058.580986922607,1567.7920858484238
1785159633,25,,Aggregated,6.500000,0.000000,12,14,17,19,32,43,110,8000,8100,8100,8100,1492,0,12,124.96043710164781,7.5100320391356945,8058.580986922607,1568.2184986595175
1785159634,25,,Aggregated,6.700000,0.000000,12,14,17,19,32,43,110,8000,8100,8100,8100,1499,0,12,124.43018334888524,7.5100320391356945,8058.580986922607,1574.1354236157438
1785159635,25,,Aggregated,6.200000,0.000000,12,14,17,19,32,42,110,8000,8100,8100,8100,1504,0,12,124.06023101914585,7.5100320391356945,8058.580986922607,1570.5492021276596
1785159636,25,,Aggregated,6.100000,0.000000,12,14,17,19,32,43,120,8000,8100,8100,8100,1526,0,12,133.00134257403073,7.462517824023962,8058.580986922607,1553.1906946264744
1785159637,25,,Aggregated,6.300000,0.000000,12,14,17,19,32,43,120,8000,8100,8100,8100,1528,0,12,132.8442955163493,7.462517824023962,8058.580986922607,1559.211387434555
1785159638,25,,Aggregated,7.400000,0.000000,12,14,17,19,32,43,120,8000,8100,8100,8100,1532,0,12,132.52633492241665,7.462517824023962,8058.580986922607,1560.0502610966057
1785159639,25,,Aggregated,6.800000,0.000000,12,14,17,19,32,43,120,8000,8100,8100,8100,1539,0,12,131.9918953285621,7.462517824023962,8058.580986922607,1554.414554905783
1785159640,25,,Aggregated,6.800000,0.000000,12,14,17,19,32,42,120,8000,8100,8100,8100,1543,0,12,131.68201835965465,7.462517824023962,8058.580986922607,1559.0162022034997
1785159641,25,,Aggregated,6.400000,0.000000,12,14,17,19,32,42,110,8000,8100,8100,8100,1557,0,12,130.6473388998753,7.462517824023962,8058.580986922607,1547.8612716763005
1785159642,25,,Aggregated,6.400000,0.000000,12,14,17,19,32,42,110,8000,8100,8100,8100,1564,0,12,130.1092156593133,7.353479042649269,8058.580986922607,1550.0684143222506
1785159643,25,,Aggregated,6.900000,0.000000,12,14,17,19,32,42,110,8000,8100,8100,8100,1568,0,12,129.8289265065176,7.353479042649269,8058.580986922607,1547.4426020408164
1785159644,25,,Aggregated,6.900000,0.000000,12,14,17,19,32,42,110,8000,8100,8100,8100,1574,0,12,129.38022858308204,7.353479042649269,8058.580986922607,1548.0552731893265
1785159645,25,,Aggregated,7.400000,0.000000,12,14,17,19,31,42,110,8000,8100,8100,8100,1581,0,12,128.87014257474192,7.353479042649269,8058.580986922607,1555.3055028462998
1785159646,25,,Aggregated,7.500000,0.000000,12,14,17,19,31,42,110,8000,8100,8100,8100,1592,0,12,128.09778674345947,7.353479042649269,8058.580986922607,1554.1451005025126
1785159647,25,,Aggregated,7.700000,0.000000,12,14,17,19,32,42,110,8000,8100,8100,8100,1603,0,12,127.5118978067196,7.353479042649269,8058.580986922607,1547.5308796007487
1785159648,25,,Aggregated,6.000000,0.000000,12,14,17,19,32,42,110,8000,8100,8100,8100,1611,0,12,126.94129141967936,7.353479042649269,8058.580986922607,1541.774053382992
1785159649,25,,Aggregated,7.500000,0.000000,12,14,17,19,32,42,110,8000,8100,8100,8100,1618,0,12,126.45221646050307,7.353479042649269,8058.580986922607,1538.0166872682323
1785159650,25,,Aggregated,7.700000,0.000000,12,14,17,19,32,42,110,8000,8100,8100,8100,1619,0,12,126.38015918654561,7.353479042649269,8058.580986922607,1537.081531809759
1785159651,25,,Aggregated,7.700000,0.000000,12,14,17,19,32,42,110,8000,8100,8100,8100,1622,0,12,126.16950666282726,7.353479042649269,8058.580986922607,1542.3051787916154
1785159652,25,,Aggregated,7.500000,0.000000,12,14,17,19,32,42,110,8000,8100,8100,8100,1636,0,12,125.23310406980035,7.353479042649269,8058.580986922607,1540.7389975550122
1785159653,25,,Aggregated,6.900000,0.000000,12,14,17,19,31,42,110,8000,8100,8100,8100,1642,0,12,124.82043048783787,7.353479042649269,8058.580986922607,1537.507917174178
1785159654,25,,Aggregated,6.800000,0.000000,12,14,17,19,32,42,110,8000,8100,8100,8100,1657,0,12,123.82804070372869,7.353479042649269,8058.580986922607,1534.2094146047073
1785159655,25,,Aggregated,7.300000,0.000000,12,14,17,19,32,42,110,8000,8100,8100,8100,1670,0,12,123.00413629419343,7.353479042649269,8058.580986922607,1533.7419161676646
1785159656,25,,Aggregated,7.400000,0.000000,12,14,17,19,32,42,110,8000,8100,8100,8100,1675,0,12,122.670941095132,7.353479042649269,8058.580986922607,1541.222089552239
1785159657,25,,Aggregated,7.900000,0.000000,12,14,17,19,32,42,120,8000,8100,8100,8100,1692,0,12,121.7450074347597,7.353479042649269,8058.580986922607,1529.403073286052
1785159658,25,,Aggregated,9.100000,0.000000,12,14,17,19,32,42,120,8000,8100,8100,8100,1698,0,12,121.3626928557011,7.353479042649269,8058.580986922607,1525.248527679623
1785159659,25,,Aggregated,9.100000,0.000000,12,14,17,19,32,42,120,8000,8100,8100,8100,1699,0,12,121.2966802672238,7.353479042649269,8058.580986922607,1524.364920541495
1785159660,25,,Aggregated,8.400000,0.000000,12,14,17,19,32,42,110,8000,8100,8100,8100,1702,0,12,121.10487397428554,7.353479042649269,8058.580986922607,1532.5611045828437
1785159661,25,,Aggregated,8.500000,0.000000,12,14,17,19,32,42,110,8000,8100,8100,8100,1707,0,12,120.79079774607739,7.353479042649269,8058.580986922607,1532.302870533099
1785159662,25,,Aggregated,8.200000,0.000000,12,14,17,19,31,42,110,8000,8100,8100,8100,1720,0,12,119.97828977588607,7.353479042649269,8058.580986922607,1534.5302325581395
1785159663,25,,Aggregated,8.200000,0.000000,12,14,17,19,31,42,110,8000,8100,8100,8100,1729,0,12,119.43280397138157,7.353479042649269,8058.580986922607,1527.9942163100059
1785159664,25,,Aggregated,8.200000,0.000000,12,14,17,19,31,42,110,8000,8100,8100,8100,1732,0,12,119.24372068106241,7.353479042649269,8058.580986922607,1526.2269053117782
1785159665,25,,Aggregated,8.400000,0.000000,12,14,16,19,31,42,110,8000,8100,8100,8100,1746,0,12,118.39032472422792,7.353479042649269,8058.580986922607,1527.5349369988546
1785159666,25,,Aggregated,8.500000,0.000000,12,14,16,19,31,42,110,8000,8100,8100,8100,1748,0,12,118.27605344872981,7.353479042649269,8058.580986922607,1532.8495423340962
1785159667,25,,Aggregated,8.400000,0.000000,12,14,16,19,31,42,110,8000,8100,8100,8100,1754,0,12,117.91656333876152,7.353479042649269,8058.580986922607,1543.209236031927
1785159668,25,,Aggregated,7.300000,0.000000,12,14,16,19,31,41,110,8000,8100,8100,8100,1763,0,12,117.37333529896112,7.353479042649269,8058.580986922607,1544.4480998298354
1785159669,25,,Aggregated,7.300000,0.000000,12,14,16,19,31,41,110,8000,8100,8100,8100,1768,0,12,117.08676676519796,7.353479042649269,8058.580986922607,1547.7007918552035
1785159670,25,,Aggregated,6.400000,0.000000,12,14,16,19,31,41,110,8000,8100,8100,8100,1771,0,12,116.91090906878175,7.353479042649269,8058.580986922607,1546.542066629023
1785159671,25,,Aggregated,6.400000,0.000000,12,14,16,19,31,41,110,8000,8100,8100,8100,1780,0,12,116.40450012794267,7.353479042649269,8058.580986922607,1550.0432584269663
1785159672,25,,Aggregated,6.800000,0.000000,12,14,16,19,31,41,110,8000,8100,8100,8100,1787,0,12,116.0049303617197,7.353479042649269,8058.580986922607,1553.4493564633465
1785159673,25,,Aggregated,6.900000,0.000000,12,14,16,19,31,41,110,8000,8100,8100,8100,1797,0,12,115.43166007158338,7.353479042649269,8058.580986922607,1550.3939899833056
1785159674,25,,Aggregated,7.200000,0.000000,12,14,16,18,31,41,100,8000,8100,8100,8100,1802,0,12,115.14000066457322,7.353479042649269,8058.580986922607,1547.0987791342952
1785159675,25,,Aggregated,6.600000,0.000000,12,14,16,18,31,41,100,8000,8100,8100,8100,1812,0,12,114.58060894522274,7.353479042649269,8058.580986922607,1540.8929359823398
1785159676,25,,Aggregated,6.700000,0.000000,12,14,16,18,31,41,100,8000,8100,8100,8100,1820,0,12,114.12463096778963,7.353479042649269,8058.580986922607,1548.4868131868132
1785159677,25,,Aggregated,6.300000,0.000000,12,14,16,18,31,40,100,8000,8100,8100,8100,1822,0,12,114.01115025702401,7.353479042649269,8058.580986922607,1546.8457738748627
1785159678,25,,Aggregated,6.700000,0.000000,12,14,16,18,31,40,100,8000,8100,8100,8100,1829,0,12,113.62254203329277,7.353479042649269,8058.580986922607,1554.9797703663203
1785159679,25,,Aggregated,7.000000,0.000000,12,14,16,18,31,40,100,8000,8100,8100,8100,1834,0,12,113.34480279437068,7.353479042649269,8058.580986922607,1558.2371864776444
1785159680,25,,Aggregated,6.700000,0.000000,12,14,16,18,31,40,100,8000,8100,8100,8100,1835,0,12,113.29175351004875,7.353479042649269,8058.580986922607,1560.7297002724795
1785159681,25,,Aggregated,6.700000,0.000000,12,14,16,18,31,40,100,8000,8100,8100,8100,1840,0,12,113.02236234060611,7.353479042649269,8058.580986922607,1556.9010869565218
1785159682,25,,Aggregated,6.600000,0.000000,12,14,16,18,31,40,100,8000,8100,8100,8100,1844,0,12,112.8117478007669,7.353479042649269,8058.580986922607,1554.1697396963123
1785159683,25,,Aggregated,6.400000,0.000000,12,14,16,18,31,40,100,8000,8100,8100,8100,1860,0,12,111.97157103721032,7.353479042649269,8058.580986922607,1543.5440860215053
1785159684,25,,Aggregated,6.000000,0.000000,12,14,16,18,31,40,100,8000,8100,8100,8100,1870,0,12,111.44157868491257,7.353479042649269,8058.580986922607,1538.133155080214
1785159686,25,,Aggregated,5.600000,0.000000,12,14,16,18,31,40,100,8000,8100,8100,8100,1875,0,12,111.19741470490892,7.353479042649269,8058.580986922607,1539.3845333333334
1785159687,25,,Aggregated,6.500000,0.000000,12,14,16,18,31,40,100,8000,8100,8100,8100,1883,0,12,110.77820685772751,7.353479042649269,8058.580986922607,1535.5257567711099
1785159688,25,,Aggregated,6.800000,0.000000,12,14,16,18,31,40,100,8000,8100,8100,8100,1885,0,12,110.67232660954171,7.353479042649269,8058.580986922607,1534.2010610079576
1785159689,25,,Aggregated,6.300000,0.000000,12,14,16,18,31,40,100,8000,8100,8100,8100,1887,0,12,110.56657498835665,7.353479042649269,8058.580986922607,1539.0392156862745
1785159690,25,,Aggregated,6.200000,0.000000,12,14,16,18,31,40,100,8000,8100,8100,8100,1892,0,12,110.31033575988175,7.353479042649269,8058.580986922607,1543.2050739957717
1785159691,25,,Aggregated,6.200000,0.000000,12,14,16,18,31,40,100,8000,8100,8100,8100,1899,0,12,109.96836757487478,7.353479042649269,8058.580986922607,1551.0368615060559
1785159692,25,,Aggregated,5.600000,0.000000,12,14,16,18,31,40,100,8000,8100,8100,8100,1912,0,12,109.39626506784012,7.353479042649269,8058.580986922607,1547.2180962343095
1785159693,25,,Aggregated,5.700000,0.000000,12,14,16,18,31,40,100,8000,8100,8100,8100,1916,0,12,109.26478455075994,7.353479042649269,8058.580986922607,1544.6007306889353
1785159694,25,,Aggregated,6.400000,0.000000,12,14,16,18,31,40,100,8000,8100,8100,8100,1923,0,12,108.92081568821551,7.353479042649269,8058.580986922607,1546.4976599063962
1785159695,25,,Aggregated,7.200000,0.000000,12,14,16,18,31,40,100,8000,8100,8100,8100,1926,0,12,108.77230654273333,7.353479042649269,8058.580986922607,1550.9968847352025
1785159696,25,,Aggregated,6.100000,0.000000,12,14,16,18,31,40,100,8000,8100,8100,8100,1928,0,12,108.67128484347194,7.353479042649269,8058.580986922607,1553.0923236514523
1785159697,25,,Aggregated,6.100000,0.000000,12,14,16,18,31,40,100,8000,8100,8100,8100,1940,0,12,108.09819550450277,7.353479042649269,8058.580986922607,1547.6386597938144
1785159698,25,,Aggregated,5.200000,0.000000,12,14,16,18,31,40,100,8000,8100,8100,8100,1951,0,12,107.57297801301608,7.353479042649269,8058.580986922607,1550.4305484366992
1785159699,25,,Aggregated,5.200000,0.000000,12,14,16,18,30,40,100,8000,8100,8100,8100,1964,0,12,106.942536803356,7.353479042649269,8058.580986922607,1546.1165987780041
1785159700,25,,Aggregated,6.300000,0.000000,12,14,16,18,30,40,100,8000,8100,8100,8100,1970,0,12,106.66203826694243,7.353479042649269,8058.580986922607,1543.7451776649746
1785159701,25,,Aggregated,7.800000,0.000000,12,14,16,18,30,39,100,8000,8100,8100,8100,1982,0,12,106.09665591122656,7.353479042649269,8058.580986922607,1539.6564076690213
1785159702,25,,Aggregated,7.800000,0.000000,12,14,16,18,30,40,100,8000,8100,8100,8100,1998,0,12,105.43915922546086,7.353479042649269,8058.580986922607,1533.1936936936936
1785159703,25,,Aggregated,7.900000,0.000000,12,14,16,18,30,39,100,8000,8000,8100,8100,2004,0,12,105.15679728075725,7.353479042649269,8058.580986922607,1530.8443113772455
1785159704,25,,Aggregated,8.500000,0.000000,12,14,16,18,30,39,100,8000,8000,8100,8100,2012,0,12,104.79933296646885,7.353479042649269,8058.580986922607,1538.0452286282307
1785159705,25,,Aggregated,8.500000,0.000000,12,14,16,18,30,39,100,8000,8000,8100,8100,2017,0,12,104.57360175235985,7.353479042649269,8058.580986922607,1539.0128904313337
1785159706,25,,Aggregated,8.800000,0.000000,12,14,16,18,30,39,100,8000,8000,8100,8100,2027,0,12,104.1286698004739,7.353479042649269,8058.580986922607,1534.074494326591
1785159707,25,,Aggregated,8.800000,0.000000,12,14,16,18,30,39,100,8000,8000,8100,8100,2028,0,12,104.0853881951067,7.353479042649269,8058.580986922607,1534.740631163708
1785159708,25,,Aggregated,9.100000,0.000000,12,14,16,18,30,39,100,8000,8000,8100,8100,2044,0,12,103.37790379067427,7.353479042649269,8058.580986922607,1527.7235812133072
1785159709,25,,Aggregated,8.800000,0.000000,12,14,16,18,30,39,99,8000,8000,8100,8100,2057,0,12,102.80877462414844,7.353479042649269,8058.580986922607,1526.6694214876034
1785159710,25,,Aggregated,9.600000,0.000000,12,14,16,18,30,39,100,8000,8000,8100,8100,2061,0,12,106.52654370880916,7.353479042649269,8058.580986922607,1530.2105773896167
1785159711,25,,Aggregated,8.100000,0.000000,12,14,16,18,30,39,100,8000,8000,8100,8100,2067,0,12,106.26804626834712,7.353479042649269,8058.580986922607,1532.6608611514273
1785159712,25,,Aggregated,9.100000,0.000000,12,14,16,18,30,39,100,8000,8000,8100,8100,2074,0,12,109.82695798768609,7.353479042649269,8058.580986922607,1534.009643201543
1785159713,25,,Aggregated,9.100000,0.000000,12,14,16,18,30,39,100,8000,8000,8100,8100,2077,0,12,109.69167688135533,7.353479042649269,8058.580986922607,1537.7713047664902
1785159714,25,,Aggregated,8.700000,0.000000,12,14,16,18,30,39,100,8000,8000,8100,8100,2082,0,12,113.30916412603236,7.353479042649269,8058.580986922607,1535.7195004803075
1785159715,25,,Aggregated,7.600000,0.000000,12,14,16,18,30,40,110,8000,8000,8100,8100,2085,0,12,117.01176478918329,7.353479042649269,8058.580986922607,1534.7808153477217
1785159716,25,,Aggregated,7.500000,0.000000,12,14,16,18,30,40,110,8000,8000,8100,8100,2087,0,12,120.75751321736115,7.353479042649269,8058.580986922607,1533.4365117393388
1785159717,25,,Aggregated,6.800000,0.000000,12,14,16,18,30,40,110,8000,8000,8100,8100,2094,0,12,120.39444420996826,7.353479042649269,8058.580986922607,1530.6103151862465
1785159718,25,,Aggregated,6.200000,0.000000,12,14,16,18,31,40,120,8000,8000,8100,8100,2100,0,12,120.17906420797642,7.353479042649269,8058.580986922607,1529.5709523809523
1785159719,25,,Aggregated,6.000000,0.000000,12,14,16,18,31,40,120,8000,8000,8100,8100,2106,0,12,123.68233630133851,7.353479042649269,8058.580986922607,1529.210351377018
1785159720,25,,Aggregated,5.400000,0.000000,12,14,16,18,31,40,120,8000,8000,8100,8100,2121,0,12,126.73837822890071,7.353479042649269,8058.580986922607,1523.04243281471
1785159721,25,,Aggregated,5.700000,0.000000,12,14,16,18,31,41,120,8000,8000,8100,8100,2135,0,12,129.7636758448857,7.353479042649269,8058.580986922607,1527.6697892271663
1785159722,25,,Aggregated,5.100000,0.000000,12,14,16,18,31,40,120,8000,8000,8100,8100,2144,0,12,129.2868716621193,7.353479042649269,8058.580986922607,1526.6972947761194
1785159723,25,,Aggregated,6.900000,0.000000,12,14,16,18,31,40,120,8000,8000,8100,8100,2146,0,12,129.17509781058274,7.353479042649269,8058.580986922607,1528.328052190121
1785159724,25,,Aggregated,6.300000,0.000000,12,14,16,18,31,40,120,8000,8000,8100,8100,2157,0,12,128.58889550536242,7.353479042649269,8058.580986922607,1525.1001390820584
1785159725,25,,Aggregated,6.800000,0.000000,12,14,16,18,31,40,120,8000,8000,8100,8100,2160,0,12,128.42883970739354,7.353479042649269,8058.580986922607,1523.3231481481482
1785159726,25,,Aggregated,7.300000,0.000000,12,14,16,18,31,40,120,8000,8000,8100,8100,2170,0,12,127.8963008634789,7.353479042649269,8058.580986922607,1517.7728110599078
1785159727,25,,Aggregated,7.300000,0.000000,12,14,16,18,31,41,120,8000,8000,8100,8100,2175,0,12,127.67807430095286,7.353479042649269,8058.580986922607,1519.4188505747127
1785159728,25,,Aggregated,7.700000,0.000000,12,14,16,18,31,40,120,8000,8000,8100,8100,2188,0,12,127.00019604922315,7.353479042649269,8058.580986922607,1530.9725776965265
1785159729,25,,Aggregated,8.500000,0.000000,12,14,16,18,31,40,120,8000,8000,8100,8100,2192,0,12,126.78937971930574,7.353479042649269,8058.580986922607,1532.3065693430658
1785159730,25,,Aggregated,8.500000,0.000000,12,14,16,18,31,40,120,8000,8000,8100,8100,2195,0,12,126.63641132113094,7.353479042649269,8058.580986922607,1536.2086560364464
1785159731,25,,Aggregated,8.900000,0.000000,12,14,16,18,31,40,120,8000,8000,8100,8100,2203,0,12,126.21551402802213,7.353479042649269,8058.580986922607,1539.858828869723
1785159732,25,,Aggregated,8.400000,0.000000,12,14,16,18,31,40,120,8000,8000,8100,8100,2207,0,12,126.00969082817662,7.353479042649269,8058.580986922607,1545.6592659719076
1785159733,25,,Aggregated,6.700000,0.000000,12,14,16,18,31,40,120,8000,8000,8100,8100,2218,0,12,125.45347245751458,7.353479042649269,8058.580986922607,1539.6866546438232
1785159734,25,,Aggregated,6.800000,0.000000,12,14,16,18,31,40,120,8000,8000,8100,8100,2230,0,12,124.88953156361248,7.353479042649269,8058.580986922607,1534.1
1785159735,25,,Aggregated,6.700000,0.000000,12,14,16,18,31,40,120,8000,8000,8100,8100,2235,0,12,124.63473134811643,7.353479042649269,8058.580986922607,1533.8814317673377
1785159736,25,,Aggregated,7.200000,0.000000,12,14,16,18,31,40,120,8000,8000,8100,8100,2237,0,12,124.53461856690349,7.353479042649269,8058.580986922607,1532.8994188645506
1785159737,25,,Aggregated,7.500000,0.000000,12,14,16,18,31,40,120,8000,8000,8100,8100,2245,0,12,124.14053032124926,7.353479042649269,8058.580986922607,1531.3514476614698
1785159738,25,,Aggregated,7.200000,0.000000,12,14,16,18,31,40,110,8000,8000,8100,8100,2255,0,12,123.66760868605995,7.353479042649269,8058.580986922607,1530.9884700665189
1785159739,25,,Aggregated,6.800000,0.000000,12,14,16,18,31,40,110,8000,8000,8100,8100,2260,0,12,123.41987707701603,7.353479042649269,8058.580986922607,1530.937168141593
1785159740,25,,Aggregated,6.200000,0.000000,12,14,16,18,31,40,110,8000,8000,8100,8100,2263,0,12,123.28475609537374,7.353479042649269,8058.580986922607,1529.3526292532038
1785159741,26,,Aggregated,6.400000,0.000000,12,14,16,18,31,40,110,8000,8000,8100,8100,2272,0,12,122.84607003112143,7.353479042649269,8058.580986922607,1529.78125
1785159742,26,,Aggregated,6.500000,0.000000,12,14,16,18,31,40,110,8000,8000,8100,8100,2278,0,12,122.5546316274984,7.353479042649269,8058.580986922607,1531.937664618086
1785159743,27,,Aggregated,6.600000,0.000000,12,14,16,18,30,40,110,8000,8000,8100,8100,2284,0,12,122.26997987330923,7.353479042649269,8058.580986922607,1536.4693520140106
1785159744,28,,Aggregated,6.900000,0.000000,12,14,16,18,30,40,110,8000,8000,8100,8100,2294,0,12,121.79242088089988,7.353479042649269,8058.580986922607,1542.162162162162
1785159745,28,,Aggregated,6.900000,0.000000,12,14,16,18,30,40,110,8000,8000,8100,8100,2298,0,12,121.60364009435487,7.353479042649269,8058.580986922607,1542.5996518711922
1785159746,29,,Aggregated,5.900000,0.000000,12,14,16,18,30,40,110,8000,8000,8100,8100,2317,0,12,120.72571051975468,7.353479042649269,8058.580986922607,1539.795425118688
1785159747,29,,Aggregated,6.500000,0.000000,12,14,16,18,30,39,110,8000,8000,8100,8100,2325,0,12,120.35957708173702,7.353479042649269,8058.580986922607,1541.7445161290323
1785159748,30,,Aggregated,7.100000,0.000000,12,14,16,18,30,39,110,8000,8000,8100,8100,2348,0,12,119.35152257548715,7.353479042649269,8058.580986922607,1541.1852640545144
1785159749,30,,Aggregated,7.700000,0.000000,12,14,16,18,30,39,100,8000,8000,8100,8100,2355,0,12,119.03011094454494,7.353479042649269,8058.580986922607,1548.1469214437368
1785159750,31,,Aggregated,8.600000,0.000000,12,14,16,18,30,39,100,8000,8000,8100,8100,2361,0,12,118.75598308490649,7.353479042649269,8058.580986922607,1552.7107157983905
1785159751,32,,Aggregated,9.600000,0.000000,12,14,16,18,30,39,100,8000,8000,8100,8100,2371,0,12,118.316922482741,7.353479042649269,8058.580986922607,1557.7553774778573
1785159752,32,,Aggregated,9.700000,0.000000,12,14,16,18,30,40,100,8000,8000,8100,8100,2382,0,12,117.89637722325605,7.353479042649269,8058.580986922607,1565.5961376994123
1785159753,33,,Aggregated,9.700000,0.000000,12,14,16,18,31,41,120,8000,8000,8100,8100,2399,0,12,117.4600278082676,7.353479042649269,8058.580986922607,1567.8578574406004
1785159754,33,,Aggregated,10.600000,0.000000,12,14,16,18,31,41,110,8000,8000,8100,8100,2408,0,12,117.10916506929054,7.353479042649269,8058.580986922607,1563.6756644518273
1785159755,34,,Aggregated,10.400000,0.000000,12,14,16,18,31,41,110,8000,8000,8100,8100,2431,0,12,116.1949156424554,7.353479042649269,8058.580986922607,1564.8691896338955
1785159756,35,,Aggregated,11.400000,0.000000,12,14,16,18,31,41,110,8000,8000,8100,8100,2442,0,12,115.74050649666104,7.353479042649269,8058.580986922607,1569.1109746109746
1785159757,35,,Aggregated,12.000000,0.000000,12,14,16,18,31,41,110,8000,8000,8100,8100,2447,0,12,115.55825263675885,7.353479042649269,8058.580986922607,1572.9015120555782
1785159758,36,,Aggregated,12.700000,0.000000,12,14,16,18,31,41,110,8000,8000,8100,8100,2455,0,12,115.22489336581025,7.353479042649269,8058.580986922607,1579.4089613034623
1785159759,36,,Aggregated,12.600000,0.000000,12,14,16,18,31,41,110,8000,8000,8100,8100,2474,0,12,114.44669701015951,7.353479042649269,8058.580986922607,1573.3160873080033
1785159760,37,,Aggregated,11.800000,0.000000,12,14,16,18,31,41,110,8000,8000,8100,8100,2486,0,12,113.96659574273237,7.353479042649269,8058.580986922607,1574.5136765888979
1785159761,38,,Aggregated,10.600000,0.000000,12,14,16,18,31,41,110,8000,8000,8100,8100,2493,0,12,113.68565942307227,7.353479042649269,8058.580986922607,1581.5880465302848
1785159762,38,,Aggregated,12.000000,0.000000,12,14,16,18,31,41,100,8000,8000,8100,8100,2503,0,12,113.31094179034183,7.353479042649269,8058.580986922607,1578.9476628046345
1785159763,39,,Aggregated,12.400000,0.000000,12,14,16,18,31,41,100,8000,8000,8100,8100,2523,0,12,112.5102445337031,7.353479042649269,8058.580986922607,1577.1050336900514
1785159765,39,,Aggregated,11.400000,0.000000,12,14,16,18,31,41,100,8000,8000,8100,8100,2530,0,12,112.22993790230939,7.353479042649269,8058.580986922607,1583.394071146245
1785159766,40,,Aggregated,11.800000,0.000000,12,14,16,18,31,41,100,8000,8000,8100,8100,2547,0,12,111.57920748535814,7.353479042649269,8058.580986922607,1584.7820965842168
1785159767,41,,Aggregated,12.300000,0.000000,12,14,16,18,30,40,100,8000,8000,8100,8100,2569,0,12,110.74613842889507,7.353479042649269,8058.580986922607,1591.0019462826003
1785159768,41,,Aggregated,11.300000,0.000000,12,14,16,18,30,40,100,8000,8000,8100,8100,2579,0,12,110.36500571190534,7.353479042649269,8058.580986922607,1595.9775106630477
1785159769,42,,Aggregated,12.500000,0.000000,12,14,16,18,30,40,100,8000,8000,8100,8100,2587,0,12,110.078082463222,7.353479042649269,8058.580986922607,1601.2671047545418
1785159770,42,,Aggregated,12.600000,0.000000,12,14,16,18,30,40,100,8000,8000,8100,8100,2593,0,12,109.85453231244018,7.353479042649269,8058.580986922607,1598.688391824142
1785159771,43,,Aggregated,12.700000,0.000000,12,14,16,18,30,40,100,8000,8000,8100,8100,2600,0,12,109.58778093524205,7.353479042649269,8058.580986922607,1602.0826923076922
1785159772,44,,Aggregated,12.700000,0.000000,12,14,16,18,30,40,100,8000,8000,8100,8100,2620,0,12,108.86675549496876,7.353479042649269,8058.580986922607,1605.1954198473281
1785159773,44,,Aggregated,11.100000,0.000000,12,14,16,18,30,40,100,8000,8000,8100,8100,2628,0,12,108.56961192787502,7.353479042649269,8058.580986922607,1606.6069254185693
1785159774,45,,Aggregated,12.700000,0.000000,12,14,16,18,30,40,100,8000,8000,8100,8100,2646,0,12,107.93182666174847,7.353479042649269,8058.580986922607,1624.7418745275888
1785159775,45,,Aggregated,12.400000,0.000000,12,14,16,18,30,40,100,8000,8000,8100,8100,2664,0,12,107.29193746756592,7.353479042649269,8058.580986922607,1625.2935435435436
1785159776,46,,Aggregated,11.000000,0.000000,12,14,16,18,30,40,100,8000,8000,8100,8100,2678,0,12,106.79822613045579,7.353479042649269,8058.580986922607,1627.63928304705
1785159777,47,,Aggregated,12.900000,0.000000,12,14,16,18,30,40,99,8000,8000,8100,8100,2702,0,12,106.01572799477395,7.353479042649269,8058.580986922607,1631.9844559585492
1785159778,47,,Aggregated,12.500000,0.000000,12,14,16,18,30,40,100,8000,8000,8100,8100,2721,0,12,105.60882991287298,7.353479042649269,8058.580986922607,1631.0308710033075
1785159779,48,,Aggregated,13.200000,0.000000,12,14,16,18,30,40,100,8000,8000,8100,8100,2730,0,12,105.30469430706057,7.353479042649269,8058.580986922607,1631.907326007326
1785159780,48,,Aggregated,13.700000,0.000000,12,14,16,18,30,40,100,8000,8000,8100,8100,2743,0,12,104.8839250585418,7.353479042649269,8058.580986922607,1633.8158950054685
1785159781,49,,Aggregated,14.300000,0.000000,12,14,16,18,30,40,100,8000,8000,8100,8100,2750,0,12,104.65000108426267,7.353479042649269,8058.580986922607,1638.8625454545454
1785159782,49,,Aggregated,14.600000,0.000000,12,14,16,18,30,40,100,8000,8000,8100,8100,2759,0,12,104.34806221262654,7.353479042649269,8058.580986922607,1638.96846683581
1785159783,50,,Aggregated,15.000000,0.000000,12,14,16,18,30,40,100,8000,8000,8100,8100,2782,0,12,103.63694404693432,7.353479042649269,8058.580986922607,1636.1186196980589
1785159784,51,,Aggregated,13.600000,0.000000,12,14,16,18,30,40,100,8000,8000,8100,8100,2807,0,12,102.82661362005697,7.353479042649269,8058.580986922607,1631.606341289633
1785159785,51,,Aggregated,15.100000,0.000000,12,14,16,18,30,40,100,8000,8000,8100,8100,2821,0,12,102.38095955553113,7.353479042649269,8058.580986922607,1629.564693371145
1785159786,52,,Aggregated,15.600000,0.000000,12,14,16,18,30,40,100,8000,8000,8100,8100,2835,0,12,101.94722325614994,7.353479042649269,8058.580986922607,1631.9181657848324
1785159787,52,,Aggregated,15.600000,0.000000,12,14,16,18,30,40,100,8000,8000,8100,8100,2844,0,12,101.66148537481413,7.353479042649269,8058.580986922607,1632.09388185654
1785159788,53,,Aggregated,16.100000,0.000000,12,14,16,18,30,40,99,8000,8000,8100,8100,2861,0,12,101.13980116529996,7.353479042649269,8058.580986922607,1637.0220202726318
1785159789,54,,Aggregated,13.900000,0.000000,12,14,16,18,30,40,99,8000,8000,8100,8100,2871,0,12,100.84304408060315,7.353479042649269,8058.580986922607,1649.0445837687216
1785159790,54,,Aggregated,14.000000,0.000000,12,14,16,18,30,40,100,8000,8000,8100,8100,2875,0,12,103.51953487252088,7.353479042649269,8058.580986922607,1647.3408695652174
1785159791,55,,Aggregated,14.100000,0.000000,12,14,16,18,30,40,100,8000,8000,8100,8100,2897,0,12,102.8735820925899,7.353479042649269,8058.580986922607,1654.650673110114
1785159792,55,,Aggregated,13.700000,0.000000,12,14,16,18,30,40,100,8000,8000,8100,8100,2913,0,12,107.88016481110184,7.353479042649269,8058.580986922607,1662.19052523172
1785159793,56,,Aggregated,14.200000,0.000000,12,14,16,18,30,40,110,8000,8100,8100,8100,2928,0,12,115.69505406976512,7.353479042649269,8064.818932907656,1662.53381147541
1785159794,57,,Aggregated,14.500000,0.000000,12,14,16,18,30,41,120,8000,8100,8100,8100,2949,0,12,120.40917023608354,7.353479042649269,8064.818932907656,1661.1593760596813
1785159795,57,,Aggregated,14.200000,0.000000,12,14,16,18,30,42,140,8000,8100,8100,8100,2968,0,12,133.27266209336145,7.353479042649269,8064.818932907656,1663.0717654986522
1785159796,58,,Aggregated,15.300000,0.000000,12,14,16,18,30,42,140,8000,8100,8100,8100,2997,0,12,134.79848920064987,7.353479042649269,8064.818932907656,1657.3773773773773
1785159797,58,,Aggregated,13.900000,0.000000,12,14,16,18,30,42,140,8000,8100,8100,8100,3018,0,12,133.98652588984095,7.353479042649269,8064.818932907656,1657.230616302187
1785159798,59,,Aggregated,14.200000,0.000000,12,14,16,18,31,42,140,8000,8100,8100,8100,3048,0,12,132.95425923041304,7.353479042649269,8064.818932907656,1660.466535433071
1785159799,60,,Aggregated,17.200000,0.000000,12,14,16,18,31,42,140,8000,8100,8100,8100,3059,0,12,132.5319716346856,7.353479042649269,8064.818932907656,1659.9192546583852
1785159800,60,,Aggregated,17.200000,0.000000,12,14,16,18,31,42,140,8000,8100,8100,8100,3073,0,12,134.60286314465262,7.353479042649269,8064.818932907656,1658.3586072242108
1785159801,61,,Aggregated,18.300000,0.000000,12,14,16,18,31,42,140,8000,8100,8100,8100,3084,0,12,134.165985555051,7.353479042649269,8064.818932907656,1661.3651102464332
1785159803,61,,Aggregated,18.600000,0.000000,12,14,16,18,30,42,140,8000,8100,8100,8100,3094,0,12,133.77089796245576,7.353479042649269,8064.818932907656,1662.1244343891403
1785159804,62,,Aggregated,18.300000,0.000000,12,14,16,18,30,42,140,8000,8100,8100,8100,3126,0,12,132.5817588387982,7.353479042649269,8064.818932907656,1655.4897632757518
1785159805,63,,Aggregated,18.300000,0.000000,12,14,16,18,30,42,140,8000,8100,8100,8100,3165,0,12,131.13130726027603,7.353479042649269,8064.818932907656,1649.0202211690364
1785159806,63,,Aggregated,17.400000,0.000000,12,14,16,18,30,41,140,8000,8100,8100,8100,3182,0,12,130.50128071998276,7.353479042649269,8064.818932907656,1642.6451917033312
1785159807,64,,Aggregated,21.100000,0.000000,12,14,16,18,30,41,120,8000,8100,8100,8100,3203,0,12,129.72500449924024,7.353479042649269,8064.818932907656,1648.1317514829848
1785159808,64,,Aggregated,21.100000,0.000000,12,14,16,18,30,41,120,8000,8100,8100,8100,3244,0,12,128.28556278457236,7.353479042649269,8064.818932907656,1641.1430332922318
1785159809,65,,Aggregated,19.000000,0.000000,12,14,16,18,30,41,120,8000,8100,8100,8100,3284,0,12,126.98448454059636,7.353479042649269,8064.818932907656,1642.231729598051
1785159810,66,,Aggregated,22.000000,0.000000,12,14,16,18,30,42,120,8000,8100,8100,8100,3295,0,12,126.65070276347035,7.353479042649269,8064.818932907656,1648.0922610015175
1785159811,66,,Aggregated,22.700000,0.000000,12,14,16,18,30,41,120,8000,8100,8100,8100,3306,0,12,126.28382140089106,7.353479042649269,8064.818932907656,1649.3750756200848
1785159812,67,,Aggregated,23.100000,0.000000,12,14,16,18,30,41,120,8000,8100,8100,8100,3340,0,12,125.13754191434758,7.353479042649269,8064.818932907656,1647.2425149700598
1785159813,68,,Aggregated,22.700000,0.000000,12,14,16,18,30,42,120,8000,8100,8100,8100,3360,0,12,124.62487698926236,7.353479042649269,8064.818932907656,1651.7175595238095
1785159814,68,,Aggregated,24.400000,0.000000,12,14,16,18,30,42,120,8000,8100,8100,8100,3388,0,12,123.70283471861879,7.353479042649269,8064.818932907656,1651.5268595041323
1785159815,69,,Aggregated,26.100000,0.000000,12,14,16,18,30,41,120,8000,8100,8100,8100,3420,0,12,122.66976958718043,7.353479042649269,8064.818932907656,1645.5011695906433
1785159816,69,,Aggregated,24.600000,0.000000,12,14,16,18,30,41,120,8000,8100,8100,8100,3448,0,12,121.78465418549732,7.353479042649269,8064.818932907656,1644.0600348027842
1785159817,70,,Aggregated,23.700000,0.000000,12,14,16,18,30,41,120,8000,8100,8100,8100,3484,0,12,120.688832459071,7.353479042649269,8064.818932907656,1641.9750287026407
1785159818,71,,Aggregated,24.500000,0.000000,12,14,16,18,30,41,120,8000,8100,8100,8100,3494,0,12,120.38560327853897,7.353479042649269,8064.818932907656,1642.040641099027
1785159819,71,,Aggregated,26.400000,0.000000,12,14,16,18,30,41,120,8000,8100,8100,8100,3516,0,12,119.72883581884462,7.353479042649269,8064.818932907656,1634.433731513083
1785159820,72,,Aggregated,24.400000,0.000000,12,14,16,18,30,41,120,8000,8100,8100,8100,3538,0,12,119.07338417602946,7.353479042649269,8064.818932907656,1639.4997173544375
1785159821,72,,Aggregated,22.100000,0.000000,12,14,16,18,30,41,110,8000,8100,8100,8100,3570,0,12,118.17752560411505,7.353479042649269,8064.818932907656,1628.9848739495799
1785159822,73,,Aggregated,23.400000,0.000000,12,14,16,18,30,40,110,8000,8100,8100,8100,3600,0,12,117.30791899149254,7.353479042649269,8064.818932907656,1623.4297222222222
1785159823,74,,Aggregated,23.500000,0.000000,12,14,16,18,30,40,110,8000,8100,8100,8100,3614,0,12,116.91844453240162,7.353479042649269,8064.818932907656,1625.7238516878804
1785159824,74,,Aggregated,24.700000,0.000000,12,14,16,18,30,41,110,8000,8100,8100,8100,3655,0,12,115.81551972942276,7.353479042649269,8064.818932907656,1620.490560875513
1785159825,75,,Aggregated,24.900000,0.000000,12,14,16,18,30,41,110,8000,8100,8100,8100,3675,0,12,115.27388556733676,7.353479042649269,8064.818932907656,1624.5183673469387
1785159826,76,,Aggregated,24.800000,0.000000,12,14,16,18,30,40,100,8000,8100,8100,8100,3706,0,12,114.4487545713712,7.353479042649269,8064.818932907656,1617.5925526173771
1785159827,76,,Aggregated,25.600000,0.000000,12,14,16,18,30,40,100,8000,8100,8100,8100,3740,0,12,113.5566575135189,7.353479042649269,8064.818932907656,1607.8080213903743
1785159829,77,,Aggregated,25.200000,0.000000,12,14,16,18,30,40,100,8000,8100,8100,8100,3759,0,12,113.0708922699181,7.353479042649269,8064.818932907656,1609.8036711891461
1785159830,77,,Aggregated,24.000000,0.000000,12,14,16,18,30,40,100,8000,8100,8100,8100,3798,0,12,112.09584550833719,7.353479042649269,8064.818932907656,1599.8717746182201
1785159831,78,,Aggregated,26.000000,0.000000,12,14,16,18,30,40,100,8000,8100,8100,8100,3829,0,12,111.30772301886833,7.353479042649269,8064.818932907656,1597.8989292243405
1785159832,79,,Aggregated,27.300000,0.000000,12,14,16,18,30,40,100,8000,8100,8100,8100,3852,0,12,110.73448094216573,7.353479042649269,8064.818932907656,1599.4119937694704
1785159833,79,,Aggregated,28.900000,0.000000,12,14,16,18,30,40,100,8000,8100,8100,8100,3885,0,12,109.93720549859941,7.353479042649269,8064.818932907656,1592.1014157014156
1785159834,80,,Aggregated,27.400000,0.000000,12,14,16,18,30,40,100,8000,8100,8100,8100,3900,0,12,109.56403443601747,7.353479042649269,8064.818932907656,1596.158717948718
1785159835,80,,Aggregated,28.000000,0.000000,12,14,16,18,30,40,100,8000,8100,8100,8100,3920,0,12,109.15172467690094,7.353479042649269,8064.818932907656,1598.2691326530612
1785159836,81,,Aggregated,27.900000,0.000000,12,14,16,18,30,40,100,8000,8100,8100,8100,3947,0,12,108.4934879474961,7.353479042649269,8064.818932907656,1597.8644540157081
1785159837,82,,Aggregated,25.300000,0.000000,12,14,16,18,30,40,100,8000,8100,8100,8100,3977,0,12,107.83122903963624,7.353479042649269,8064.818932907656,1599.058335428715
1785159838,82,,Aggregated,26.200000,0.000000,12,14,16,18,30,40,100,8000,8100,8100,8100,3997,0,12,107.36644826299346,7.353479042649269,8064.818932907656,1602.3345008756567
1785159839,83,,Aggregated,25.600000,0.000000,12,14,16,18,30,40,100,8000,8000,8100,8100,4029,0,12,106.61623211203988,7.353479042649269,8064.818932907656,1602.9528418962523
1785159840,83,,Aggregated,25.000000,0.000000,12,14,16,18,30,40,100,8000,8000,8100,8100,4045,0,12,106.32645720817443,7.353479042649269,8064.818932907656,1604.994066749073
1785159841,84,,Aggregated,25.900000,0.000000,12,14,16,18,30,40,100,8000,8000,8100,8100,4072,0,12,105.7236421915514,7.353479042649269,8064.818932907656,1605.2694007858547
1785159842,85,,Aggregated,23.800000,0.000000,12,14,16,18,30,40,100,8000,8000,8100,8100,4100,0,12,105.10323462610292,7.353479042649269,8064.818932907656,1608.9641463414634
1785159843,85,,Aggregated,23.100000,0.000000,12,14,16,18,30,40,100,8000,8000,8100,8100,4130,0,12,104.4439218122034,7.353479042649269,8064.818932907656,1609.33995157385
1785159844,86,,Aggregated,23.800000,0.000000,12,14,16,18,30,40,100,8000,8000,8100,8100,4147,0,12,104.07626580681418,7.353479042649269,8064.818932907656,1616.498432601881
1785159845,87,,Aggregated,21.900000,0.000000,12,14,16,18,30,40,100,8000,8000,8100,8100,4181,0,12,103.40453949531941,7.353479042649269,8064.818932907656,1612.5185362353504
1785159846,87,,Aggregated,24.100000,0.000000,12,14,16,18,30,40,100,8000,8000,8100,8100,4211,0,12,102.77457499703668,7.353479042649269,8064.818932907656,1609.4295891712181
1785159847,88,,Aggregated,25.700000,0.000000,12,14,16,18,30,40,100,8000,8000,8100,8100,4236,0,12,102.24882244402666,7.353479042649269,8064.818932907656,1606.5970254957508
1785159848,88,,Aggregated,24.500000,0.000000,12,14,16,18,30,39,99,8000,8000,8100,8100,4255,0,12,101.86051092018646,7.353479042649269,8064.818932907656,1609.165687426557
1785159850,89,,Aggregated,25.300000,0.000000,12,14,16,18,30,40,99,8000,8000,8100,8100,4298,0,12,101.0067310211218,7.353479042649269,8064.818932907656,1604.527221963704
1785159851,90,,Aggregated,25.000000,0.000000,12,14,16,18,30,40,99,8000,8000,8100,8100,4327,0,12,100.45687576184648,7.353479042649269,8064.818932907656,1601.5065865495724
1785159852,90,,Aggregated,24.800000,0.000000,12,14,16,18,30,40,100,8000,8000,8100,8100,4363,0,12,99.95427835933776,7.353479042649269,8064.818932907656,1606.8033463213385
1785159853,91,,Aggregated,26.200000,0.000000,12,14,16,18,30,40,100,8000,8000,8100,8100,4393,0,12,99.37173231595382,7.353479042649269,8064.818932907656,1604.4076940587297
1785159854,91,,Aggregated,26.900000,0.000000,12,14,16,18,30,40,100,8000,8000,8100,8100,4420,0,12,98.84801142753156,7.353479042649269,8064.818932907656,1605.3305429864254
1785159855,92,,Aggregated,27.600000,0.000000,12,14,16,18,30,40,100,8000,8000,8100,8100,4435,0,12,98.60854536460832,7.353479042649269,8064.818932907656,1605.0191657271703
1785159856,93,,Aggregated,28.100000,0.000000,12,14,16,18,30,40,100,8000,8000,8100,8100,4488,0,12,97.84352398875299,7.353479042649269,8064.818932907656,1606.00311942959
1785159857,93,,Aggregated,26.700000,0.000000,12,14,16,18,30,40,100,520,8000,8100,8100,4509,0,12,97.47248476413098,7.353479042649269,8064.818932907656,1604.1490352628077
1785159858,94,,Aggregated,28.700000,0.000000,12,14,16,18,30,40,100,520,8000,8100,8100,4543,0,12,96.85204791188225,7.353479042649269,8064.818932907656,1612.6786264582875
1785159859,94,,Aggregated,28.300000,0.000000,12,14,16,18,30,40,100,520,8000,8100,8100,4561,0,12,96.5571933579822,7.353479042649269,8064.818932907656,1609.1019513264634
1785159860,95,,Aggregated,28.700000,0.000000,12,14,16,18,30,40,100,400,8000,8100,8100,4621,0,12,95.5283267281827,7.353479042649269,8064.818932907656,1601.6621943302316
1785159861,96,,Aggregated,28.900000,0.000000,12,14,16,18,30,40,100,400,8000,8100,8100,4676,0,12,94.60250563775942,7.353479042649269,8064.818932907656,1598.52373823781
1785159862,96,,Aggregated,31.600000,0.000000,12,14,16,18,30,40,100,400,8000,8100,8100,4700,0,12,94.20205446916256,7.353479042649269,8064.818932907656,1600.5151063829787
1785159863,97,,Aggregated,31.700000,0.000000,12,14,16,18,30,40,100,400,8100,8100,8100,4737,0,12,95.28942582464282,7.353479042649269,8064.818932907656,1598.5860249102807
1785159864,98,,Aggregated,31.500000,0.000000,12,14,16,18,30,40,100,520,8100,8100,8100,4769,0,12,96.44615665965937,7.353479042649269,8064.818932907656,1601.912979660306
1785159865,98,,Aggregated,31.700000,0.000000,12,14,16,18,30,40,100,8000,8100,8100,8100,4785,0,12,97.84860186830606,7.353479042649269,8064.818932907656,1597.6259143155694
1785159866,99,,Aggregated,32.200000,0.000000,12,14,16,19,30,40,100,520,8100,8100,8100,4815,0,12,97.34829719597136,7.353479042649269,8064.818932907656,1599.3657320872273
1785159867,99,,Aggregated,34.000000,0.000000,12,14,16,19,30,40,100,8000,8100,8100,8100,4837,0,12,98.64986078582237,7.353479042649269,8064.818932907656,1596.891461649783
1785159868,100,,Aggregated,31.800000,0.000000,12,14,16,19,30,40,100,8000,8100,8100,8100,4857,0,12,101.61643414514626,7.353479042649269,8088.316953042522,1599.8144945439572
1785159869,101,,Aggregated,31.800000,0.000000,12,14,16,19,30,40,100,8000,8100,8100,8100,4881,0,12,102.8286842011103,7.353479042649269,8088.316953042522,1604.8106945298096
1785159871,101,,Aggregated,31.000000,0.000000,12,14,16,19,30,40,100,8000,8100,8100,8100,4914,0,12,103.88006593971022,7.353479042649269,8088.316953042522,1609.4631664631665
1785159872,102,,Aggregated,27.300000,0.000000,12,14,17,19,30,41,120,8000,8100,8100,8100,4965,0,12,109.73980231365341,7.353479042649269,8132.939872797579,1612.7270896273917
1785159873,102,,Aggregated,27.000000,0.000000,12,14,17,19,31,42,120,8000,8100,8100,8100,4984,0,12,112.59570828962056,7.353479042649269,8132.939872797579,1614.228731942215
1785159874,103,,Aggregated,28.500000,0.000000,12,14,17,19,31,42,120,8000,8100,8100,8100,5009,0,12,116.91437012775891,7.353479042649269,8132.939872797579,1613.0319425034936
1785159875,104,,Aggregated,27.200000,0.000000,12,14,17,19,31,42,120,8000,8100,8100,8100,5057,0,12,115.97687740166006,7.353479042649269,8132.939872797579,1613.3674115087997
1785159876,104,,Aggregated,26.400000,0.000000,12,14,17,19,31,42,130,8000,8100,8100,8100,5096,0,12,119.91824293035789,7.353479042649269,8132.939872797579,1612.9791993720564
1785159877,105,,Aggregated,27.700000,0.000000,12,14,17,19,31,42,140,8000,8100,8200,8200,5131,0,12,122.43680691650009,7.353479042649269,8228.839523158967,1617.6821282401093
1785159878,106,,Aggregated,30.400000,0.000000,12,14,17,19,31,42,140,8000,8100,8200,8200,5163,0,12,121.86053405616323,7.353479042649269,8228.839523158967,1615.7340693395313
1785159879,106,,Aggregated,30.300000,0.000000,12,14,17,19,31,42,140,8000,8100,8200,8200,5194,0,12,124.3135371979887,7.353479042649269,8228.839523158967,1609.5433192144783
1785159880,107,,Aggregated,31.500000,0.000000,12,14,17,19,31,42,140,8000,8100,8200,8200,5242,0,12,124.84604383288296,7.2934741619974375,8228.839523158967,1606.2829072872948
1785159881,107,,Aggregated,31.600000,0.000000,12,14,17,19,31,42,140,8000,8100,8200,8200,5270,0,12,124.32112751274141,7.2934741619974375,8228.839523158967,1605.1626185958255
1785159882,108,,Aggregated,34.000000,0.000000,13,14,17,19,31,44,140,8000,8100,8200,8200,5319,0,13,123.40491817461148,7.2934741619974375,8228.839523158967,1607.3848467757098
1785159883,109,,Aggregated,34.700000,0.000000,13,14,17,19,31,44,140,8000,8100,8200,8200,5360,0,13,122.69604485230033,7.2934741619974375,8228.839523158967,1606.323880597015
1785159884,109,,Aggregated,32.400000,0.000000,13,14,17,19,31,44,140,8000,8100,8200,8200,5382,0,13,122.26008475803646,7.2934741619974375,8228.839523158967,1610.2640282422892
1785159885,110,,Aggregated,35.100000,0.000000,13,14,17,19,31,44,140,8000,8100,8200,8200,5419,0,13,121.57109977359863,7.2934741619974375,8228.839523158967,1619.299501753091
1785159887,110,,Aggregated,35.500000,0.000000,13,14,17,19,31,44,140,8000,8100,8200,8200,5442,0,13,121.1144282011598,7.2934741619974375,8228.839523158967,1623.0446527012127
1785159888,111,,Aggregated,32.600000,0.000000,13,15,17,19,31,45,140,8000,8100,8200,8200,5500,0,13,120.21625028216195,7.2934741619974375,8228.839523158967,1633.3787272727272
1785159889,112,,Aggregated,32.300000,0.000000,13,15,17,19,31,45,130,8000,8100,8200,8200,5551,0,13,119.26648901797122,7.2934741619974375,8228.839523158967,1634.3354350567465
1785159890,112,,Aggregated,34.200000,0.000000,13,15,17,19,32,45,130,8000,8100,8200,8200,5594,0,13,118.49785897946389,7.2934741619974375,8228.839523158967,1636.5266356810869
1785159891,113,,Aggregated,36.700000,0.000000,13,15,17,19,32,45,130,8000,8100,8200,8200,5662,0,13,117.3095746405922,7.2934741619974375,8228.839523158967,1627.3632991875663
1785159892,114,,Aggregated,35.700000,0.000000,13,15,17,19,32,45,130,8000,8100,8200,8200,5691,0,13,116.78347117106355,7.2934741619974375,8228.839523158967,1627.1156211562115
1785159893,114,,Aggregated,39.800000,0.000000,13,15,17,20,32,45,140,8000,8100,8200,8200,5725,0,13,116.41861619712483,7.2934741619974375,8228.839523158967,1630.0817467248908
1785159894,115,,Aggregated,40.200000,0.000000,13,15,17,20,32,45,130,8000,8100,8200,8200,5762,0,13,115.75104499374591,7.2934741619974375,8228.839523158967,1629.5020826102048
1785159895,116,,Aggregated,37.900000,0.000000,13,15,17,19,32,45,130,8000,8100,8200,8200,5799,0,13,115.09889413924333,7.2934741619974375,8228.839523158967,1626.032591826177
1785159896,116,,Aggregated,37.400000,0.000000,13,15,17,19,32,45,130,8000,8100,8200,8200,5832,0,13,114.52825055125493,7.2934741619974375,8228.839523158967,1624.1622085048011
1785159897,117,,Aggregated,38.800000,0.000000,13,15,17,19,32,45,130,8000,8100,8200,8200,5863,0,13,114.00775735659019,7.2934741619974375,8228.839523158967,1624.8708852123486
1785159898,117,,Aggregated,38.900000,0.000000,13,15,17,19,32,45,130,8000,8100,8200,8200,5897,0,13,113.5100387891605,7.2934741619974375,8228.839523158967,1621.5528234695607
1785159899,118,,Aggregated,39.600000,0.000000,13,15,17,19,32,45,130,8000,8100,8200,8200,5945,0,13,112.74196424014723,7.2934741619974375,8228.839523158967,1622.5626576955424
1785159900,119,,Aggregated,37.600000,0.000000,13,15,17,20,32,46,130,8000,8100,8200,8200,5987,0,13,112.18228651299644,7.2934741619974375,8228.839523158967,1626.6413896776348
1785159901,119,,Aggregated,35.700000,0.000000,13,15,17,20,32,46,130,8000,8100,8200,8200,6005,0,13,111.88884278651572,7.2934741619974375,8228.839523158967,1626.9075770191507
1785159903,120,,Aggregated,36.400000,0.000000,13,15,17,20,32,46,130,8000,8100,8200,8200,6036,0,13,111.38568013054618,7.2934741619974375,8228.839523158967,1628.2299536116634
1785159904,120,,Aggregated,32.100000,0.000000,13,15,17,20,32,46,130,8000,8100,8200,8200,6092,0,13,110.63880063498604,7.2934741619974375,8228.839523158967,1626.0366053841103
1785159905,121,,Aggregated,32.400000,0.000000,13,15,17,20,32,46,130,8000,8100,8200,8200,6117,0,13,110.23850708784107,7.2934741619974375,8228.839523158967,1627.467222494687
1785159906,122,,Aggregated,35.600000,0.000000,13,15,17,20,32,46,120,8000,8100,8200,8200,6159,0,13,109.58567011842383,7.2934741619974375,8228.839523158967,1630.389024192239
1785159907,122,,Aggregated,33.800000,0.000000,13,15,17,20,32,45,120,8000,8100,8200,8200,6195,0,13,109.03189967170694,7.2934741619974375,8228.839523158967,1631.0372881355931
1785159908,123,,Aggregated,33.800000,0.000000,13,15,17,20,32,45,120,8000,8100,8200,8200,6226,0,13,108.56293675680745,7.2934741619974375,8228.839523158967,1634.79441053646
1785159909,124,,Aggregated,35.500000,0.000000,13,15,17,20,32,46,120,8000,8100,8200,8200,6292,0,13,107.70042382312573,7.2934741619974375,8228.839523158967,1628.4213286713286
1785159910,124,,Aggregated,35.400000,0.000000,13,15,17,20,32,46,120,8000,8100,8200,8200,6318,0,13,107.33046855247719,7.2934741619974375,8228.839523158967,1631.057138334916
1785159911,125,,Aggregated,37.300000,0.000000,13,15,17,20,32,45,120,8000,8100,8200,8200,6361,0,13,106.70823493558515,7.2934741619974375,8228.839523158967,1637.407011476183
1785159912,125,,Aggregated,35.900000,0.000000,13,15,17,20,32,45,120,8000,8100,8200,8200,6400,0,13,106.14122514823976,7.2934741619974375,8228.839523158967,1637.03734375
1785159913,126,,Aggregated,35.200000,0.000000,13,15,17,20,32,46,120,8000,8100,8200,8200,6431,0,13,105.79926765436525,7.2934741619974375,8228.839523158967,1642.241175555901
1785159914,127,,Aggregated,37.000000,0.000000,13,15,17,20,32,46,120,8000,8100,8200,8200,6464,0,13,105.40651230600122,7.2934741619974375,8228.839523158967,1642.0733292079208
1785159915,127,,Aggregated,37.800000,0.000000,13,15,17,20,32,46,120,8000,8100,8200,8200,6514,0,13,104.73502810201919,7.2934741619974375,8228.839523158967,1639.5265581823764
1785159916,128,,Aggregated,35.000000,0.000000,13,15,17,20,32,45,120,8000,8100,8200,8200,6565,0,13,104.06175039053213,7.2934741619974375,8228.839523158967,1637.1427265803504
1785159917,129,,Aggregated,35.000000,0.000000,13,15,17,20,32,45,120,8000,8100,8200,8200,6597,0,13,103.63056576798495,7.2934741619974375,8228.839523158967,1640.7609519478551
1785159919,129,,Aggregated,37.000000,0.000000,13,15,17,20,32,45,120,8000,8100,8200,8200,6625,0,13,103.2434859054409,7.2934741619974375,8228.839523158967,1640.996679245283
1785159920,130,,Aggregated,37.400000,0.000000,13,15,17,20,32,47,120,8000,8100,8200,8200,6684,0,13,102.75228667238204,7.2934741619974375,8228.839523158967,1636.4193596648713
1785159921,130,,Aggregated,35.000000,0.000000,13,15,17,20,32,47,120,8000,8100,8200,8200,6720,0,13,102.32782438089046,7.2934741619974375,8228.839523158967,1637.178125
1785159922,131,,Aggregated,37.500000,0.000000,13,15,17,20,32,46,120,8000,8100,8200,8200,6771,0,13,101.6717859857602,7.2934741619974375,8228.839523158967,1632.374538472899
1785159923,132,,Aggregated,37.300000,0.000000,13,15,17,20,32,46,120,8000,8100,8200,8200,6825,0,13,101.01809096041616,7.2934741619974375,8228.839523158967,1628.9589743589743
1785159924,132,,Aggregated,38.300000,0.000000,13,15,17,20,32,46,120,8000,8100,8200,8200,6868,0,13,100.48544999869974,7.2934741619974375,8228.839523158967,1629.1948165404776
1785159925,133,,Aggregated,40.600000,0.000000,13,15,18,21,33,52,150,8000,8100,8200,8200,6949,0,13,100.48941450129462,7.2934741619974375,8228.839523158967,1630.3034969060297
1785159926,134,,Aggregated,42.400000,0.000000,13,15,18,21,33,52,150,610,8100,8200,8200,7030,0,13,99.52391054236845,7.2934741619974375,8228.839523158967,1624.8331436699857
1785159927,134,,Aggregated,43.100000,0.000000,13,15,18,21,33,52,140,610,8100,8200,8200,7058,0,13,99.1994902342067,7.2934741619974375,8228.839523158967,1628.0565315953527
1785159928,135,,Aggregated,44.600000,0.000000,13,15,18,21,33,51,140,560,8100,8200,8200,7101,0,13,98.68327691383689,7.2934741619974375,8228.839523158967,1623.0599915504858
1785159930,135,,Aggregated,47.800000,0.000000,13,15,18,21,33,51,140,560,8100,8200,8200,7145,0,13,98.18334299197683,7.2934741619974375,8228.839523158967,1623.3759272218335
1785159931,136,,Aggregated,48.700000,0.000000,13,15,18,21,33,51,140,590,8100,8200,8200,7200,0,13,97.65412308935386,7.2934741619974375,8228.839523158967,1630.0733333333333
1785159932,137,,Aggregated,46.300000,0.000000,13,15,18,21,33,50,140,560,8100,8200,8200,7229,0,13,97.32125520379975,7.2934741619974375,8228.839523158967,1633.5901231152304
1785159933,138,,Aggregated,47.700000,0.000000,13,15,18,21,33,50,140,560,8100,8200,8200,7281,0,13,96.73847440623675,7.2934741619974375,8228.839523158967,1631.8890262326604
1785159934,138,,Aggregated,45.100000,0.000000,13,15,18,21,33,49,140,520,8100,8200,8200,7305,0,13,96.46328358845957,7.2934741619974375,8228.839523158967,1632.2142368240932
1785159935,139,,Aggregated,44.900000,0.000000,13,15,18,21,33,49,140,520,8100,8200,8200,7346,0,13,96.01810422104502,7.2934741619974375,8228.839523158967,1629.4965967873673
1785159936,139,,Aggregated,43.500000,0.000000,13,15,18,21,33,50,140,420,8100,8200,8200,7406,0,13,95.50043315142659,7.2934741619974375,8228.839523158967,1629.1481231433972
1785159937,140,,Aggregated,44.100000,0.000000,13,15,18,21,33,50,140,420,8100,8200,8200,7450,0,13,95.02390564888115,7.2934741619974375,8228.839523158967,1632.4646979865772
1785159938,141,,Aggregated,39.500000,0.000000,13,15,18,21,33,49,140,420,8100,8200,8200,7481,0,13,94.68511228888227,7.2934741619974375,8228.839523158967,1635.0822082609277
1785159939,141,,Aggregated,37.700000,0.000000,13,15,18,20,33,49,140,410,8100,8200,8200,7514,0,13,94.32915699618526,7.2934741619974375,8228.839523158967,1633.3123502794783
1785159940,142,,Aggregated,39.200000,0.000000,13,15,18,20,33,49,140,410,8100,8200,8200,7572,0,13,93.73348488301315,7.2934741619974375,8228.839523158967,1635.4949815108293
1785159941,143,,Aggregated,37.400000,0.000000,13,15,18,21,33,50,140,400,8100,8200,8200,7607,0,13,93.4167445319397,7.2934741619974375,8228.839523158967,1637.813987117129
1785159942,143,,Aggregated,39.700000,0.000000,13,15,18,21,33,49,140,400,8100,8200,8200,7642,0,13,93.0575103450796,7.2934741619974375,8228.839523158967,1643.4988222978277
1785159943,144,,Aggregated,38.000000,0.000000,13,15,18,21,33,50,140,400,8100,8200,8200,7692,0,13,92.59833907175788,7.2934741619974375,8228.839523158967,1642.0280811232449
1785159944,144,,Aggregated,39.900000,0.000000,13,15,18,21,33,50,140,400,8100,8200,8200,7726,0,13,93.32707453148554,7.2934741619974375,8228.839523158967,1643.2340150142377
1785159946,145,,Aggregated,37.700000,0.000000,13,15,18,21,33,50,140,400,8100,8200,8200,7768,0,13,92.92113317010529,7.2934741619974375,8228.839523158967,1639.9172245108136
1785159947,146,,Aggregated,39.200000,0.000000,13,15,18,21,33,51,140,420,8100,8200,8200,7831,0,13,92.56944051792563,7.2934741619974375,8228.839523158967,1637.9660324351935
1785159948,146,,Aggregated,39.900000,0.000000,13,15,18,21,33,52,140,470,8100,8200,8200,7882,0,13,94.16991339458129,7.2934741619974375,8228.839523158967,1638.1013702106065
1785159949,147,,Aggregated,39.700000,0.000000,13,15,18,21,33,52,140,520,8100,8200,8200,7944,0,13,95.58963908750351,7.2934741619974375,8228.839523158967,1630.7274672708963
1785159950,147,,Aggregated,39.700000,0.000000,13,15,18,21,33,52,140,570,8100,8200,8200,8003,0,13,98.10340305501471,7.2934741619974375,8228.839523158967,1626.9557665875298
1785159951,148,,Aggregated,44.300000,0.000000,13,15,18,21,33,52,140,570,8100,8200,8200,8031,0,13,97.81737380809275,7.2934741619974375,8228.839523158967,1626.017432449259
1785159952,149,,Aggregated,43.400000,0.000000,13,15,18,21,34,55,150,8000,8100,8500,8500,8110,0,13,102.19539610971036,7.2934741619974375,8498.31511406228,1621.3538840937115
1785159953,150,,Aggregated,44.100000,0.000000,13,15,18,21,34,55,150,8000,8100,8500,8500,8149,0,13,103.74204181285559,7.2934741619974375,8498.31511406228,1622.8023070315376
1785159954,150,,Aggregated,43.900000,0.000000,13,15,18,21,34,55,150,8000,8100,8500,8500,8191,0,13,107.19674799599603,7.164138136431575,8498.31511406228,1622.8340861921622
1785159955,151,,Aggregated,47.400000,0.000000,13,15,18,21,34,55,150,8000,8100,8500,8500,8230,0,13,106.76212118186605,7.164138136431575,8498.31511406228,1625.5255164034022
1785159957,151,,Aggregated,46.200000,0.000000,13,15,18,21,34,54,150,8000,8100,8500,8500,8252,0,13,106.51569175809894,7.164138136431575,8498.31511406228,1628.6930441105187
1785159958,152,,Aggregated,46.400000,0.000000,13,15,18,21,34,58,150,8000,8100,8500,8500,8338,0,13,108.72402537467114,7.164138136431575,8498.31511406228,1627.589709762533
1785159959,153,,Aggregated,43.000000,0.000000,13,15,18,21,34,58,150,8000,8100,8500,8500,8380,0,13,109.21720750502095,7.164138136431575,8498.31511406228,1625.7249403341289
1785159960,153,,Aggregated,46.100000,0.000000,13,15,18,21,34,58,150,8000,8100,8500,8500,8462,0,13,108.45254399022164,7.164138136431575,8498.31511406228,1617.3780430158356
1785159961,154,,Aggregated,43.500000,0.000000,13,15,18,21,34,58,150,8000,8100,8500,8500,8498,0,13,109.00865098110592,7.164138136431575,8498.31511406228,1621.2781831019063
1785159962,154,,Aggregated,44.400000,0.000000,13,15,18,21,34,58,150,8000,8100,8500,8500,8548,0,13,108.46977866766603,7.164138136431575,8498.31511406228,1618.7026204960225
1785159963,155,,Aggregated,47.800000,0.000000,13,15,18,22,35,62,150,8000,8100,8500,8500,8635,0,13,107.86617396652298,7.164138136431575,8498.31511406228,1614.8209612044006
1785159964,156,,Aggregated,49.300000,0.000000,13,15,18,22,35,62,150,8000,8100,8500,8500,8684,0,13,107.41656190517433,7.164138136431575,8498.31511406228,1611.4130584983877
1785159965,156,,Aggregated,48.100000,0.000000,13,15,18,22,35,62,150,8000,8100,8500,8500,8732,0,13,106.92331185238564,7.164138136431575,8498.31511406228,1612.6634218964728
1785159966,157,,Aggregated,50.500000,0.000000,13,15,18,22,35,61,150,8000,8100,8500,8500,8770,0,13,106.53209675309442,7.164138136431575,8498.31511406228,1611.450969213227
1785159968,158,,Aggregated,50.500000,0.000000,13,15,18,22,35,60,150,8000,8100,8500,8500,8821,0,13,105.99851585370752,7.164138136431575,8498.31511406228,1614.381135925632
1785159969,158,,Aggregated,53.100000,0.000000,13,16,18,22,35,65,150,8000,8100,8500,8500,8902,0,13,105.7371279715994,7.164138136431575,8498.31511406228,1615.3914850595372
1785159970,159,,Aggregated,49.900000,0.000000,13,16,18,22,35,65,150,8000,8100,8500,8500,8941,0,13,105.35209203390397,7.164138136431575,8498.31511406228,1614.6376244267979
1785159971,160,,Aggregated,53.500000,0.000000,13,16,18,22,35,64,150,8000,8100,8500,8500,8984,0,13,104.92074588549121,7.164138136431575,8498.31511406228,1617.8126669634908
1785159972,160,,Aggregated,51.500000,0.000000,13,16,19,23,36,65,150,8000,8100,8500,8500,9032,0,13,104.60772863978997,7.164138136431575,8498.31511406228,1616.7922940655446
1785159973,161,,Aggregated,48.600000,0.000000,13,16,19,23,36,66,160,8000,8100,8500,8500,9098,0,13,104.10127860356174,7.164138136431575,8498.31511406228,1613.1605847438998
1785159974,162,,Aggregated,47.300000,0.000000,13,16,19,23,37,68,170,8000,8100,8500,8500,9196,0,13,103.72584686199751,7.164138136431575,8498.31511406228,1617.9881470204436
1785159975,162,,Aggregated,49.000000,0.000000,13,16,19,23,37,68,160,8000,8100,8500,8500,9227,0,13,103.4339318854414,7.164138136431575,8498.31511406228,1615.1295112170803
1785159976,163,,Aggregated,48.100000,0.000000,13,16,19,23,37,68,160,8000,8100,8500,8500,9272,0,13,103.01068821399934,7.164138136431575,8498.31511406228,1611.8833045729077
1785159977,163,,Aggregated,49.600000,0.000000,13,16,19,23,37,68,160,8000,8100,8500,8500,9341,0,13,102.37630921033724,7.164138136431575,8498.31511406228,1607.0270848945509
1785159979,164,,Aggregated,48.300000,0.000000,13,16,19,23,37,68,160,8000,8100,8500,8500,9383,0,13,101.99505335005774,7.164138136431575,8498.31511406228,1604.5959714377066
1785159980,165,,Aggregated,53.200000,0.000000,13,16,19,23,37,68,160,670,8100,8500,8500,9445,0,13,101.57610024096293,7.164138136431575,8498.31511406228,1607.2535733192165
1785159981,165,,Aggregated,48.400000,0.000000,13,16,19,23,37,68,160,660,8100,8500,8500,9520,0,13,100.90073499312045,7.164138136431575,8498.31511406228,1606.7394957983192
1785159982,166,,Aggregated,50.200000,0.000000,13,16,19,23,37,68,160,660,8100,8500,8500,9567,0,13,100.48815067656481,7.164138136431575,8498.31511406228,1613.9094805059058
1785159983,167,,Aggregated,53.100000,0.000000,13,16,19,23,37,68,160,610,8100,8500,8500,9625,0,13,100.00596569224514,7.164138136431575,8498.31511406228,1617.352935064935
1785159984,167,,Aggregated,54.000000,0.000000,13,16,19,23,37,68,160,610,8100,8500,8500,9668,0,13,99.63611692786841,7.164138136431575,8498.31511406228,1617.611294993794
1785159985,168,,Aggregated,51.900000,0.000000,13,16,19,23,37,68,160,590,8100,8500,8500,9729,0,13,99.19088520286748,7.164138136431575,8498.31511406228,1615.8934114503031
1785159986,169,,Aggregated,52.300000,0.000000,13,16,19,23,37,68,160,590,8100,8500,8500,9799,0,13,98.63589265210707,7.164138136431575,8498.31511406228,1615.4564751505256
1785159987,169,,Aggregated,50.800000,0.000000,13,16,19,23,37,68,150,590,8100,8500,8500,9855,0,13,98.173300649537,7.164138136431575,8498.31511406228,1610.8401826484019
1785159988,170,,Aggregated,51.300000,0.000000,13,16,19,23,37,67,150,590,8100,8500,8500,9924,0,13,97.60741021962092,7.164138136431575,8498.31511406228,1610.2470777912133
1785159989,170,,Aggregated,53.700000,0.000000,13,16,19,23,37,67,150,590,8100,8500,8500,9964,0,13,97.2743131984588,7.164138136431575,8498.31511406228,1609.6600762745886
1785159991,171,,Aggregated,55.800000,0.000000,13,16,19,23,37,68,150,570,8100,8200,8500,10070,0,13,96.61241004864529,7.164138136431575,8498.31511406228,1614.2220456802384
1785159992,172,,Aggregated,55.800000,0.000000,13,16,19,23,37,68,150,560,8100,8200,8500,10104,0,13,96.34489785707578,7.164138136431575,8498.31511406228,1614.6896278701504
1785159993,172,,Aggregated,56.000000,0.000000,13,16,19,23,37,68,150,560,8100,8200,8500,10136,0,13,96.1314028564,7.164138136431575,8498.31511406228,1617.2097474348855
1785159994,173,,Aggregated,54.600000,0.000000,13,16,19,23,37,68,150,560,8100,8200,8500,10187,0,13,95.72756608929461,7.164138136431575,8498.31511406228,1617.097575341121
1785159995,174,,Aggregated,54.600000,0.000000,13,16,19,23,37,68,150,560,8100,8200,8500,10251,0,13,95.32721072577381,7.164138136431575,8498.31511406228,1614.8462589015705
1785159996,174,,Aggregated,51.900000,0.000000,13,16,19,24,37,71,160,590,8100,8200,8500,10343,0,13,95.14830896196332,7.164138136431575,8498.31511406228,1608.9657739533984
1785159997,175,,Aggregated,54.300000,0.000000,13,16,19,24,37,71,150,590,8100,8200,8500,10393,0,13,94.77271736640905,7.164138136431575,8498.31511406228,1606.8508611565476
1785159998,176,,Aggregated,56.000000,0.000000,13,16,19,24,37,71,150,570,8100,8200,8500,10458,0,13,94.29294902696489,7.164138136431575,8498.31511406228,1607.637789252247
1785159999,176,,Aggregated,54.000000,0.000000,13,16,19,24,37,70,150,560,8100,8200,8500,10514,0,13,93.86274531062544,7.164138136431575,8498.31511406228,1609.6031006277344
1785160000,177,,Aggregated,55.200000,0.000000,13,16,19,24,37,70,150,560,8100,8200,8500,10542,0,13,93.66202030398568,7.164138136431575,8498.31511406228,1610.34395750332
1785160001,177,,Aggregated,54.200000,0.000000,13,16,19,24,37,71,150,560,8100,8200,8500,10598,0,13,93.38854400673134,7.164138136431575,8498.31511406228,1613.2504246084168
1785160002,178,,Aggregated,57.600000,0.000000,13,16,19,24,37,70,150,560,8100,8200,8500,10644,0,13,93.0928928392893,7.164138136431575,8498.31511406228,1615.4098083427284
1785160003,179,,Aggregated,50.300000,0.000000,13,16,19,24,37,70,150,560,8100,8200,8500,10691,0,13,92.75683357907624,7.164138136431575,8498.31511406228,1617.4738565148255
1785160004,179,,Aggregated,50.900000,0.000000,13,16,19,24,37,70,150,550,8100,8200,8500,10738,0,13,92.44827617303787,7.164138136431575,8498.31511406228,1616.8188675731049
1785160006,180,,Aggregated,52.700000,0.000000,13,16,19,24,37,70,150,550,8100,8200,8500,10796,0,13,92.07653543137124,7.164138136431575,8498.31511406228,1617.3052982586144
1785160007,181,,Aggregated,51.100000,0.000000,13,16,20,24,39,77,160,560,8100,8200,8500,10907,0,13,92.23776773566352,7.164138136431575,8498.31511406228,1615.5308517465849
1785160008,181,,Aggregated,48.000000,0.000000,13,16,20,24,39,77,160,560,8100,8200,8500,10946,0,13,91.96980471371643,7.164138136431575,8498.31511406228,1615.0333455143432
1785160009,182,,Aggregated,54.500000,0.000000,13,16,20,25,39,76,160,550,8100,8200,8500,11039,0,13,91.39185153913563,7.164138136431575,8498.31511406228,1612.505299393061
1785160010,182,,Aggregated,51.700000,0.000000,13,16,20,25,39,75,160,550,8100,8200,8500,11079,0,13,91.11910057937139,7.164138136431575,8498.31511406228,1615.0205794746819
1785160011,183,,Aggregated,55.400000,0.000000,13,16,20,25,39,77,160,550,8100,8200,8500,11142,0,13,90.91071534484425,7.164138136431575,8498.31511406228,1614.7904325973793
1785160012,184,,Aggregated,53.600000,0.000000,13,16,20,25,39,77,160,550,8100,8200,8500,11196,0,13,90.58159141422895,7.164138136431575,8498.31511406228,1618.9508753126117
1785160013,184,,Aggregated,55.900000,0.000000,13,16,20,25,39,77,160,550,8100,8200,8500,11275,0,13,90.07591388436104,7.164138136431575,8498.31511406228,1615.2724611973392
1785160014,185,,Aggregated,58.100000,0.000000,13,16,20,25,39,77,160,540,8100,8200,8500,11320,0,13,89.78367154866987,7.164138136431575,8498.31511406228,1613.726855123675
1785160015,185,,Aggregated,61.300000,0.000000,13,16,20,25,39,77,160,540,8100,8200,8500,11373,0,13,89.47268947724335,7.164138136431575,8498.31511406228,1613.7033324540578
1785160016,186,,Aggregated,60.200000,0.000000,13,16,20,26,40,80,160,520,8100,8200,8500,11448,0,13,89.36245981117374,7.164138136431575,8498.31511406228,1613.2973445143257
1785160017,186,,Aggregated,60.100000,0.000000,13,16,20,26,40,80,160,520,8100,8200,8500,11521,0,13,88.94057802382426,7.164138136431575,8498.31511406228,1613.6403090009549
1785160018,187,,Aggregated,63.100000,0.000000,13,16,20,25,40,80,160,520,8100,8200,8500,11566,0,13,88.65865465378724,7.164138136431575,8498.31511406228,1612.8159259899705
1785160019,188,,Aggregated,60.700000,0.000000,13,16,20,25,40,80,160,500,8100,8200,8500,11616,0,13,88.3717036637838,7.164138136431575,8498.31511406228,1612.5467458677685
1785160020,188,,Aggregated,62.400000,0.000000,13,16,20,26,40,80,160,500,8100,8200,8500,11647,0,13,88.21662113510601,7.164138136431575,8498.31511406228,1611.686013565725
1785160021,189,,Aggregated,62.400000,0.000000,13,16,20,26,40,80,160,500,8100,8200,8500,11665,0,13,88.11841682743311,7.164138136431575,8498.31511406228,1614.4372910415773
1785160022,189,,Aggregated,56.300000,0.000000,13,17,20,26,41,84,160,480,8100,8200,8500,11758,0,13,87.82458051433288,7.164138136431575,8498.31511406228,1615.3518455519645
1785160023,190,,Aggregated,53.500000,0.000000,13,17,20,26,41,84,160,470,8100,8200,8500,11814,0,13,87.48253014368537,7.164138136431575,8498.31511406228,1616.4258506856272
1785160024,191,,Aggregated,55.300000,0.000000,13,17,20,26,41,83,160,470,8100,8200,8500,11860,0,13,87.21331663095607,7.164138136431575,8498.31511406228,1617.8016863406408
1785160025,191,,Aggregated,51.800000,0.000000,13,17,20,26,41,83,160,470,8100,8200,8500,11919,0,13,86.8753232303113,7.164138136431575,8498.31511406228,1619.3553150432083
1785160026,192,,Aggregated,51.800000,0.000000,13,17,20,26,41,82,160,470,8100,8200,8500,11956,0,13,86.66562393485133,7.164138136431575,8498.31511406228,1619.0490966878556
1785160027,193,,Aggregated,54.400000,0.000000,14,17,21,26,41,85,160,520,8100,8500,8800,12027,0,14,90.4750533117505,7.164138136431575,8849.846384022385,1619.6671655441921
1785160028,193,,Aggregated,52.900000,0.000000,14,17,21,26,41,85,160,550,8100,8500,8800,12084,0,14,92.13483618624069,7.164138136431575,8849.846384022385,1619.3175273088382
1785160029,194,,Aggregated,49.200000,0.000000,14,17,21,26,41,85,160,560,8100,8500,8800,12129,0,14,93.8543163105045,7.164138136431575,8849.846384022385,1617.1277928930663
1785160030,194,,Aggregated,48.600000,0.000000,14,17,21,26,41,85,170,590,8100,8500,8800,12184,0,14,96.81028973804442,7.164138136431575,8849.846384022385,1613.93442219304
1785160031,195,,Aggregated,50.400000,0.000000,14,17,21,26,41,85,170,590,8100,8500,8800,12247,0,14,97.71867793176506,7.164138136431575,8849.846384022385,1610.519147546338
1785160032,196,,Aggregated,50.900000,0.000000,14,17,21,26,41,87,170,670,8100,8600,8800,12352,0,14,101.91556413494273,7.164138136431575,8849.846384022385,1607.8001943005181
1785160033,196,,Aggregated,55.200000,0.000000,14,17,21,26,41,88,170,680,8100,8600,8800,12438,0,14,103.34718870341989,7.164138136431575,8849.846384022385,1603.6689982312269
1785160034,197,,Aggregated,50.500000,0.000000,14,17,21,26,41,89,170,8000,8200,8600,8800,12503,0,14,106.83290178820582,7.164138136431575,8849.846384022385,1602.1122130688634
1785160036,197,,Aggregated,56.500000,0.000000,14,17,21,26,41,89,170,8000,8200,8600,8800,12538,0,14,107.2484228381659,7.164138136431575,8849.846384022385,1600.8613814005423
1785160037,198,,Aggregated,59.700000,0.000000,14,17,21,27,42,90,170,8000,8200,8600,8800,12621,0,14,108.12205480135742,7.164138136431575,8849.846384022385,1601.1642500594248
1785160038,199,,Aggregated,58.200000,0.000000,14,17,21,27,42,90,170,8000,8200,8600,8800,12658,0,14,108.48892119346793,7.164138136431575,8849.846384022385,1603.3296729341128
1785160039,199,,Aggregated,60.600000,0.000000,14,17,21,27,42,90,170,8000,8200,8600,8800,12729,0,14,108.02168669518569,7.164138136431575,8849.846384022385,1601.9610338596904
1785160040,200,,Aggregated,59.100000,0.000000,14,17,21,27,42,90,170,8000,8200,8600,8800,12789,0,14,108.24250076227915,7.164138136431575,8849.846384022385,1603.379544921417
1785160041,200,,Aggregated,59.100000,0.000000,14,17,21,27,42,90,170,8000,8200,8600,8800,12824,0,14,108.0071490149007,7.164138136431575,8849.846384022385,1600.0984872114784
1785160042,200,,Aggregated,60.900000,0.000000,14,17,21,27,43,93,170,8000,8200,8600,8800,12920,0,14,107.73184613024473,7.164138136431575,8849.846384022385,1600.5124613003095
1785160043,200,,Aggregated,60.700000,0.000000,14,17,21,27,43,92,170,8000,8200,8600,8800,12997,0,14,107.80833915032984,7.164138136431575,8849.846384022385,1602.0013079941525
1785160044,200,,Aggregated,64.600000,0.000000,14,17,21,27,43,92,170,8000,8200,8600,8800,13066,0,14,107.32566927889407,7.164138136431575,8849.846384022385,1601.9912750650544
1785160045,200,,Aggregated,60.300000,0.000000,14,17,21,27,43,92,170,8000,8200,8600,8800,13113,0,14,107.01709296255676,7.164138136431575,8849.846384022385,1601.6263250209715
1785160046,200,,Aggregated,59.100000,0.000000,14,17,21,27,43,92,170,8000,8200,8600,8800,13171,0,14,106.70106418675604,7.164138136431575,8849.846384022385,1602.6773213878976
1785160047,200,,Aggregated,58.600000,0.000000,14,17,21,27,43,92,170,8000,8200,8600,8800,13223,0,14,106.3708645229611,7.164138136431575,8849.846384022385,1605.7270664750813
1785160048,200,,Aggregated,57.600000,0.000000,14,17,21,27,43,92,170,8000,8200,8600,8800,13320,0,14,105.77585952076431,7.164138136431575,8849.846384022385,1598.0483483483483
1785160049,200,,Aggregated,56.600000,0.000000,14,17,21,27,43,92,170,8000,8200,8600,8800,13405,0,14,105.24263243991305,7.164138136431575,8849.846384022385,1594.241104065647
1785160050,200,,Aggregated,58.400000,0.000000,14,17,21,27,43,92,170,8000,8200,8600,8800,13469,0,14,105.00488352350038,7.164138136431575,8849.846384022385,1593.7428910832282
1785160052,200,,Aggregated,62.400000,0.000000,14,17,21,27,43,92,170,730,8200,8600,8800,13531,0,14,104.60762000109224,7.164138136431575,8849.846384022385,1592.7574458650506
1785160053,200,,Aggregated,64.500000,0.000000,14,17,21,27,43,91,170,730,8200,8600,8800,13591,0,14,104.22911532772109,7.164138136431575,8849.846384022385,1589.1309690236185
1785160054,200,,Aggregated,64.500000,0.000000,14,17,21,27,43,91,170,680,8200,8600,8800,13629,0,14,103.99622385833521,7.164138136431575,8849.846384022385,1589.5008437889794
1785160055,200,,Aggregated,62.900000,0.000000,14,17,21,27,43,91,170,680,8200,8600,8800,13693,0,14,103.62233341891077,7.164138136431575,8849.846384022385,1585.0491492003214
1785160056,200,,Aggregated,59.900000,0.000000,14,17,22,27,44,92,170,700,8200,8600,8800,13735,0,14,103.62011285796748,7.164138136431575,8849.846384022385,1586.273025118311
1785160057,200,,Aggregated,60.200000,0.000000,14,17,22,27,44,93,170,700,8200,8600,8800,13786,0,14,103.5146048431277,7.164138136431575,8849.846384022385,1587.3512984186857
1785160058,200,,Aggregated,61.700000,0.000000,14,17,22,27,44,92,170,680,8200,8600,8800,13864,0,14,103.06388866185225,7.164138136431575,8849.846384022385,1588.480308713214
1785160059,200,,Aggregated,60.900000,0.000000,14,17,22,27,44,92,170,680,8200,8600,8800,13944,0,14,102.5954407872031,7.164138136431575,8849.846384022385,1586.3731353987378
1785160060,200,,Aggregated,60.900000,0.000000,14,17,22,27,44,92,170,680,8200,8600,8800,13985,0,14,102.35203538244157,7.164138136431575,8849.846384022385,1586.3356453342867
1785160061,200,,Aggregated,61.700000,0.000000,14,17,22,28,45,94,180,680,8200,8600,8800,14104,0,14,102.13294853746531,7.164138136431575,8849.846384022385,1582.3459302325582
1785160062,200,,Aggregated,58.000000,0.000000,14,17,22,28,45,94,170,680,8200,8600,8800,14164,0,14,101.79055689673162,7.164138136431575,8849.846384022385,1580.499505789325
1785160063,200,,Aggregated,58.800000,0.000000,14,17,22,28,45,94,170,670,8200,8600,8800,14207,0,14,101.53992820691474,7.164138136431575,8849.846384022385,1578.8438797775743
1785160064,200,,Aggregated,58.900000,0.000000,14,17,22,28,45,94,170,670,8200,8600,8800,14255,0,14,101.26217411718649,7.164138136431575,8849.846384022385,1579.0807435987372
1785160065,200,,Aggregated,58.900000,0.000000,14,17,22,28,45,94,170,670,8200,8600,8800,14279,0,14,101.14183575583144,7.164138136431575,8849.846384022385,1579.228727501926
1785160066,200,,Aggregated,58.900000,0.000000,14,17,22,28,45,94,170,670,8200,8600,8800,14390,0,14,100.71852395318764,7.164138136431575,8849.846384022385,1577.78957609451
1785160067,200,,Aggregated,58.700000,0.000000,14,17,22,28,45,94,170,660,8200,8600,8800,14452,0,14,100.35497422925272,7.164138136431575,8849.846384022385,1575.8736507057847
1785160068,200,,Aggregated,62.000000,0.000000,14,17,22,28,45,94,170,660,8200,8600,8800,14494,0,14,100.10845161588189,7.164138136431575,8849.846384022385,1576.83965778943
1785160069,200,,Aggregated,62.700000,0.000000,14,17,22,28,45,94,170,660,8200,8600,8800,14545,0,14,99.80339760878967,7.164138136431575,8849.846384022385,1578.9042282571331
1785160070,200,,Aggregated,60.500000,0.000000,14,17,22,28,45,94,170,660,8200,8600,8800,14596,0,14,99.61450049724411,7.164138136431575,8849.846384022385,1579.7765141134557
1785160071,200,,Aggregated,57.200000,0.000000,14,17,22,28,45,94,170,650,8200,8600,8800,14640,0,14,99.36739522804724,7.164138136431575,8849.846384022385,1579.9542349726776
1785160072,200,,Aggregated,58.200000,0.000000,14,17,22,28,45,94,170,640,8200,8600,8800,14710,0,14,98.98389633103919,7.164138136431575,8849.846384022385,1579.8297756628144
1785160073,200,,Aggregated,54.600000,0.000000,14,17,22,28,45,94,170,640,8200,8600,8800,14774,0,14,98.68235403959125,7.164138136431575,8849.846384022385,1577.5857587653986
1785160074,200,,Aggregated,54.100000,0.000000,14,17,22,28,45,93,170,630,8200,8600,8800,14841,0,14,98.31966596223992,7.164138136431575,8849.846384022385,1575.9787076342564
1785160075,200,,Aggregated,55.000000,0.000000,14,17,22,28,45,94,170,660,8200,8600,8800,14862,0,14,98.36449632689654,7.164138136431575,8849.846384022385,1577.0048445700445
1785160076,200,,Aggregated,59.100000,0.000000,14,18,22,28,46,96,180,660,8200,8600,8800,14957,0,14,98.42763738810693,7.164138136431575,8849.846384022385,1577.4390586347529
1785160077,200,,Aggregated,58.000000,0.000000,14,18,22,28,45,95,180,650,8100,8600,8800,15020,0,14,98.08759829189106,7.164138136431575,8849.846384022385,1576.7390812250333
1785160078,200,,Aggregated,55.100000,0.000000,14,18,22,28,45,95,180,650,8100,8600,8800,15082,0,14,97.75880170827543,7.164138136431575,8849.846384022385,1573.9004773902666
1785160079,200,,Aggregated,57.200000,0.000000,14,18,22,28,46,95,180,640,8100,8600,8800,15153,0,14,97.45404666757038,7.164138136431575,8849.846384022385,1569.4513957632153
1785160080,200,,Aggregated,56.900000,0.000000,14,18,22,28,46,96,180,630,8100,8600,8800,15213,0,14,97.31295679585772,7.164138136431575,8849.846384022385,1568.2983632419641
1785160081,200,,Aggregated,59.000000,0.000000,14,18,22,28,46,95,180,630,8100,8600,8800,15291,0,14,96.91578574335739,7.164138136431575,8849.846384022385,1567.5453534759008
1785160082,200,,Aggregated,58.900000,0.000000,14,18,22,28,46,95,180,610,8100,8600,8800,15347,0,14,96.64834511240943,7.164138136431575,8849.846384022385,1566.3796833257313
1785160083,200,,Aggregated,63.600000,0.000000,14,18,22,28,46,96,180,590,8100,8600,8800,15423,0,14,96.36689443130655,7.164138136431575,8849.846384022385,1566.7021980159502
1785160084,200,,Aggregated,64.100000,0.000000,14,18,23,28,46,96,190,590,8100,8600,8800,15465,0,14,96.3314718315712,7.164138136431575,8849.846384022385,1564.9702554154542
1785160085,200,,Aggregated,63.500000,0.000000,14,18,23,28,47,97,190,590,8100,8600,8800,15539,0,14,96.15996304270561,7.164138136431575,8849.846384022385,1568.1458266297702
1785160086,200,,Aggregated,63.000000,0.000000,14,18,23,28,46,97,190,590,8100,8600,8800,15603,0,14,95.83813529817665,7.164138136431575,8849.846384022385,1569.1781067743382
1785160087,200,,Aggregated,64.600000,0.000000,14,18,23,28,46,96,190,590,8100,8600,8800,15667,0,14,95.53500533909659,7.164138136431575,8849.846384022385,1569.4775643071423
1785160088,200,,Aggregated,65.200000,0.000000,14,18,23,28,46,96,180,590,8100,8600,8800,15730,0,14,95.22798631721557,7.164138136431575,8849.846384022385,1566.950985378258
1785160089,200,,Aggregated,64.300000,0.000000,14,18,23,28,47,96,180,590,8100,8600,8800,15778,0,14,95.0943055841694,7.164138136431575,8849.846384022385,1568.0723158828748
1785160090,200,,Aggregated,64.400000,0.000000,14,18,23,28,46,96,180,590,8100,8600,8800,15831,0,14,94.8423665228027,7.164138136431575,8849.846384022385,1570.435790537553
1785160091,200,,Aggregated,63.600000,0.000000,14,18,23,28,46,96,180,590,8100,8600,8800,15891,0,14,94.57839813360211,7.164138136431575,8849.846384022385,1570.7941602164747
1785160092,200,,Aggregated,62.700000,0.000000,14,18,23,28,46,96,180,580,8100,8600,8800,15980,0,14,94.17876118580777,7.164138136431575,8849.846384022385,1568.1291614518148
1785160094,200,,Aggregated,60.200000,0.000000,14,18,23,28,46,96,180,580,8100,8600,8800,16027,0,14,93.95164849472881,7.164138136431575,8849.846384022385,1568.1549884569788
1785160095,200,,Aggregated,61.800000,0.000000,14,18,23,29,47,97,180,580,8100,8600,8800,16126,0,14,93.77265407688628,7.164138136431575,8849.846384022385,1566.7035222621853
1785160096,200,,Aggregated,58.800000,0.000000,14,18,23,28,47,97,180,580,8100,8600,8800,16200,0,14,93.4283346984892,7.164138136431575,8849.846384022385,1565.408024691358
1785160097,200,,Aggregated,60.900000,0.000000,14,18,23,29,47,97,180,580,8100,8600,8800,16253,0,14,93.22785076756361,7.164138136431575,8849.846384022385,1564.6294222605059
1785160098,200,,Aggregated,62.500000,0.000000,14,18,23,29,47,97,180,570,8100,8600,8800,16326,0,14,92.91861129163499,7.164138136431575,8849.846384022385,1561.7004777655275
1785160099,200,,Aggregated,62.300000,0.000000,14,18,23,29,47,97,180,580,8100,8600,8800,16413,0,14,92.74283767597156,7.164138136431575,8849.846384022385,1560.1145433497836
1785160100,200,,Aggregated,63.300000,0.000000,14,18,23,29,47,97,180,580,8100,8600,8800,16456,0,14,92.54018157218798,7.164138136431575,8849.846384022385,1562.4083009236751
1785160101,200,,Aggregated,63.500000,0.000000,14,18,23,29,47,97,180,580,8100,8600,8800,16529,0,14,92.20168543986006,7.164138136431575,8849.846384022385,1561.2083005626475
1785160102,200,,Aggregated,64.100000,0.000000,14,18,23,28,47,97,180,580,8100,8600,8800,16579,0,14,91.96836291980885,7.164138136431575,8849.846384022385,1560.3750527776103
1785160103,200,,Aggregated,63.700000,0.000000,14,18,23,28,47,97,180,580,8100,8600,8800,16618,0,14,92.37891827379151,7.164138136431575,8849.846384022385,1559.1435792514142
1785160104,200,,Aggregated,62.900000,0.000000,14,18,23,29,47,97,180,590,8100,8600,8800,16686,0,14,94.50304281636798,7.164138136431575,8849.846384022385,1559.3463382476327
1785160105,200,,Aggregated,59.500000,0.000000,14,18,23,29,47,97,180,590,8100,8600,8800,16762,0,14,94.65041836470492,7.164138136431575,8849.846384022385,1556.7698961937717
1785160106,200,,Aggregated,60.600000,0.000000,14,18,23,29,47,97,180,610,8100,8600,8800,16819,0,14,95.34163188863825,7.164138136431575,8849.846384022385,1555.576847612819
1785160107,200,,Aggregated,58.400000,0.000000,14,18,23,29,47,97,180,640,8100,8600,8800,16868,0,14,96.06497371689086,7.164138136431575,8849.846384022385,1558.6379535214608
1785160109,200,,Aggregated,58.600000,0.000000,14,18,23,29,47,97,180,640,8100,8600,8800,16905,0,14,96.36690667236796,7.164138136431575,8849.846384022385,1558.4936409346346
1785160110,200,,Aggregated,56.000000,0.000000,14,18,23,29,47,97,190,680,8100,8600,8800,16987,0,14,98.92322144170883,7.164138136431575,8849.846384022385,1560.1227409195267
1785160111,200,,Aggregated,53.300000,0.000000,14,18,23,29,47,97,190,680,8100,8600,8800,17043,0,14,100.54876934175485,7.164138136431575,8849.846384022385,1563.4161825969607
1785160112,200,,Aggregated,54.700000,0.000000,14,18,23,29,47,97,190,700,8100,8600,8800,17098,0,14,102.15846742785497,7.164138136431575,8849.846384022385,1562.0584278863025
1785160113,200,,Aggregated,55.000000,0.000000,14,18,23,29,47,97,190,700,8100,8600,8800,17146,0,14,102.40330122505003,7.164138136431575,8849.846384022385,1560.7275166219526
1785160114,200,,Aggregated,55.400000,0.000000,14,18,23,29,47,97,190,700,8100,8600,8800,17188,0,14,102.20572335012086,7.164138136431575,8849.846384022385,1561.6821037933441
1785160115,200,,Aggregated,54.900000,0.000000,14,18,23,29,48,97,190,710,8100,8600,8800,17266,0,14,102.84160880700043,7.164138136431575,8849.846384022385,1563.1249276033823
1785160116,200,,Aggregated,55.200000,0.000000,14,18,23,29,48,97,190,700,8100,8600,8800,17315,0,14,102.60466755208606,7.164138136431575,8849.846384022385,1563.2504764654923
1785160117,200,,Aggregated,53.600000,0.000000,14,18,23,29,48,97,190,730,8100,8600,8800,17377,0,14,103.68984460045466,7.164138136431575,8849.846384022385,1562.4756287046096
1785160118,200,,Aggregated,51.500000,0.000000,14,18,23,29,48,97,190,730,8100,8600,8800,17410,0,14,103.52362744753034,7.164138136431575,8849.846384022385,1563.937794371051
1785160120,200,,Aggregated,51.400000,0.000000,14,18,23,29,47,97,190,730,8100,8600,8800,17474,0,14,103.21063416873248,7.164138136431575,8849.846384022385,1565.0268971042692
1785160121,200,,Aggregated,52.100000,0.000000,14,18,23,29,49,97,190,730,8200,8600,8800,17566,0,14,103.94038323906115,7.164138136431575,8849.846384022385,1564.064328817033
1785160122,200,,Aggregated,50.300000,0.000000,14,18,23,29,48,97,190,730,8200,8600,8800,17627,0,14,103.64750946076822,7.164138136431575,8849.846384022385,1564.3686390196858
1785160123,200,,Aggregated,53.800000,0.000000,14,18,23,29,48,97,190,740,8200,8600,8800,17695,0,14,104.71153346745086,7.164138136431575,8849.846384022385,1562.209437694264
1785160124,200,,Aggregated,53.100000,0.000000,14,18,23,29,48,97,190,750,8200,8600,8800,17750,0,14,105.35677033724447,7.164138136431575,8849.846384022385,1562.0238309859155
1785160125,200,,Aggregated,55.000000,0.000000,14,18,23,29,49,97,190,740,8200,8600,8800,17809,0,14,105.23744891521072,7.164138136431575,8849.846384022385,1561.5468021786737
1785160126,200,,Aggregated,55.900000,0.000000,14,18,23,29,49,97,190,740,8200,8600,8800,17912,0,14,104.80362963315997,7.164138136431575,8849.846384022385,1557.839325591782
1785160127,200,,Aggregated,53.200000,0.000000,14,18,23,29,49,97,190,740,8200,8600,8800,17968,0,14,104.53304336012624,7.164138136431575,8849.846384022385,1557.7215048975957
1785160128,200,,Aggregated,61.200000,0.000000,14,18,23,29,49,97,190,730,8200,8600,8800,18022,0,14,104.27668797205806,7.164138136431575,8849.846384022385,1557.8563977361002
1785160129,200,,Aggregated,61.200000,0.000000,14,18,23,29,49,97,190,730,8200,8600,8800,18061,0,14,104.09117330400272,7.164138136431575,8849.846384022385,1557.5586069431372
1785160130,200,,Aggregated,61.400000,0.000000,14,18,23,29,50,97,190,730,8200,8600,8800,18172,0,14,103.69327125464359,7.164138136431575,8849.846384022385,1554.7470834250496
1785160131,200,,Aggregated,62.900000,0.000000,14,18,23,29,50,97,190,710,8200,8600,8800,18229,0,14,103.4156861221871,7.164138136431575,8849.846384022385,1554.8108508420648
1785160132,200,,Aggregated,66.100000,0.000000,14,18,23,29,49,97,190,710,8200,8600,8800,18271,0,14,103.2232765455879,7.164138136431575,8849.846384022385,1556.01132942915
1785160133,200,,Aggregated,62.800000,0.000000,14,18,23,29,49,97,190,700,8200,8600,8800,18330,0,14,102.95911132022931,7.164138136431575,8849.846384022385,1557.8582105837424
1785160134,200,,Aggregated,62.800000,0.000000,14,18,23,29,49,97,190,700,8200,8600,8800,18350,0,14,102.8689604777112,7.164138136431575,8849.846384022385,1558.6959128065396
1785160135,200,,Aggregated,62.200000,0.000000,14,18,23,29,50,97,190,700,8200,8600,8800,18440,0,14,102.62903415124738,7.164138136431575,8849.846384022385,1559.9042299349242
1785160136,200,,Aggregated,60.600000,0.000000,14,18,23,29,50,97,190,700,8200,8600,8800,18501,0,14,102.33633955231328,7.164138136431575,8849.846384022385,1560.726555321334
1785160137,200,,Aggregated,63.200000,0.000000,14,18,23,29,50,97,190,700,8200,8600,8800,18570,0,14,102.01904288119214,7.164138136431575,8849.846384022385,1560.0299946149703
1785160138,200,,Aggregated,55.900000,0.000000,14,18,23,29,49,97,180,690,8200,8600,8800,18634,0,14,101.72479571890555,7.164138136431575,8849.846384022385,1561.7705806590104
1785160139,200,,Aggregated,57.400000,0.000000,14,18,23,29,50,96,180,690,8200,8600,8800,18674,0,14,101.59111832511367,7.164138136431575,8849.846384022385,1561.3623754953412
1785160140,200,,Aggregated,59.000000,0.000000,14,18,23,29,50,96,180,690,8200,8600,8800,18740,0,14,101.3037451590623,7.164138136431575,8849.846384022385,1562.175506937033
1785160141,200,,Aggregated,58.000000,0.000000,14,18,23,29,50,96,180,690,8200,8600,8800,18798,0,14,101.04381268824092,7.164138136431575,8849.846384022385,1562.537078412597
1785160142,200,,Aggregated,57.600000,0.000000,14,18,23,29,49,96,180,680,8200,8600,8800,18855,0,14,100.78881836872428,7.164138136431575,8849.846384022385,1561.4730840625828
1785160143,200,,Aggregated,56.900000,0.000000,14,18,23,29,49,96,180,680,8200,8600,8800,18896,0,14,100.60210147913278,7.164138136431575,8849.846384022385,1564.1741638442
1785160144,200,,Aggregated,55.400000,0.000000,14,18,23,29,50,96,190,680,8200,8600,8800,18938,0,14,100.65711174571464,7.164138136431575,8849.846384022385,1563.9022072024502
1785160145,200,,Aggregated,56.000000,0.000000,14,18,23,29,50,97,190,680,8200,8600,8800,19030,0,14,100.53941609670227,7.164138136431575,8849.846384022385,1565.148554913295
1785160146,200,,Aggregated,56.300000,0.000000,14,18,23,29,50,97,190,680,8200,8600,8800,19090,0,14,100.2904071770545,7.164138136431575,8849.846384022385,1563.9740178103718
1785160147,200,,Aggregated,58.100000,0.000000,14,18,23,29,50,97,190,680,8200,8600,8800,19162,0,14,99.97586876819024,7.164138136431575,8849.846384022385,1565.6160108548167
1785160149,200,,Aggregated,60.000000,0.000000,14,18,23,29,50,97,190,680,8200,8600,8800,19220,0,14,99.7384213906898,7.164138136431575,8849.846384022385,1566.3625390218522
1785160150,200,,Aggregated,58.500000,0.000000,14,18,24,29,51,97,190,680,8200,8600,8800,19332,0,14,99.54244022258541,7.164138136431575,8849.846384022385,1564.5526070763501
1785160151,200,,Aggregated,57.900000,0.000000,14,18,23,29,51,97,190,680,8200,8600,8800,19421,0,14,99.19364006786238,7.164138136431575,8849.846384022385,1564.6595437928015
1785160152,200,,Aggregated,61.800000,0.000000,14,18,23,29,51,97,190,680,8200,8600,8800,19466,0,14,99.00248461214879,7.164138136431575,8849.846384022385,1564.0944724134388
1785160153,200,,Aggregated,61.800000,0.000000,14,18,24,29,51,97,190,680,8200,8600,8800,19518,0,14,98.80744634222978,7.164138136431575,8849.846384022385,1562.0110667076544
1785160154,200,,Aggregated,65.700000,0.000000,14,18,24,30,51,98,190,680,8200,8600,8800,19622,0,14,98.56971039343682,7.164138136431575,8849.846384022385,1560.2546121700132
1785160155,200,,Aggregated,65.500000,0.000000,14,18,24,30,51,97,190,680,8200,8600,8800,19676,0,14,98.34446842090381,7.164138136431575,8849.846384022385,1560.3173917462898
1785160156,200,,Aggregated,67.900000,0.000000,14,18,24,29,51,97,190,670,8200,8600,8800,19738,0,14,98.0821511820994,7.164138136431575,8849.846384022385,1559.4176714966056
1785160157,200,,Aggregated,68.100000,0.000000,14,18,24,29,51,97,190,670,8200,8600,8800,19811,0,14,97.78388328676566,7.164138136431575,8849.846384022385,1557.0553228004644
1785160158,200,,Aggregated,65.500000,0.000000,14,18,24,30,51,97,190,670,8200,8600,8800,19919,0,14,97.54263799849078,7.164138136431575,8849.846384022385,1557.4139264019277
1785160159,200,,Aggregated,68.100000,0.000000,14,18,24,30,51,97,190,670,8200,8600,8800,19977,0,14,97.30767401343168,7.164138136431575,8849.846384022385,1556.7520148170397
1785160160,200,,Aggregated,63.000000,0.000000,14,18,24,30,51,97,190,670,8100,8500,8800,20027,0,14,97.1229954401981,7.164138136431575,8849.846384022385,1558.0150297098917
1785160162,200,,Aggregated,70.300000,0.000000,14,18,24,30,51,97,180,670,8100,8500,8800,20081,0,14,96.90628898937867,7.164138136431575,8849.846384022385,1557.913251332105
1785160163,200,,Aggregated,64.800000,0.000000,14,18,24,30,51,97,180,670,8100,8500,8800,20096,0,14,96.85039437788143,7.164138136431575,8849.846384022385,1558.4476015127389
1785160164,200,,Aggregated,61.600000,0.000000,14,18,24,30,51,97,180,670,8100,8500,8800,20184,0,14,96.60870157959887,7.164138136431575,8849.846384022385,1558.250941339675
1785160165,200,,Aggregated,57.800000,0.000000,14,18,24,30,51,97,180,660,8100,8500,8800,20244,0,14,96.37041336614475,7.164138136431575,8849.846384022385,1559.8832246591583
1785160166,200,,Aggregated,57.800000,0.000000,14,18,24,30,51,97,180,660,8100,8500,8800,20311,0,14,96.10817816246163,7.164138136431575,8849.846384022385,1560.6089311210674
1785160167,200,,Aggregated,58.300000,0.000000,14,18,24,30,51,97,180,660,8100,8500,8800,20386,0,14,95.81706038667797,7.164138136431575,8849.846384022385,1558.608947316786
1785160168,200,,Aggregated,60.500000,0.000000,14,18,24,30,52,99,180,660,8100,8500,8800,20463,0,14,95.87333612917024,7.164138136431575,8849.846384022385,1559.0073791721643
1785160169,200,,Aggregated,59.200000,0.000000,14,18,24,30,52,99,180,660,8100,8500,8800,20526,0,14,95.65872905278074,7.164138136431575,8849.846384022385,1557.5994348631004
1785160170,200,,Aggregated,64.300000,0.000000,14,18,24,30,52,99,180,660,8100,8500,8800,20567,0,14,95.4929504633383,7.164138136431575,8849.846384022385,1557.9096124860214
1785160171,200,,Aggregated,60.000000,0.000000,14,18,24,30,52,98,180,650,8100,8500,8800,20651,0,14,95.1746996431558,7.164138136431575,8849.846384022385,1554.5480122027989
1785160172,200,,Aggregated,60.000000,0.000000,14,18,24,30,52,99,180,650,8100,8500,8800,20676,0,14,95.09109741712483,7.164138136431575,8849.846384022385,1555.0529599535694
1785160173,200,,Aggregated,61.800000,0.000000,14,18,24,30,52,99,180,650,8100,8500,8800,20741,0,14,94.89866439680787,7.164138136431575,8849.846384022385,1555.2718769586809
1785160174,200,,Aggregated,59.500000,0.000000,14,18,24,30,52,99,180,650,8100,8500,8800,20819,0,14,94.64069982316074,7.164138136431575,8849.846384022385,1554.6265430616263
1785160175,200,,Aggregated,62.500000,0.000000,14,18,24,30,51,99,180,650,8100,8500,8800,20893,0,14,94.36146239871556,7.164138136431575,8849.846384022385,1554.741875269229
1785160176,200,,Aggregated,61.400000,0.000000,14,18,24,30,51,98,180,640,8100,8500,8800,20963,0,14,94.09396375731566,7.164138136431575,8849.846384022385,1553.5838858941945
1785160177,200,,Aggregated,62.300000,0.000000,14,18,24,30,52,99,180,640,8100,8500,8800,21017,0,14,93.9954115371891,7.164138136431575,8849.846384022385,1551.2149688347529
1785160178,200,,Aggregated,63.200000,0.000000,14,18,24,30,51,98,180,640,8100,8500,8800,21073,0,14,93.79195477299494,7.164138136431575,8849.846384022385,1553.7478289754663
1785160179,200,,Aggregated,59.300000,0.000000,14,18,24,30,51,98,180,630,8100,8500,8800,21127,0,14,93.5961870251917,7.164138136431575,8849.846384022385,1553.633644152033
1785160180,200,,Aggregated,60.100000,0.000000,14,18,24,30,51,98,180,630,8100,8500,8800,21177,0,14,93.41869321111487,7.164138136431575,8849.846384022385,1552.618123435803
1785160181,200,,Aggregated,58.400000,0.000000,14,18,24,30,51,98,180,630,8100,8500,8800,21226,0,14,93.61526632702024,7.164138136431575,8849.846384022385,1552.2909168001509
1785160182,200,,Aggregated,58.400000,0.000000,14,18,24,30,51,98,180,640,8100,8500,8800,21262,0,14,93.86277525196807,7.164138136431575,8849.846384022385,1551.0182485184837
1785160183,200,,Aggregated,56.800000,0.000000,14,18,24,30,52,99,180,670,8200,8700,8800,21373,0,14,96.09116494088876,7.164138136431575,8849.846384022385,1549.7385486361297
1785160184,200,,Aggregated,58.600000,0.000000,14,18,24,30,52,99,180,670,8200,8700,8800,21433,0,14,96.25574375980919,7.164138136431575,8849.846384022385,1548.567069472309
1785160185,200,,Aggregated,55.400000,0.000000,14,18,24,30,52,99,180,670,8200,8700,8800,21490,0,14,96.79218475063747,7.164138136431575,8849.846384022385,1547.114192647743
1785160186,200,,Aggregated,58.100000,0.000000,14,18,24,30,52,99,180,670,8200,8700,8800,21541,0,14,96.97455509843684,7.164138136431575,8849.846384022385,1546.5318230351422
1785160187,200,,Aggregated,57.000000,0.000000,14,18,24,30,52,99,180,680,8200,8700,8800,21629,0,14,97.95283038300303,7.164138136431575,8849.846384022385,1545.5411715752
1785160188,200,,Aggregated,54.900000,0.000000,14,18,24,30,52,99,190,680,8200,8700,8800,21692,0,14,99.58064546482088,7.164138136431575,8849.846384022385,1545.5532915360502
1785160189,200,,Aggregated,57.700000,0.000000,14,18,24,30,52,99,190,690,8200,8700,8800,21751,0,14,100.09533474372543,7.164138136431575,8849.846384022385,1545.383062847685
1785160190,200,,Aggregated,57.800000,0.000000,14,18,24,30,52,99,190,690,8200,8700,8800,21798,0,14,99.91983078803491,7.164138136431575,8849.846384022385,1546.2552986512524
1785160192,200,,Aggregated,58.500000,0.000000,14,18,24,30,52,99,190,680,8200,8700,8800,21842,0,14,99.74797226149354,7.164138136431575,8849.846384022385,1546.5895064554527
1785160193,200,,Aggregated,58.600000,0.000000,14,18,24,30,52,99,190,680,8200,8700,8800,21926,0,14,99.87451398393395,7.164138136431575,8849.846384022385,1545.8014685761198
1785160194,200,,Aggregated,58.000000,0.000000,14,18,24,30,52,99,180,680,8200,8700,8800,21995,1,14,99.64467596759582,4.057680023834109,8849.846384022385,1545.2873380313708
1785160195,200,,Aggregated,62.600000,0.000000,14,18,24,30,52,99,190,690,8200,8700,8800,22039,1,14,100.20699513579117,4.057680023834109,8849.846384022385,1545.0201007305232
1785160196,200,,Aggregated,59.100000,0.100000,14,18,24,30,52,99,190,690,8200,8700,8800,22106,1,14,100.35533050706195,4.057680023834109,8849.846384022385,1543.2455441961458
1785160197,200,,Aggregated,57.900000,0.100000,14,18,24,30,53,99,190,690,8200,8700,8800,22178,1,14,100.60950342315245,4.057680023834109,8849.846384022385,1543.6263865091532
1785160198,200,,Aggregated,57.900000,0.100000,14,18,24,30,53,99,190,690,8200,8700,8800,22233,1,14,100.76918070088858,4.057680023834109,8849.846384022385,1543.192551612468
1785160199,200,,Aggregated,58.300000,0.100000,14,18,24,30,53,99,190,700,8200,8700,8800,22287,1,14,100.92248121930601,4.057680023834109,8849.846384022385,1542.5395970745278
1785160200,200,,Aggregated,57.100000,0.100000,14,18,24,30,53,99,190,690,8200,8700,8800,22348,1,14,100.68945520499453,4.057680023834109,8849.846384022385,1543.2319223196707
1785160201,200,,Aggregated,56.600000,0.100000,14,18,24,30,53,99,190,700,8200,8700,8800,22398,1,14,101.58482797816886,4.057680023834109,8849.846384022385,1544.3187338155192
1785160202,200,,Aggregated,55.900000,0.100000,14,18,24,30,53,99,190,700,8200,8700,8800,22419,1,14,101.50710904117167,4.057680023834109,8849.846384022385,1544.1056246933404
1785160203,200,,Aggregated,57.000000,0.100000,14,18,24,30,53,99,190,700,8200,8700,8800,22539,1,14,102.34817107248526,4.057680023834109,8849.846384022385,1543.6321487199964
1785160204,200,,Aggregated,57.600000,0.100000,14,18,24,30,53,99,190,700,8200,8700,8800,22621,1,14,102.3920791684119,4.057680023834109,8849.846384022385,1541.7207904159852
1785160205,200,,Aggregated,58.500000,0.100000,14,18,24,30,53,99,190,700,8200,8700,8800,22679,1,14,102.1765184740077,4.057680023834109,8849.846384022385,1540.8513602892544
1785160207,200,,Aggregated,59.700000,0.000000,14,18,24,30,53,99,190,700,8200,8700,8800,22709,1,14,102.06298629863488,4.057680023834109,8849.846384022385,1540.695098859483
1785160208,200,,Aggregated,62.500000,0.000000,15,19,24,30,53,99,190,700,8200,8700,8800,22795,1,15,101.84872962574671,4.057680023834109,8849.846384022385,1539.9939460407984
1785160209,200,,Aggregated,57.800000,0.000000,15,19,24,30,53,99,190,700,8200,8700,8800,22881,1,15,101.57869887856917,4.057680023834109,8849.846384022385,1539.0713692583365
1785160210,200,,Aggregated,59.100000,0.000000,15,19,24,30,53,99,180,700,8200,8700,8800,22947,1,15,101.36041182423732,4.057680023834109,8849.846384022385,1537.2595110471957
1785160211,200,,Aggregated,59.100000,0.000000,15,19,24,30,53,99,180,690,8200,8700,8800,23001,1,15,101.16229477566617,4.057680023834109,8849.846384022385,1535.8445284987608
1785160212,200,,Aggregated,62.900000,0.000000,15,19,24,30,54,99,180,690,8200,8700,8800,23103,1,15,100.95646209193347,4.057680023834109,8849.846384022385,1533.0349738129248
1785160213,200,,Aggregated,63.200000,0.000000,15,19,24,30,54,99,180,690,8200,8700,8800,23164,1,15,100.73958645136146,4.057680023834109,8849.846384022385,1532.7642894146088
1785160214,200,,Aggregated,67.500000,0.000000,15,19,24,30,54,99,180,680,8200,8700,8800,23202,1,15,100.59813254159978,4.057680023834109,8849.846384022385,1534.754460822343
1785160215,200,,Aggregated,65.400000,0.000000,15,19,24,30,54,99,180,680,8200,8700,8800,23263,1,15,100.37956668443285,4.057680023834109,8849.846384022385,1534.3246356875725
1785160216,200,,Aggregated,65.400000,0.000000,15,19,24,30,53,99,180,680,8200,8700,8800,23293,1,15,100.26711267892557,4.057680023834109,8849.846384022385,1534.4735328210193
1785160217,200,,Aggregated,61.400000,0.000000,15,19,24,30,54,99,180,680,8200,8700,8800,23389,1,15,100.05638896940553,4.057680023834109,8849.846384022385,1533.6483389627604
1785160218,200,,Aggregated,59.800000,0.000000,15,19,24,30,54,99,180,680,8200,8700,8800,23434,1,15,99.89265325733004,4.057680023834109,8849.846384022385,1533.348809422207
1785160219,200,,Aggregated,64.700000,0.000000,15,19,24,30,54,99,180,680,8200,8700,8800,23497,1,15,99.671967362068,4.057680023834109,8849.846384022385,1533.641103119547
1785160220,200,,Aggregated,61.300000,0.000000,15,19,24,30,54,99,180,680,8200,8700,8800,23551,1,15,99.49404823352255,4.057680023834109,8849.846384022385,1532.7005222708165
1785160221,200,,Aggregated,57.300000,0.000000,15,19,24,30,54,99,180,680,8200,8700,8800,23578,1,15,99.39674144553962,4.057680023834109,8849.846384022385,1532.5341419967767
1785160222,200,,Aggregated,57.400000,0.000000,15,19,24,30,54,99,180,680,8200,8700,8800,23672,1,15,99.20439485082396,4.057680023834109,8849.846384022385,1532.930719837783
1785160223,200,,Aggregated,56.400000,0.000000,15,19,24,30,54,99,180,680,8200,8700,8800,23737,1,15,98.98323281789166,4.057680023834109,8849.846384022385,1530.763028183848
1785160224,200,,Aggregated,52.800000,0.000000,15,19,24,30,54,99,180,680,8200,8700,8800,23784,1,15,98.81592429462859,4.057680023834109,8849.846384022385,1530.6129751093172
1785160226,200,,Aggregated,53.800000,0.000000,15,19,24,30,54,99,180,680,8200,8700,8800,23874,1,15,98.51872388596402,4.057680023834109,8849.846384022385,1528.9139230962553
1785160227,200,,Aggregated,53.800000,0.000000,15,19,25,30,54,100,180,680,8200,8700,8800,23994,1,15,98.37600409755504,4.057680023834109,8849.846384022385,1527.9246478286238
1785160228,200,,Aggregated,58.100000,0.000000,15,19,25,30,54,100,180,680,8200,8700,8800,24073,1,15,98.12026516692929,4.057680023834109,8849.846384022385,1527.7124994807461
1785160229,200,,Aggregated,62.500000,0.000000,15,19,25,30,54,99,180,670,8200,8700,8800,24163,1,15,97.82946529608846,4.057680023834109,8849.846384022385,1526.3750362123908
1785160230,200,,Aggregated,64.600000,0.000000,15,19,25,30,54,99,180,670,8200,8700,8800,24211,1,15,97.74212333447043,4.057680023834109,8849.846384022385,1525.8119449836852
1785160231,200,,Aggregated,68.500000,0.000000,15,19,25,30,54,99,180,670,8200,8700,8800,24269,2,15,97.55103027568288,3.743531182408333,8849.846384022385,1526.0008240965842
1785160232,200,,Aggregated,65.400000,0.000000,15,19,25,30,54,99,180,670,8200,8700,8800,24354,3,15,97.28410106660978,3.743531182408333,8849.846384022385,1528.0912375790424
1785160233,200,,Aggregated,69.300000,0.100000,15,19,25,30,54,99,180,660,8200,8700,8800,24422,6,15,97.06773456855623,3.2871540170162916,8849.846384022385,1527.8997215625257
1785160234,200,,Aggregated,69.300000,0.100000,15,19,25,30,54,99,180,660,8200,8700,8800,24462,6,15,96.94474846751014,3.2871540170162916,8849.846384022385,1528.850584580165
1785160235,200,,Aggregated,71.500000,0.300000,15,19,25,30,54,99,180,660,8200,8700,8800,24530,6,15,96.7839920377724,3.2871540170162916,8849.846384022385,1527.6982470444354
1785160236,200,,Aggregated,70.600000,0.500000,15,19,25,30,54,99,180,650,8200,8700,8800,24618,9,15,96.51552791148,3.2871540170162916,8849.846384022385,1525.8984076691852
1785160237,200,,Aggregated,72.100000,0.500000,15,19,25,30,54,99,180,650,8200,8700,8800,24692,10,15,96.28443685467937,3.2871540170162916,8849.846384022385,1523.806091041633
1785160238,200,,Aggregated,68.900000,0.500000,15,19,25,30,54,99,170,650,8200,8700,8800,24751,10,15,96.09099894496839,3.2871540170162916,8849.846384022385,1524.8666316512465
1785160239,200,,Aggregated,65.800000,0.900000,15,19,25,30,54,99,180,650,8200,8700,8800,24820,10,15,96.00961784829178,3.2871540170162916,8849.846384022385,1526.918493150685
1785160240,200,,Aggregated,66.100000,0.900000,15,19,25,30,54,99,180,650,8200,8700,8800,24893,10,15,95.78918485837674,3.2871540170162916,8849.846384022385,1525.080424215643
1785160241,200,,Aggregated,62.000000,0.900000,15,19,25,30,54,99,170,650,8200,8700,8800,24985,10,15,95.50526536599865,3.2871540170162916,8849.846384022385,1524.6699619771864
1785160243,200,,Aggregated,67.000000,0.900000,15,19,25,30,54,99,170,640,8200,8700,8800,25052,10,15,95.32293502979346,3.2871540170162916,8849.846384022385,1523.1214673479162
1785160244,200,,Aggregated,68.700000,0.800000,15,19,25,30,55,99,170,650,8200,8700,8800,25163,10,15,95.19907205177728,3.2871540170162916,8849.846384022385,1520.3040178039184
1785160245,200,,Aggregated,65.900000,0.600000,15,19,25,30,55,99,170,650,8200,8700,8800,25199,10,15,95.09299113620303,3.2871540170162916,8849.846384022385,1519.7751894916464
1785160246,200,,Aggregated,67.000000,0.400000,15,19,25,30,54,99,170,640,8200,8700,8800,25293,10,15,94.8278743400183,3.2871540170162916,8849.846384022385,1520.3613648044914
1785160248,200,,Aggregated,66.000000,0.400000,15,19,25,30,54,99,170,640,8200,8700,8800,25344,10,15,94.67402817612347,3.2871540170162916,8849.846384022385,1520.2321654040404
1785160249,200,,Aggregated,68.400000,0.000000,15,19,25,31,55,99,170,640,8200,8700,8800,25435,10,15,94.49815943240145,3.2871540170162916,8849.846384022385,1520.1796343620995
1785160250,200,,Aggregated,62.900000,0.000000,15,19,25,30,55,99,170,640,8200,8700,8800,25491,10,15,94.3286569596529,3.2871540170162916,8849.846384022385,1519.1340865403477
1785160251,200,,Aggregated,67.400000,0.000000,15,19,25,30,54,99,170,640,8200,8700,8800,25548,10,15,94.15599180611521,3.2871540170162916,8849.846384022385,1519.8909112259278
1785160252,200,,Aggregated,64.100000,0.000000,15,19,25,30,54,99,170,640,8200,8700,8800,25595,10,15,94.01085241823263,3.2871540170162916,8849.846384022385,1519.4252783746826
1785160253,200,,Aggregated,64.100000,0.000000,15,19,25,30,54,99,170,630,8200,8700,8800,25637,10,15,93.88508321829995,3.2871540170162916,8849.846384022385,1519.322697663533
1785160254,200,,Aggregated,59.100000,0.000000,15,19,25,31,55,99,170,640,8200,8700,8800,25733,10,15,93.74494556382038,3.2871540170162916,8849.846384022385,1519.1637197373022
1785160255,200,,Aggregated,58.500000,0.000000,15,19,25,30,55,99,170,640,8200,8700,8800,25800,10,15,93.55593165215791,3.2871540170162916,8849.846384022385,1519.5334108527131
1785160256,200,,Aggregated,58.500000,0.000000,15,19,25,30,55,99,170,630,8200,8700,8800,25871,10,15,93.34575143353437,3.2871540170162916,8849.846384022385,1517.498898380426
1785160257,200,,Aggregated,58.900000,0.000000,15,19,25,30,54,99,170,630,8200,8700,8800,25926,10,15,93.48938481638554,3.2871540170162916,8849.846384022385,1516.350921854509
1785160258,200,,Aggregated,60.100000,0.000000,15,19,25,31,55,99,170,640,8200,8700,8800,25977,10,15,94.05219083664879,3.2871540170162916,8849.846384022385,1517.1502098009778
1785160259,200,,Aggregated,57.300000,0.000000,15,19,25,31,55,99,170,650,8200,8700,8800,26019,10,15,94.53867876583764,3.2871540170162916,8849.846384022385,1517.1608439986164
1785160260,200,,Aggregated,58.500000,0.000000,15,19,25,31,55,99,170,650,8200,8700,8800,26109,10,15,94.9113388469601,3.2871540170162916,8849.846384022385,1516.1455819832242
1785160261,200,,Aggregated,56.600000,0.000000,15,19,25,30,55,99,170,650,8200,8700,8800,26163,10,15,95.36800702270571,3.2871540170162916,8849.846384022385,1515.044910751825
1785160262,200,,Aggregated,58.500000,0.000000,15,19,25,30,55,99,170,660,8200,8700,8800,26215,10,15,95.81893021071193,3.2871540170162916,8849.846384022385,1516.1019263780279
1785160263,200,,Aggregated,59.800000,0.000000,15,19,25,31,56,100,180,670,8200,8700,8800,26276,10,15,97.0509121109009,3.2871540170162916,8849.846384022385,1515.5578474653676
1785160264,200,,Aggregated,59.600000,0.000000,15,19,25,31,55,100,180,670,8200,8700,8800,26334,10,15,96.87958784538495,3.2871540170162916,8849.846384022385,1517.1542872332345
1785160265,200,,Aggregated,58.200000,0.000000,15,19,25,31,55,100,180,670,8200,8700,8800,26391,10,15,97.0089329317831,3.2871540170162916,8849.846384022385,1517.3694441286802
1785160266,200,,Aggregated,60.100000,0.000000,15,19,25,31,55,100,180,670,8200,8700,8800,26440,10,15,97.47564051369503,3.2871540170162916,8849.846384022385,1518.4440998487141
1785160267,200,,Aggregated,60.200000,0.000000,15,19,25,31,55,100,180,680,8200,8700,8800,26476,10,15,97.66749459494557,3.2871540170162916,8849.846384022385,1519.244372261671
1785160268,200,,Aggregated,56.900000,0.000000,15,19,25,31,55,100,180,670,8200,8700,8800,26517,10,15,97.55509601584298,3.2871540170162916,8849.846384022385,1519.2040200626013
1785160269,200,,Aggregated,55.800000,0.000000,15,19,25,31,55,99,180,670,8200,8700,8800,26565,10,15,97.4241904994049,3.2871540170162916,8849.846384022385,1520.5087521174478
1785160270,200,,Aggregated,56.700000,0.000000,15,19,25,31,55,99,170,670,8200,8700,8800,26639,10,15,97.19467229998418,3.2871540170162916,8849.846384022385,1518.4411201621683
1785160271,200,,Aggregated,53.500000,0.000000,15,19,25,30,55,99,170,670,8200,8700,8800,26691,10,15,97.03763001584112,3.2871540170162916,8849.846384022385,1518.6256041362258
1785160272,200,,Aggregated,51.400000,0.000000,15,19,25,30,55,99,170,670,8200,8700,8800,26752,10,15,96.86676470791747,3.2871540170162916,8849.846384022385,1518.8418809808613
1785160273,200,,Aggregated,51.600000,0.000000,15,19,25,30,55,99,170,670,8200,8700,8800,26786,10,15,96.76820011727065,3.2871540170162916,8849.846384022385,1520.4323900545062
1785160274,200,,Aggregated,51.900000,0.000000,15,19,25,31,55,99,170,670,8200,8700,8800,26870,10,15,96.57224312756186,3.2871540170162916,8849.846384022385,1520.4415333085226
1785160275,200,,Aggregated,55.100000,0.000000,15,19,25,30,55,99,170,660,8200,8700,8800,26919,10,15,96.42155097394871,3.2871540170162916,8849.846384022385,1520.647460901222
1785160276,200,,Aggregated,51.700000,0.000000,15,19,25,30,55,99,170,660,8200,8700,8800,26987,10,15,96.23207616646926,3.2871540170162916,8849.846384022385,1519.5497461740838
1785160277,200,,Aggregated,51.500000,0.000000,15,19,25,30,55,99,170,670,8200,8700,8800,27025,10,15,96.71106120046818,3.2871540170162916,8849.846384022385,1519.5630712303423
1785160279,200,,Aggregated,51.900000,0.000000,15,19,25,30,55,99,170,670,8200,8700,8800,27073,10,15,97.17958392366057,3.2871540170162916,8849.846384022385,1519.536069146382
1785160280,200,,Aggregated,53.700000,0.000000,15,19,25,31,55,99,170,670,8200,8700,8800,27154,10,15,96.985670458961,3.2871540170162916,8849.846384022385,1518.329712012963
1785160281,200,,Aggregated,54.400000,0.000000,15,19,25,30,55,99,170,670,8200,8700,8800,27192,10,15,97.1690011996603,3.2871540170162916,8849.846384022385,1519.2151735804648
1785160282,200,,Aggregated,56.200000,0.000000,15,19,25,30,55,99,170,670,8200,8700,8800,27240,10,15,97.31629279567095,3.2871540170162916,8849.846384022385,1520.5332232011747
1785160283,200,,Aggregated,52.600000,0.000000,15,19,25,30,55,99,170,680,8200,8700,8800,27308,10,15,98.02040194328825,3.2871540170162916,8849.846384022385,1519.0266954738538
1785160284,200,,Aggregated,52.400000,0.000000,15,19,25,30,55,99,170,680,8200,8700,8800,27352,10,15,98.18307660883487,3.2871540170162916,8849.846384022385,1519.0445671248904
1785160285,200,,Aggregated,52.900000,0.000000,15,19,25,31,56,100,170,680,8200,8700,8800,27459,10,15,98.40874266871256,3.2871540170162916,8849.846384022385,1517.8659455916093
1785160286,200,,Aggregated,51.100000,0.000000,15,19,25,31,56,100,180,680,8200,8700,8800,27521,10,15,98.81333022281838,3.2871540170162916,8849.846384022385,1516.7009192979906
1785160287,200,,Aggregated,47.500000,0.000000,15,19,25,31,56,100,180,680,8200,8700,8800,27597,10,15,98.88013698107227,3.2871540170162916,8849.846384022385,1514.5076638765083
1785160289,200,,Aggregated,53.700000,0.000000,15,19,25,31,56,100,180,680,8200,8700,8800,27646,10,15,99.32624554522609,3.2871540170162916,8849.846384022385,1514.3022860449976
1785160290,200,,Aggregated,56.500000,0.000000,15,19,25,31,56,100,180,680,8200,8700,8800,27737,10,15,99.7545892095231,3.2871540170162916,8849.846384022385,1514.6206871687637
1785160291,200,,Aggregated,57.300000,0.000000,15,19,25,31,56,100,180,680,8200,8700,8800,27816,10,15,99.52025881970347,3.2871540170162916,8849.846384022385,1514.1381578947369
1785160292,200,,Aggregated,58.100000,0.000000,15,19,25,31,56,100,180,680,8200,8700,8800,27877,10,15,99.35432965936377,3.2871540170162916,8849.846384022385,1516.6077411486172
1785160293,200,,Aggregated,62.400000,0.000000,15,19,25,31,56,100,180,680,8200,8700,8800,27933,10,15,99.18894088217829,3.2871540170162916,8849.846384022385,1516.0515519278274
1785160294,200,,Aggregated,62.700000,0.000000,15,19,25,31,56,99,170,680,8200,8700,8800,28008,10,15,99.0427551539005,3.2871540170162916,8849.846384022385,1515.899921451014
1785160295,200,,Aggregated,61.900000,0.000000,15,19,25,31,56,99,170,680,8200,8700,8800,28048,11,15,98.92083729209014,3.2871540170162916,8849.846384022385,1515.185325156874
1785160296,200,,Aggregated,63.200000,0.000000,15,19,25,31,56,99,170,680,8200,8700,8800,28131,11,15,98.68626802292684,3.2871540170162916,8849.846384022385,1515.2280757882763
1785160297,200,,Aggregated,68.600000,0.100000,15,19,25,31,56,99,170,680,8200,8700,8800,28177,11,15,98.55378513023562,3.2871540170162916,8849.846384022385,1514.4535969052774
1785160298,200,,Aggregated,68.600000,0.100000,15,19,25,31,56,99,170,680,8200,8700,8800,28227,11,15,98.40881800152886,3.2871540170162916,8849.846384022385,1514.3648280015589
1785160299,200,,Aggregated,64.200000,0.100000,15,19,25,31,56,100,170,680,8200,8700,8800,28345,11,15,98.23294080077417,3.2871540170162916,8849.846384022385,1514.7856059269714
1785160300,200,,Aggregated,62.900000,0.100000,15,19,25,31,56,100,170,680,8200,8700,8800,28410,11,15,98.04916847552953,3.2871540170162916,8849.846384022385,1516.2745864132348
1785160301,200,,Aggregated,65.100000,0.100000,15,19,25,31,56,99,170,680,8200,8700,8800,28471,11,15,97.87691424769145,3.2871540170162916,8849.846384022385,1516.279196375259
1785160303,200,,Aggregated,64.200000,0.100000,15,19,25,31,56,99,170,680,8200,8700,8800,28521,11,15,97.73417621247066,3.2871540170162916,8849.846384022385,1514.8832088636443
1785160304,200,,Aggregated,62.300000,0.100000,15,19,25,31,57,100,170,680,8200,8700,8800,28612,11,15,97.66402476180491,3.2871540170162916,8849.846384022385,1514.5458548860618
1785160305,200,,Aggregated,60.300000,0.100000,15,19,25,31,57,100,170,680,8200,8700,8800,28668,11,15,97.52901901766764,3.2871540170162916,8849.846384022385,1515.5245918794474
1785160306,200,,Aggregated,64.300000,0.100000,15,19,25,31,57,100,170,680,8200,8700,8800,28718,11,15,97.38450836719356,3.2871540170162916,8849.846384022385,1516.4983633957797
1785160307,200,,Aggregated,62.000000,0.000000,15,19,25,31,57,100,170,680,8200,8700,8800,28772,11,15,97.23805749499695,3.2871540170162916,8849.846384022385,1516.3762685944669
1785160308,200,,Aggregated,62.000000,0.000000,15,19,25,31,57,100,170,680,8200,8700,8800,28807,11,15,97.13742649768653,3.2871540170162916,8849.846384022385,1517.6695247682856
1785160309,200,,Aggregated,60.200000,0.000000,15,19,25,31,57,100,170,680,8200,8700,8800,28899,11,15,96.93498574062423,3.2871540170162916,8849.846384022385,1517.0501401432575
1785160310,200,,Aggregated,58.000000,0.000000,15,19,25,31,57,99,170,670,8200,8700,8800,28959,11,15,96.76448928832308,3.2871540170162916,8849.846384022385,1517.3244587174972
1785160311,200,,Aggregated,55.500000,0.000000,15,19,25,31,56,99,170,670,8200,8700,8800,29023,11,15,96.57965754698053,3.2871540170162916,8849.846384022385,1517.1663163697756
1785160312,200,,Aggregated,55.400000,0.000000,15,19,25,31,56,99,170,670,8200,8700,8800,29078,11,15,96.43743657179031,3.2871540170162916,8849.846384022385,1517.7706169612766
1785160313,200,,Aggregated,55.600000,0.000000,15,19,25,31,57,100,170,670,8200,8700,8800,29116,11,15,96.42669468246835,3.2871540170162916,8849.846384022385,1518.2563882401428
1785160314,200,,Aggregated,55.000000,0.000000,15,19,25,31,57,100,170,670,8200,8700,8800,29208,11,15,96.379651149742,3.2871540170162916,8849.846384022385,1517.534237195289
1785160315,200,,Aggregated,57.700000,0.000000,15,19,25,31,57,100,170,670,8200,8700,8800,29290,11,15,96.1618013775848,3.2871540170162916,8849.846384022385,1517.110686241038
1785160316,200,,Aggregated,54.800000,0.000000,15,19,25,31,57,100,170,670,8200,8700,8800,29356,11,15,95.98269488048506,3.2871540170162916,8849.846384022385,1515.8471181359857
1785160318,200,,Aggregated,55.900000,0.000000,15,19,25,31,57,100,170,670,8200,8700,8800,29395,11,15,95.8777975964991,3.2871540170162916,8849.846384022385,1515.6291546181324
1785160319,200,,Aggregated,58.900000,0.000000,15,19,25,31,57,100,170,670,8200,8700,8800,29496,11,15,95.78123910954146,3.2871540170162916,8849.846384022385,1516.2906834825062
1785160320,200,,Aggregated,58.800000,0.000000,15,19,25,31,57,100,170,670,8200,8700,8800,29551,11,15,95.62860003090506,3.2871540170162916,8849.846384022385,1515.2726134479374
1785160321,200,,Aggregated,63.900000,0.000000,15,19,25,31,57,100,170,660,8200,8700,8800,29615,11,15,95.45118389092983,3.2871540170162916,8849.846384022385,1513.9202431200406
1785160322,200,,Aggregated,62.500000,0.000000,15,19,25,31,57,100,170,660,8200,8700,8800,29670,11,15,95.30442287760276,3.2871540170162916,8849.846384022385,1513.33414223121
1785160323,200,,Aggregated,62.800000,0.000000,15,19,25,31,57,100,170,660,8200,8700,8800,29726,11,15,95.2134654822802,3.2871540170162916,8849.846384022385,1512.8547735988698
1785160324,200,,Aggregated,62.300000,0.000000,15,19,25,31,57,100,170,660,8200,8700,8800,29812,11,15,95.00215570746498,3.2871540170162916,8849.846384022385,1512.3091372601637
1785160325,200,,Aggregated,58.600000,0.000000,15,19,25,31,57,100,170,660,8200,8700,8800,29872,11,15,94.85217644120944,3.2871540170162916,8849.846384022385,1512.1388926084628
1785160326,200,,Aggregated,64.100000,0.000000,15,19,25,31,57,100,170,650,8200,8700,8800,29941,11,15,94.67059718670612,3.2871540170162916,8849.846384022385,1511.685247653719
1785160327,200,,Aggregated,64.100000,0.000000,15,19,25,31,57,100,170,650,8200,8700,8800,29977,11,15,94.57382795976264,3.2871540170162916,8849.846384022385,1512.0783267171498
1785160328,200,,Aggregated,60.900000,0.000000,15,19,25,31,57,100,170,650,8200,8700,8800,30045,11,15,94.41766651030484,3.2871540170162916,8849.846384022385,1512.7735729738724
1785160329,200,,Aggregated,62.000000,0.000000,15,19,25,31,57,100,170,650,8200,8700,8800,30098,11,15,94.28444243371571,3.2871540170162916,8849.846384022385,1512.1070503023457
1785160330,200,,Aggregated,61.000000,0.000000,15,19,25,31,57,100,170,650,8200,8700,8800,30146,11,15,94.1530375781028,3.2871540170162916,8849.846384022385,1511.793305911232
1785160331,200,,Aggregated,56.800000,0.000000,15,19,25,31,57,99,170,650,8200,8700,8800,30207,11,15,93.99821555886503,3.2871540170162916,8849.846384022385,1511.9904988909855
1785160333,200,,Aggregated,57.500000,0.000000,15,19,25,31,57,99,170,650,8200,8700,8800,30267,11,15,93.84392591140825,3.2871540170162916,8849.846384022385,1511.867116000925
1785160334,200,,Aggregated,58.200000,0.000000,15,19,25,31,57,99,170,650,8200,8700,8800,30340,11,15,93.67955520619554,3.2871540170162916,8849.846384022385,1511.0898154251813
1785160335,200,,Aggregated,58.300000,0.000000,15,19,25,31,57,99,170,650,8200,8700,8800,30385,11,15,93.57770928535724,3.2871540170162916,8849.846384022385,1511.9695244363995
1785160336,200,,Aggregated,53.900000,0.000000,15,19,25,31,57,99,170,650,8200,8700,8800,30432,11,15,93.98738367519101,3.2871540170162916,8849.846384022385,1511.8318546267087
1785160337,200,,Aggregated,52.100000,0.000000,15,19,25,31,57,99,170,650,8200,8700,8800,30495,11,15,94.0942880534082,3.2871540170162916,8849.846384022385,1512.915723889162
1785160338,200,,Aggregated,52.100000,0.000000,15,19,25,31,56,99,170,650,8200,8700,8800,30530,11,15,94.0059187811596,3.2871540170162916,8849.846384022385,1513.3035375040943
1785160339,200,,Aggregated,51.500000,0.000000,15,19,25,31,57,99,170,660,8200,8700,8800,30662,11,15,95.38667511892814,3.2871540170162916,8849.846384022385,1513.1339116822126
1785160340,200,,Aggregated,52.500000,0.000000,15,19,25,31,57,100,170,670,8200,8700,8800,30734,11,15,96.2628216883967,3.2871540170162916,8849.846384022385,1511.9630702153966
1785160341,200,,Aggregated,55.200000,0.000000,15,19,25,31,57,100,170,670,8200,8700,8800,30791,11,15,96.11721256381132,3.2871540170162916,8849.846384022385,1514.284985872495
1785160342,200,,Aggregated,57.600000,0.000000,15,19,25,31,57,99,170,670,8200,8700,8800,30823,11,15,96.03402747331221,3.2871540170162916,8849.846384022385,1514.2054634526166
1785160343,200,,Aggregated,60.400000,0.000000,15,19,25,31,57,99,170,670,8200,8700,8800,30898,11,15,96.12567460912277,3.2871540170162916,8849.846384022385,1515.0497119554664
1785160344,200,,Aggregated,58.400000,0.000000,15,19,25,31,57,99,170,670,8200,8700,8800,30963,11,15,95.963600241074,3.2871540170162916,8849.846384022385,1514.5655459742272
1785160345,200,,Aggregated,59.700000,0.000000,15,19,25,31,57,99,170,670,8200,8700,8800,31043,11,15,96.28611375500856,3.2871540170162916,8849.846384022385,1513.7522468833554
1785160346,200,,Aggregated,58.200000,0.000000,15,19,25,31,57,99,170,670,8200,8700,8800,31078,11,15,96.19510047469865,3.2871540170162916,8849.846384022385,1514.7830619730998
1785160348,200,,Aggregated,59.000000,0.000000,15,19,25,31,57,99,170,670,8200,8700,8800,31112,11,15,96.36559544548327,3.2871540170162916,8849.846384022385,1515.9407302648497
1785160349,200,,Aggregated,59.400000,0.000000,15,19,25,31,57,100,170,670,8200,8700,8800,31220,11,15,96.22980595621819,3.2871540170162916,8849.846384022385,1517.018930172966
1785160350,200,,Aggregated,58.200000,0.000000,15,19,25,31,57,99,170,670,8200,8700,8800,31290,11,15,96.0467245506546,3.2871540170162916,8849.846384022385,1515.6667305848514
1785160351,200,,Aggregated,60.800000,0.000000,15,19,25,31,57,99,170,670,8200,8700,8800,31340,11,15,95.91523624170452,3.2871540170162916,8849.846384022385,1514.9996171027442
1785160352,200,,Aggregated,60.800000,0.000000,15,19,25,31,57,99,170,660,8200,8700,8800,31403,11,15,95.75669131325016,3.2871540170162916,8849.846384022385,1516.2824889341782
1785160353,200,,Aggregated,56.900000,0.000000,15,19,25,31,57,100,170,670,8200,8700,8800,31511,11,15,95.71417462057546,3.2871540170162916,8849.846384022385,1516.2612103709816
1785160354,200,,Aggregated,58.300000,0.000000,15,19,25,31,57,100,170,670,8200,8700,8800,31581,11,15,95.53972654950884,3.2871540170162916,8849.846384022385,1514.8374655647383
1785160355,200,,Aggregated,60.600000,0.000000,15,19,25,31,57,100,170,670,8200,8700,8800,31647,11,15,95.38343104975837,3.2871540170162916,8849.846384022385,1514.1796378803679
1785160356,200,,Aggregated,61.300000,0.000000,15,19,25,31,57,100,170,670,8200,8700,8800,31695,11,15,95.26335120762049,3.2871540170162916,8849.846384022385,1513.3502760687807
1785160357,200,,Aggregated,63.200000,0.000000,15,19,25,31,57,100,170,670,8200,8700,8800,31794,11,15,95.15601879195438,3.2871540170162916,8849.846384022385,1513.6442725042461
1785160358,200,,Aggregated,62.400000,0.000000,15,19,25,31,57,100,170,670,8200,8700,8800,31852,11,15,95.51566093497816,3.2871540170162916,8849.846384022385,1513.8570890367953
1785160360,200,,Aggregated,61.000000,0.000000,15,19,25,31,57,100,170,670,8200,8700,8800,31910,11,15,95.62653895529978,3.2871540170162916,8849.846384022385,1515.3175180194296
1785160361,200,,Aggregated,63.300000,0.000000,15,19,25,31,57,100,170,670,8200,8700,8800,31968,11,15,95.47816675883776,3.2871540170162916,8849.846384022385,1515.9939001501502
1785160362,200,,Aggregated,62.400000,0.000000,15,19,25,31,57,100,170,670,8200,8700,8800,32022,11,15,95.41975928406914,3.2871540170162916,8849.846384022385,1516.3430454062832
1785160363,200,,Aggregated,63.600000,0.000000,15,19,25,31,57,100,170,670,8200,8700,8800,32063,11,15,95.32044871059277,3.2871540170162916,8849.846384022385,1516.3055546892056
1785160364,200,,Aggregated,61.800000,0.000000,15,19,25,31,57,100,170,670,8200,8700,8800,32113,11,15,95.44670414683173,3.2871540170162916,8849.846384022385,1515.7666054245944
1785160365,200,,Aggregated,59.100000,0.000000,15,19,25,31,57,100,170,680,8200,8700,8800,32213,11,15,96.4912873524633,3.2871540170162916,8849.846384022385,1515.9164933411976
1785160366,200,,Aggregated,59.100000,0.000000,15,19,25,31,57,100,170,680,8200,8700,8800,32277,11,15,96.59760007759265,3.2871540170162916,8849.846384022385,1515.4222511385817
1785160367,200,,Aggregated,58.800000,0.000000,15,19,25,31,57,100,170,680,8200,8700,8800,32361,11,15,96.94918916405129,3.2871540170162916,8849.846384022385,1515.4568462037637
1785160368,200,,Aggregated,60.100000,0.000000,15,19,25,31,57,100,170,680,8200,8700,8800,32408,11,15,97.08095095085741,3.2871540170162916,8849.846384022385,1515.9190631942731
1785160369,200,,Aggregated,63.900000,0.000000,15,19,25,31,57,100,170,680,8200,8700,8800,32461,11,15,97.199634279419,3.2871540170162916,8849.846384022385,1515.4321185422507
1785160370,200,,Aggregated,60.300000,0.000000,15,19,25,31,57,100,170,680,8200,8700,8800,32530,11,15,97.52599098673849,3.2871540170162916,8849.846384022385,1515.7723639717185
1785160371,200,,Aggregated,59.400000,0.000000,15,19,25,31,57,100,170,680,8200,8700,8800,32565,11,15,97.6914828790773,3.2871540170162916,8849.846384022385,1515.9547673883003
1785160372,200,,Aggregated,59.500000,0.000000,15,19,25,31,57,100,170,680,8200,8700,8800,32652,11,15,97.77496007085172,3.2871540170162916,8849.846384022385,1516.5215607007228
1785160373,200,,Aggregated,59.700000,0.000000,15,19,25,31,57,100,170,680,8200,8700,8800,32706,11,15,97.64585812888322,3.2871540170162916,8849.846384022385,1518.884547177888
1785160374,200,,Aggregated,58.600000,0.000000,15,19,25,31,57,100,170,680,8200,8700,8800,32758,11,15,97.51817232310553,3.2871540170162916,8849.846384022385,1518.9214848281335
1785160375,200,,Aggregated,61.100000,0.000000,15,19,25,31,57,100,170,680,8200,8700,8800,32831,11,15,97.33947461720962,3.2871540170162916,8849.846384022385,1519.155523742804
1785160376,200,,Aggregated,62.200000,0.000000,15,19,25,31,57,100,170,680,8200,8700,8800,32878,12,15,97.24762912430218,3.2871540170162916,8849.846384022385,1518.6299044954073
1785160377,200,,Aggregated,57.900000,0.000000,15,19,25,31,57,99,170,680,8200,8700,8800,32937,12,15,97.10073772784965,3.2871540170162916,8849.846384022385,1518.2285575492608
1785160378,200,,Aggregated,58.000000,0.000000,15,19,25,31,57,99,170,680,8200,8700,8800,33012,12,15,96.92626446467182,3.2871540170162916,8849.846384022385,1517.7139525021205
1785160379,200,,Aggregated,57.300000,0.100000,15,19,25,31,57,99,170,680,8200,8700,8800,33077,12,15,96.76681509313035,3.2871540170162916,8849.846384022385,1518.4268827281796
1785160381,200,,Aggregated,55.400000,0.100000,15,19,25,31,57,99,170,680,8200,8700,8800,33144,12,15,96.6095212743266,3.2871540170162916,8849.846384022385,1518.2586290127927
1785160382,200,,Aggregated,59.300000,0.100000,15,19,25,31,57,99,170,680,8200,8700,8800,33242,12,15,96.4585399634303,3.2871540170162916,8849.846384022385,1518.0984296973709
1785160383,200,,Aggregated,58.000000,0.100000,15,19,25,31,57,99,170,680,8200,8700,8800,33293,12,15,96.33611695467033,3.2871540170162916,8849.846384022385,1517.483645210705
1785160384,200,,Aggregated,63.100000,0.100000,15,19,25,31,57,99,170,680,8200,8700,8800,33332,12,15,96.23999423286922,3.2871540170162916,8849.846384022385,1517.633115324613
1785160385,200,,Aggregated,60.700000,0.100000,15,19,25,31,57,99,170,680,8200,8700,8800,33409,12,15,96.07120618203403,3.2871540170162916,8849.846384022385,1516.2973749588434
1785160386,200,,Aggregated,58.700000,0.100000,15,19,25,31,57,99,170,670,8200,8700,8800,33512,12,15,95.94461992324226,3.2871540170162916,8849.846384022385,1513.526080210074
1785160387,200,,Aggregated,62.000000,0.100000,15,19,25,31,57,99,170,670,8200,8700,8800,33596,12,15,95.76937564299705,3.2871540170162916,8849.846384022385,1512.6267412787236
1785160388,200,,Aggregated,58.400000,0.100000,15,19,25,31,57,99,170,670,8200,8700,8800,33664,12,15,95.61547444751797,3.2871540170162916,8849.846384022385,1511.7587036596958
1785160389,200,,Aggregated,66.600000,0.000000,15,19,25,31,57,99,170,670,8200,8700,8800,33709,12,15,95.5119929758866,3.2871540170162916,8849.846384022385,1512.0674300631879
1785160390,200,,Aggregated,69.000000,0.000000,15,19,25,31,57,99,170,670,8200,8700,8800,33737,12,15,95.46778608260195,3.2871540170162916,8849.846384022385,1511.6578533953818
1785160391,200,,Aggregated,65.600000,0.000000,15,19,25,31,57,99,170,670,8200,8700,8800,33819,12,15,95.29536958131919,3.2871540170162916,8849.846384022385,1512.2155001626304
1785160392,200,,Aggregated,63.800000,0.000000,15,19,25,31,57,99,170,670,8200,8700,8800,33869,12,15,95.18037561637861,3.2871540170162916,8849.846384022385,1512.397738344799
1785160393,200,,Aggregated,65.700000,0.000000,15,19,25,31,57,99,170,670,8200,8700,8800,33948,12,15,95.01118188510569,3.2871540170162916,8849.846384022385,1511.3779014964064
1785160394,200,,Aggregated,61.100000,0.000000,15,19,25,31,57,99,170,660,8200,8700,8800,34015,12,15,94.85379605821407,3.2871540170162916,8849.846384022385,1512.156901367044
1785160395,200,,Aggregated,63.000000,0.000000,15,19,25,31,57,99,170,660,8200,8700,8800,34031,12,15,94.82580795222538,3.2871540170162916,8849.846384022385,1512.068173136258
1785160396,200,,Aggregated,67.300000,0.000000,15,19,26,31,57,99,170,660,8200,8700,8800,34150,12,15,94.67590345873595,3.2871540170162916,8849.846384022385,1511.1359590043924
1785160397,200,,Aggregated,63.300000,0.000000,15,19,26,31,57,99,170,660,8200,8700,8800,34200,12,15,94.56534374054597,3.2871540170162916,8849.846384022385,1511.1090350877193
1785160398,200,,Aggregated,69.300000,0.000000,15,19,26,31,57,99,170,660,8200,8700,8800,34274,12,15,94.39860963220609,3.2871540170162916,8849.846384022385,1510.8147867187956
1785160399,200,,Aggregated,60.600000,0.000000,15,19,26,31,57,99,170,660,8200,8700,8800,34316,12,15,94.3254503416234,3.2871540170162916,8849.846384022385,1511.0673155379416
1785160400,200,,Aggregated,60.800000,0.000000,15,19,26,31,57,99,170,650,8200,8700,8800,34413,12,15,94.19535031945071,3.2871540170162916,8849.846384022385,1509.3793624502368
1785160401,200,,Aggregated,61.400000,0.000000,15,19,26,31,57,99,170,650,8200,8700,8800,34501,12,15,94.00764527365521,3.2871540170162916,8849.846384022385,1508.0875336946756
1785160402,200,,Aggregated,63.400000,0.000000,15,19,26,31,57,99,170,650,8200,8700,8800,34545,12,15,93.90469912712821,3.2871540170162916,8849.846384022385,1508.33347807208
1785160403,200,,Aggregated,63.200000,0.000000,15,19,26,31,57,99,170,650,8200,8700,8800,34604,12,15,93.77037271429576,3.2871540170162916,8849.846384022385,1507.3215813200786
1785160404,200,,Aggregated,66.500000,0.000000,15,19,26,31,57,99,170,650,8200,8700,8800,34637,12,15,93.78298787653493,3.2871540170162916,8849.846384022385,1508.5050668360425
1785160405,200,,Aggregated,66.000000,0.000000,15,19,26,31,57,99,170,650,8200,8700,8800,34738,12,15,93.62265584079837,3.2871540170162916,8849.846384022385,1507.8782025447636
1785160406,200,,Aggregated,61.900000,0.000000,15,19,26,31,57,99,170,650,8200,8700,8800,34786,12,15,93.51288122907006,3.2871540170162916,8849.846384022385,1507.686138101535
1785160407,200,,Aggregated,66.200000,0.000000,15,19,26,31,57,99,170,650,8200,8700,8800,34843,12,15,93.3836737126809,3.2871540170162916,8849.846384022385,1507.3260913239387
1785160409,200,,Aggregated,61.400000,0.000000,15,19,26,31,57,99,170,650,8200,8700,8800,34903,12,15,93.26574457252052,3.2871540170162916,8849.846384022385,1506.6213792510673
1785160410,200,,Aggregated,61.200000,0.000000,15,19,26,31,57,99,170,650,8200,8700,8800,34994,12,15,93.14607571780384,3.2871540170162916,8849.846384022385,1506.3491169914842
1785160411,200,,Aggregated,59.700000,0.000000,15,19,26,31,57,99,170,650,8100,8700,8800,35046,12,15,93.03234235963235,3.2871540170162916,8849.846384022385,1506.577783484563
1785160412,200,,Aggregated,61.300000,0.000000,15,19,26,31,57,99,170,650,8100,8700,8800,35109,12,15,92.89383463072225,3.2871540170162916,8849.846384022385,1506.9474493719558
1785160413,200,,Aggregated,60.800000,0.000000,15,19,26,31,57,99,170,650,8100,8700,8800,35167,12,15,92.76665905794673,3.2871540170162916,8849.846384022385,1507.3644610003696
1785160414,200,,Aggregated,60.800000,0.000000,15,19,26,31,57,99,170,650,8100,8700,8800,35195,12,15,92.70393767658479,3.2871540170162916,8849.846384022385,1507.3426623099872
1785160415,200,,Aggregated,59.200000,0.000000,15,19,26,31,57,99,170,650,8100,8700,8800,35319,12,15,92.82122149740707,3.2871540170162916,8849.846384022385,1505.9570769274328
1785160416,200,,Aggregated,58.400000,0.000000,15,19,26,31,57,99,170,660,8100,8700,8800,35386,12,15,93.35705659423883,3.2871540170162916,8849.846384022385,1505.710252642288
1785160417,200,,Aggregated,59.600000,0.000000,15,19,26,31,57,99,170,660,8100,8700,8800,35448,12,15,93.44755146367977,3.2871540170162916,8849.846384022385,1505.3194256375536
1785160418,200,,Aggregated,59.600000,0.000000,15,19,26,31,57,99,170,670,8100,8700,8800,35493,12,15,94.25656198093031,3.2871540170162916,8849.846384022385,1504.570478685938
1785160419,200,,Aggregated,62.800000,0.000000,15,19,26,31,57,99,170,670,8200,8700,8800,35587,12,15,95.03091975044397,3.2871540170162916,8849.846384022385,1504.4690757861017
1785160420,200,,Aggregated,63.200000,0.000000,15,19,26,31,57,99,170,670,8200,8700,8800,35659,12,15,95.32556480010591,3.2871540170162916,8849.846384022385,1504.5212709273956
1785160421,200,,Aggregated,64.600000,0.000000,15,19,26,31,57,99,170,680,8200,8700,8800,35698,12,15,95.68886943409724,3.2871540170162916,8849.846384022385,1504.3876127514147
1785160422,200,,Aggregated,63.000000,0.000000,15,19,26,31,57,99,170,680,8200,8700,8800,35773,12,15,96.20491304676615,3.2871540170162916,8849.846384022385,1504.0131384004696
1785160423,200,,Aggregated,63.600000,0.000000,15,19,26,31,57,99,170,680,8200,8700,8800,35805,12,15,96.62834640355376,3.2871540170162916,8849.846384022385,1504.6169529395336
1785160424,200,,Aggregated,63.600000,0.000000,15,19,26,31,57,100,170,680,8200,8700,8800,35907,12,15,96.73216177572111,3.2871540170162916,8849.846384022385,1503.4263792575264
1785160425,200,,Aggregated,62.300000,0.000000,15,19,26,31,57,100,170,680,8200,8700,8800,35977,12,15,96.58751580573484,3.2871540170162916,8849.846384022385,1503.3469160852767
1785160426,200,,Aggregated,66.700000,0.000000,15,19,26,31,57,100,170,680,8200,8700,8800,36045,12,15,96.43297983237998,3.2871540170162916,8849.846384022385,1504.2233319461784
1785160427,200,,Aggregated,65.200000,0.000000,15,19,26,31,57,99,170,680,8200,8700,8800,36081,12,15,96.35253254675912,3.2871540170162916,8849.846384022385,1503.415343255453
1785160428,200,,Aggregated,62.200000,0.000000,15,19,26,31,57,100,170,680,8200,8700,8800,36185,12,15,96.19650809171266,3.2871540170162916,8849.846384022385,1501.8297637142462
1785160429,200,,Aggregated,63.200000,0.000000,15,19,26,31,57,99,170,680,8200,8700,8800,36240,12,15,96.07751585336152,3.2871540170162916,8849.846384022385,1501.724944812362
1785160430,200,,Aggregated,63.100000,0.000000,15,19,26,31,57,99,170,680,8200,8700,8800,36318,12,15,95.90973185840609,3.2871540170162916,8849.846384022385,1500.70009361749
1785160432,200,,Aggregated,64.400000,0.000000,15,19,26,31,57,99,170,680,8200,8700,8800,36377,12,15,95.77750209169524,3.2871540170162916,8849.846384022385,1501.3173158864117
1785160433,200,,Aggregated,64.200000,0.000000,15,19,26,31,57,99,170,680,8200,8700,8800,36462,12,15,95.6534812775463,3.2871540170162916,8849.846384022385,1500.729883166036
1785160434,200,,Aggregated,64.700000,0.000000,15,19,26,31,57,99,170,670,8200,8700,8800,36511,12,15,95.54604217070576,3.2871540170162916,8849.846384022385,1501.321081317959
1785160435,200,,Aggregated,65.100000,0.000000,15,19,26,31,57,99,170,670,8200,8700,8800,36560,12,15,95.44379824930542,3.2871540170162916,8849.846384022385,1501.322374179431
1785160436,200,,Aggregated,61.500000,0.000000,15,19,26,31,57,99,170,670,8200,8700,8800,36635,12,15,95.30431148936123,3.2871540170162916,8849.846384022385,1502.0412720076429
1785160437,200,,Aggregated,60.900000,0.000000,15,19,26,31,57,99,170,670,8200,8700,8800,36692,12,15,95.22999286961705,3.2871540170162916,8849.846384022385,1502.8062792979397
1785160438,200,,Aggregated,60.400000,0.000000,15,19,26,31,57,99,170,670,8200,8700,8800,36749,12,15,95.10643672430805,3.2871540170162916,8849.846384022385,1502.182590002449
1785160439,200,,Aggregated,60.600000,0.000000,15,19,26,31,57,99,170,670,8200,8700,8800,36818,12,15,94.96536552779813,3.2871540170162916,8849.846384022385,1503.1898799500245
1785160440,200,,Aggregated,59.900000,0.000000,15,19,26,31,57,99,170,670,8200,8700,8800,36880,12,15,95.05144579625444,3.2871540170162916,8849.846384022385,1504.3929229934924
1785160442,200,,Aggregated,58.800000,0.000000,15,19,26,31,57,99,170,670,8200,8700,8800,36958,12,15,95.53933066153135,3.2871540170162916,8849.846384022385,1504.806077168678
1785160443,200,,Aggregated,60.700000,0.000000,15,19,26,31,57,99,170,680,8100,8700,8800,37008,12,15,95.87889372032436,3.2871540170162916,8849.846384022385,1505.4363380890618
1785160444,200,,Aggregated,58.100000,0.000000,15,19,26,31,57,99,170,680,8100,8700,8800,37058,12,15,95.98876707276649,3.2871540170162916,8849.846384022385,1505.3584111392952
1785160445,200,,Aggregated,56.100000,0.000000,15,19,26,31,57,99,170,680,8100,8700,8800,37106,12,15,95.88806596258081,3.2871540170162916,8849.846384022385,1505.3705330674284
1785160446,200,,Aggregated,57.200000,0.000000,15,19,26,31,57,99,170,680,8100,8700,8800,37144,12,15,96.67243960929123,3.2871540170162916,8849.846384022385,1505.1266691794099
1785160447,200,,Aggregated,54.500000,0.000000,15,19,26,31,57,99,170,680,8100,8700,8800,37202,12,15,97.19206777353678,3.2871540170162916,8849.846384022385,1505.2006881350464
1785160448,200,,Aggregated,53.600000,0.000000,15,19,26,31,57,99,170,680,8100,8700,8800,37307,12,15,97.89394072713095,3.2871540170162916,8849.846384022385,1504.268769935937
1785160449,200,,Aggregated,50.900000,0.000000,15,19,26,31,57,99,170,690,8100,8700,8800,37363,12,15,97.9892305665411,3.2871540170162916,8849.846384022385,1504.6009688729491
1785160450,200,,Aggregated,52.400000,0.000000,15,19,26,31,57,99,170,690,8100,8700,8800,37421,12,15,98.07961612542701,3.2871540170162916,8849.846384022385,1503.724192298442
1785160451,200,,Aggregated,53.100000,0.000000,15,19,26,31,57,99,170,690,8100,8700,8800,37470,12,15,97.97697232644444,3.2871540170162916,8849.846384022385,1503.1941820122765
1785160452,200,,Aggregated,52.600000,0.000000,15,19,26,31,57,99,170,680,8100,8700,8800,37505,12,15,97.95082478655272,3.2871540170162916,8849.846384022385,1502.546087188375
1785160453,200,,Aggregated,50.400000,0.000000,15,19,26,32,57,99,170,680,8100,8700,8800,37618,12,15,97.84169836543855,3.2871540170162916,8849.846384022385,1501.0867935562762
1785160454,200,,Aggregated,51.700000,0.000000,15,19,26,32,57,99,170,680,8100,8700,8800,37677,12,15,97.71880415548131,3.2871540170162916,8849.846384022385,1501.4422857446186
1785160455,200,,Aggregated,54.000000,0.000000,15,19,26,32,57,99,170,680,8100,8700,8800,37733,12,15,97.59462970955181,3.2871540170162916,8849.846384022385,1501.004319826147
1785160457,200,,Aggregated,57.000000,0.000000,15,19,26,31,57,99,170,680,8100,8700,8800,37785,12,15,97.48101870141025,3.2871540170162916,8849.846384022385,1502.5935424110096
1785160458,200,,Aggregated,60.300000,0.000000,15,19,26,32,57,99,170,680,8100,8700,8800,37868,12,15,97.35709895866358,3.2871540170162916,8849.846384022385,1504.1577057145876
1785160459,200,,Aggregated,60.600000,0.000000,15,19,26,31,57,99,170,680,8100,8700,8800,37917,12,15,97.25069600470435,3.2871540170162916,8849.846384022385,1504.010865838542
1785160460,200,,Aggregated,59.200000,0.000000,15,19,26,31,57,99,170,680,8100,8700,8800,37988,12,15,97.10166465476935,3.2871540170162916,8849.846384022385,1502.9282931452037
1785160461,200,,Aggregated,58.300000,0.000000,15,19,26,31,57,99,170,680,8100,8700,8800,38038,12,15,97.01494948902595,3.2871540170162916,8849.846384022385,1503.1421473263579
1785160462,200,,Aggregated,59.100000,0.000000,15,19,26,31,57,99,170,680,8100,8700,8800,38073,12,15,96.9419604419002,3.2871540170162916,8849.846384022385,1503.6671131773173
1785160463,200,,Aggregated,58.800000,0.000000,15,19,26,32,57,99,170,680,8100,8700,8800,38176,12,15,96.7840721879407,3.2871540170162916,8849.846384022385,1504.1099381810561
1785160464,200,,Aggregated,59.400000,0.000000,15,19,26,31,57,99,170,680,8100,8700,8800,38255,12,15,96.61841648013649,3.2871540170162916,8849.846384022385,1503.6088877270945
1785160465,200,,Aggregated,58.900000,0.000000,15,19,26,31,57,99,170,680,8100,8700,8800,38348,12,15,96.42993026448652,3.2871540170162916,8849.846384022385,1501.6849640137686
1785160466,200,,Aggregated,58.400000,0.000000,15,19,26,32,57,99,170,680,8100,8700,8800,38403,12,15,96.34814140864582,3.2871540170162916,8849.846384022385,1501.6830976746608
1785160467,200,,Aggregated,59.700000,0.000000,15,19,26,32,57,99,170,680,8100,8700,8800,38473,12,15,96.28513711988177,3.2871540170162916,8849.846384022385,1501.6922517089906
1785160468,200,,Aggregated,63.300000,0.000000,15,19,26,32,57,99,170,680,8100,8700,8800,38522,12,15,96.18847710183316,3.2871540170162916,8849.846384022385,1501.2258968900887
1785160469,200,,Aggregated,64.900000,0.000000,15,19,26,32,57,99,170,680,8100,8700,8800,38568,12,15,96.09354935178891,3.2871540170162916,8849.846384022385,1501.637030699025
1785160470,200,,Aggregated,64.600000,0.000000,15,19,26,31,57,99,170,680,8100,8700,8800,38642,12,15,95.94070063583862,3.2871540170162916,8849.846384022385,1501.4586201542363
1785160471,200,,Aggregated,63.900000,0.000000,15,19,26,32,57,99,170,680,8100,8700,8800,38702,12,15,95.9491886502364,3.2871540170162916,8849.846384022385,1501.1732468606274
1785160472,200,,Aggregated,62.300000,0.000000,15,19,26,32,57,99,170,680,8100,8700,8800,38791,12,15,95.80424787481437,3.2871540170162916,8849.846384022385,1499.9669253177283
1785160473,200,,Aggregated,63.900000,0.000000,15,19,26,32,57,99,170,670,8100,8700,8800,38834,12,15,95.71527844085806,3.2871540170162916,8849.846384022385,1499.9664211773188
1785160474,200,,Aggregated,65.500000,0.000000,15,19,26,32,57,99,170,670,8100,8700,8800,38880,12,15,95.62109159387134,3.2871540170162916,8849.846384022385,1500.1294495884774
1785160475,200,,Aggregated,67.100000,0.000000,15,19,26,32,57,99,170,670,8100,8700,8800,38928,12,15,95.52904134222582,3.2871540170162916,8849.846384022385,1500.0553586107685
1785160476,200,,Aggregated,64.200000,0.000000,15,19,26,32,57,99,170,670,8100,8700,8800,38985,12,15,95.45553448642616,3.2871540170162916,8849.846384022385,1500.3046812876748
1785160477,200,,Aggregated,61.100000,0.000000,15,19,26,32,57,99,170,670,8100,8700,8800,39057,12,15,95.33596282317352,3.2871540170162916,8849.846384022385,1499.3901989400108
1785160478,200,,Aggregated,56.600000,0.000000,15,19,26,32,57,99,170,670,8100,8700,8800,39106,12,15,95.23793529388891,3.2871540170162916,8849.846384022385,1499.6179358666188
1785160479,200,,Aggregated,56.800000,0.000000,15,19,26,32,57,99,170,670,8100,8700,8800,39205,12,15,95.04768501609914,3.2871540170162916,8849.846384022385,1498.3925009565107
1785160481,200,,Aggregated,57.800000,0.000000,15,19,26,32,57,99,170,670,8100,8700,8800,39242,12,15,94.97185006859127,3.2871540170162916,8849.846384022385,1498.9444472758778
1785160482,200,,Aggregated,62.200000,0.000000,15,19,26,32,58,99,170,670,8100,8700,8800,39327,12,15,94.887249960997,3.2871540170162916,8849.846384022385,1499.7016807791085
1785160483,200,,Aggregated,58.500000,0.000000,15,19,26,32,57,99,170,670,8100,8700,8800,39386,12,15,94.76765711507801,3.2871540170162916,8849.846384022385,1500.3508353221957
1785160484,200,,Aggregated,59.800000,0.000000,15,19,26,32,57,99,170,670,8100,8700,8800,39438,12,15,94.67171915702735,3.2871540170162916,8849.846384022385,1500.3983467721487
1785160485,200,,Aggregated,57.200000,0.000000,15,19,26,32,57,99,170,670,8100,8700,8800,39500,12,15,94.55560063761718,3.2871540170162916,8849.846384022385,1501.5766835443037
1785160486,200,,Aggregated,57.200000,0.000000,15,19,26,32,57,99,170,670,8100,8700,8800,39528,12,15,94.50129024480555,3.2871540170162916,8849.846384022385,1501.5059957498481
1785160487,200,,Aggregated,59.500000,0.000000,15,19,26,32,58,99,170,670,8100,8700,8800,39623,12,15,94.41234712642012,3.2871540170162916,8849.846384022385,1502.0062085152563
1785160488,200,,Aggregated,59.300000,0.000000,15,19,26,32,58,99,170,670,8100,8700,8800,39678,12,15,94.30594338325399,3.2871540170162916,8849.846384022385,1502.0669640606886
1785160489,200,,Aggregated,60.600000,0.000000,15,19,26,32,57,99,170,660,8100,8700,8800,39737,12,15,94.18931703915611,3.2871540170162916,8849.846384022385,1502.4600749930794
1785160490,200,,Aggregated,58.300000,0.000000,15,19,26,32,57,99,170,660,8100,8700,8800,39802,12,15,94.06160749387395,3.2871540170162916,8849.846384022385,1501.4111602432038
1785160491,200,,Aggregated,58.900000,0.000000,15,19,26,32,58,99,170,660,8100,8700,8800,39851,12,15,94.00242198853314,3.2871540170162916,8849.846384022385,1503.362977089659
1785160492,200,,Aggregated,56.200000,0.000000,15,19,26,32,58,99,170,660,8100,8700,8800,39896,12,15,93.91227700484208,3.2871540170162916,8849.846384022385,1503.2572187687988
1785160493,200,,Aggregated,57.600000,0.000000,15,19,26,32,58,99,170,660,8100,8700,8800,39943,12,15,94.02868133197066,3.2871540170162916,8849.846384022385,1502.9015597226048
1785160494,200,,Aggregated,54.900000,0.000000,15,19,26,32,57,99,170,660,8100,8700,8800,40003,12,15,93.91072493650114,3.2871540170162916,8849.846384022385,1502.6638502112341
1785160495,200,,Aggregated,54.200000,0.000000,15,19,26,32,57,99,170,670,8100,8700,8800,40066,12,15,94.60082960619485,3.2871540170162916,8849.846384022385,1502.4385513902062
1785160496,200,,Aggregated,54.100000,0.000000,15,19,26,32,58,99,170,670,8100,8700,8800,40143,12,15,94.74379312173215,3.2871540170162916,8849.846384022385,1502.2657001220637
1785160497,200,,Aggregated,53.800000,0.000000,15,19,26,32,58,99,170,670,8100,8700,8800,40210,12,15,95.22211639443007,3.2871540170162916,8849.846384022385,1501.4623476747079
1785160498,200,,Aggregated,58.300000,0.000000,15,19,26,32,58,99,170,670,8100,8700,8800,40266,12,15,95.51111615535574,3.2871540170162916,8849.846384022385,1501.180897034719
1785160499,200,,Aggregated,55.300000,0.000000,15,19,26,32,58,99,170,670,8100,8700,8800,40335,12,15,95.7836255207898,3.2871540170162916,8849.846384022385,1501.2395686128673
1785160501,200,,Aggregated,58.100000,0.000000,15,19,26,32,58,99,170,670,8100,8700,8800,40403,12,15,95.65714220576777,3.2871540170162916,8849.846384022385,1500.8828552335222
1785160502,200,,Aggregated,58.900000,0.000000,15,19,26,32,58,99,170,680,8100,8700,8800,40512,12,15,96.36771783530531,3.2871540170162916,8849.846384022385,1499.948484399684
1785160503,200,,Aggregated,58.500000,0.000000,15,19,26,32,58,99,170,680,8100,8700,8800,40584,12,15,96.63873631962676,3.2871540170162916,8849.846384022385,1499.6832988369802
1785160504,200,,Aggregated,63.300000,0.000000,15,19,26,32,58,99,170,680,8100,8700,8800,40643,12,15,96.52847720614308,3.2871540170162916,8849.846384022385,1498.732524665994
1785160505,200,,Aggregated,66.200000,0.000000,15,19,26,32,58,99,170,680,8100,8700,8800,40694,12,15,96.43368044760295,3.2871540170162916,8849.846384022385,1499.7587605052342
1785160506,200,,Aggregated,67.500000,0.000000,15,19,26,32,58,99,170,680,8100,8700,8800,40754,12,15,96.39083812399792,3.2871540170162916,8849.846384022385,1499.3647494724444
1785160507,200,,Aggregated,65.400000,0.000000,15,19,26,32,58,99,170,680,8100,8700,8800,40804,12,15,96.28889288949172,3.2871540170162916,8849.846384022385,1499.2667140476424
1785160508,200,,Aggregated,60.800000,0.000000,15,19,26,32,58,99,170,680,8100,8700,8800,40860,12,15,96.17998271664752,3.2871540170162916,8849.846384022385,1499.4435389133628
1785160509,200,,Aggregated,62.600000,0.000000,15,19,26,32,58,99,170,680,8100,8700,8800,40946,12,15,96.01931174522191,3.2871540170162916,8849.846384022385,1499.093635519953
1785160510,200,,Aggregated,61.300000,0.000000,15,19,26,32,58,99,170,680,8100,8700,8800,40989,12,15,95.93362887924249,3.2871540170162916,8849.846384022385,1499.195613457269
1785160511,200,,Aggregated,64.400000,0.000000,15,19,26,32,58,99,170,680,8100,8700,8800,41087,12,15,95.84117735750057,3.2871540170162916,8849.846384022385,1499.3785138851706
1785160512,200,,Aggregated,62.600000,0.000000,15,19,26,32,58,99,170,680,8100,8700,8800,41137,12,15,95.74376518864506,3.2871540170162916,8849.846384022385,1498.6306974256752
1785160513,200,,Aggregated,65.800000,0.000000,15,19,26,32,58,99,170,680,8100,8700,8800,41185,12,15,95.64819381533525,3.2871540170162916,8849.846384022385,1498.1969649144105
1785160514,200,,Aggregated,60.300000,0.000000,15,19,26,32,58,99,170,670,8100,8700,8800,41248,12,15,95.52356634116232,3.2871540170162916,8849.846384022385,1496.896625290923
1785160515,200,,Aggregated,57.900000,0.000000,15,19,26,32,58,99,170,670,8100,8700,8800,41284,12,15,95.45448727257136,3.2871540170162916,8849.846384022385,1496.1848900300358
1785160516,200,,Aggregated,56.600000,0.000000,15,19,26,32,58,99,170,670,8100,8700,8800,41365,12,15,95.36344585412272,3.2871540170162916,8849.846384022385,1495.8467545025987
1785160517,200,,Aggregated,59.200000,0.000000,15,19,26,32,58,99,170,670,8100,8700,8800,41434,12,15,95.23257502533286,3.2871540170162916,8849.846384022385,1496.883284259304
1785160518,200,,Aggregated,60.300000,0.000000,15,19,26,32,58,99,170,670,8100,8700,8800,41502,12,15,95.29559923666166,3.2871540170162916,8849.846384022385,1497.3573321767626
1785160519,200,,Aggregated,58.400000,0.000000,15,19,26,32,58,99,170,670,8100,8700,8800,41545,12,15,95.60049829977896,3.2871540170162916,8849.846384022385,1497.4024070285234
1785160521,200,,Aggregated,60.400000,0.000000,15,19,26,32,58,99,170,680,8100,8700,8800,41574,12,15,95.79961497774174,3.2871540170162916,8849.846384022385,1497.106292394285
1785160522,200,,Aggregated,57.000000,0.000000,15,19,26,32,58,99,180,680,8100,8700,8800,41679,12,15,96.06845378456873,3.2871540170162916,8849.846384022385,1495.6872525732383
1785160523,200,,Aggregated,51.300000,0.000000,15,19,26,32,58,99,180,680,8100,8700,8800,41751,12,15,96.131385657939,3.2871540170162916,8849.846384022385,1494.4606835764412
1785160524,200,,Aggregated,56.200000,0.000000,15,19,26,32,58,99,180,680,8200,8700,8800,41800,12,15,96.42488921572495,3.2871540170162916,8849.846384022385,1493.6267942583731
1785160525,200,,Aggregated,58.600000,0.000000,15,19,26,32,58,99,180,680,8200,8700,8800,41864,12,15,96.68601590994051,3.2871540170162916,8849.846384022385,1494.7748901203897
1785160526,200,,Aggregated,58.700000,0.000000,15,19,26,32,58,99,180,680,8200,8700,8800,41943,12,15,96.82912467068844,3.2871540170162916,8849.846384022385,1494.210452280476
1785160527,200,,Aggregated,59.400000,0.000000,15,19,26,32,58,99,180,680,8200,8700,8800,42009,12,15,96.70190076845768,3.2871540170162916,8849.846384022385,1494.2224523316431
1785160528,200,,Aggregated,59.500000,0.000000,15,19,26,32,58,99,180,680,8200,8700,8800,42056,12,15,96.61027702215755,3.2871540170162916,8849.846384022385,1494.896090926384
1785160529,200,,Aggregated,59.500000,0.000000,15,19,26,32,58,99,180,680,8200,8700,8800,42113,12,15,96.52385190861503,3.2871540170162916,8849.846384022385,1494.678365350367
1785160530,200,,Aggregated,57.400000,0.000000,15,19,26,32,58,99,180,680,8200,8700,8800,42149,12,15,96.45341475168821,3.2871540170162916,8849.846384022385,1494.0325274620986
1785160532,200,,Aggregated,56.100000,0.000000,15,19,26,32,58,100,180,680,8200,8700,8800,42257,12,15,96.37115112403083,3.2871540170162916,8849.846384022385,1494.0552334524457
1785160533,200,,Aggregated,57.900000,0.000000,15,19,26,32,58,100,180,680,8200,8700,8800,42324,12,15,96.2474633540929,3.2871540170162916,8849.846384022385,1494.2632785180986
1785160534,200,,Aggregated,58.800000,0.000000,15,19,26,32,58,100,180,680,8200,8700,8800,42382,12,15,96.13658443417116,3.2871540170162916,8849.846384022385,1495.4952810155255
1785160535,200,,Aggregated,58.800000,0.000000,15,19,26,32,58,99,170,680,8200,8700,8800,42439,12,15,96.02964063283957,3.2871540170162916,8849.846384022385,1495.1486839934967
1785160536,200,,Aggregated,59.000000,0.000000,15,19,26,32,59,100,180,680,8200,8700,8800,42562,12,15,95.92491112224982,3.2871540170162916,8849.846384022385,1495.2095296273671
1785160537,200,,Aggregated,57.900000,0.000000,15,19,26,32,59,100,170,680,8200,8700,8800,42617,12,15,95.82011288473898,3.2871540170162916,8849.846384022385,1494.9630898467747
1785160538,200,,Aggregated,58.700000,0.000000,15,19,26,32,59,100,170,680,8200,8700,8800,42685,12,15,95.69960859747309,3.2871540170162916,8849.846384022385,1495.7673421576667
1785160539,200,,Aggregated,62.200000,0.000000,15,19,26,32,58,100,170,670,8200,8700,8800,42733,12,15,95.60949838665734,3.2871540170162916,8849.846384022385,1496.0725434675778
1785160540,200,,Aggregated,61.800000,0.000000,15,19,26,32,59,100,170,670,8200,8700,8800,42829,12,15,95.47666561719987,3.2871540170162916,8849.846384022385,1495.87179247706
1785160541,200,,Aggregated,64.500000,0.000000,15,19,26,32,59,100,170,670,8200,8700,8800,42888,12,15,95.36789760371593,3.2871540170162916,8849.846384022385,1495.7188024622271
1785160542,200,,Aggregated,62.000000,0.000000,15,19,26,32,58,100,170,670,8200,8700,8800,42945,12,15,95.26443986317243,3.2871540170162916,8849.846384022385,1496.158621492607
1785160543,200,,Aggregated,69.200000,0.000000,15,19,26,32,58,100,170,670,8200,8700,8800,42996,12,15,95.16861023136175,3.2871540170162916,8849.846384022385,1496.655735417248
1785160545,200,,Aggregated,63.500000,0.000000,15,19,26,32,58,100,170,670,8100,8700,8800,43022,12,15,95.12517555236946,3.2871540170162916,8849.846384022385,1496.505950443959
1785160546,200,,Aggregated,62.600000,0.000000,15,19,26,32,59,100,180,670,8100,8700,8800,43125,12,15,95.13869512734962,3.2871540170162916,8849.846384022385,1496.1542724637682
1785160547,200,,Aggregated,58.300000,0.000000,15,19,26,32,59,100,180,670,8100,8700,8800,43200,12,15,95.0022562266612,3.2871540170162916,8849.846384022385,1496.7177314814815
1785160548,200,,Aggregated,62.100000,0.000000,15,19,26,32,59,100,180,670,8100,8700,8800,43260,12,15,94.89412864882105,3.2871540170162916,8849.846384022385,1496.46551086454
1785160549,200,,Aggregated,60.600000,0.000000,15,19,26,32,59,100,180,670,8100,8700,8800,43306,12,15,94.81679063352036,3.2871540170162916,8849.846384022385,1497.1907126033343
1785160550,200,,Aggregated,62.000000,0.000000,15,19,26,32,59,100,180,670,8100,8700,8800,43362,12,15,94.80444437528097,3.2871540170162916,8849.846384022385,1497.0916470642499
1785160551,200,,Aggregated,59.000000,0.000000,15,19,26,32,59,100,180,670,8100,8700,8800,43448,12,15,94.72187660923616,3.2871540170162916,8849.846384022385,1496.561498803167
1785160552,200,,Aggregated,57.800000,0.000000,15,19,26,32,59,100,180,670,8100,8700,8800,43513,12,15,94.60305159760962,3.2871540170162916,8849.846384022385,1496.9439477857193
1785160553,200,,Aggregated,60.300000,0.000000,15,19,26,32,59,100,180,670,8100,8700,8800,43562,12,15,94.51635812736346,3.2871540170162916,8849.846384022385,1496.3516597034113
1785160554,200,,Aggregated,61.500000,0.000000,15,19,26,32,59,100,180,670,8100,8700,8800,43604,12,15,94.46190935028488,3.2871540170162916,8849.846384022385,1495.6640675167416
1785160555,200,,Aggregated,60.300000,0.000000,15,19,26,32,59,100,180,670,8100,8700,8800,43711,12,15,94.35450804807549,3.2871540170162916,8849.846384022385,1494.4716432934501
1785160556,200,,Aggregated,59.600000,0.000000,15,19,26,32,59,100,180,670,8100,8700,8800,43757,12,15,94.27376249131136,3.2871540170162916,8849.846384022385,1495.4219667710308
1785160557,200,,Aggregated,66.600000,0.000000,15,19,26,32,59,100,180,670,8100,8700,8800,43820,12,15,94.16305685905967,3.2871540170162916,8849.846384022385,1494.7773162939297
1785160558,200,,Aggregated,62.500000,0.000000,15,19,26,32,59,100,180,670,8100,8700,8800,43886,12,15,94.04754479973434,3.2871540170162916,8849.846384022385,1494.4769630406051
1785160559,200,,Aggregated,61.500000,0.000000,15,19,26,32,59,100,180,670,8100,8700,8800,43950,12,15,94.02422682917226,3.2871540170162916,8849.846384022385,1493.9994084186576
1785160560,200,,Aggregated,60.800000,0.000000,15,19,26,32,59,100,180,670,8100,8700,8800,44023,12,15,93.92460954890994,3.2871540170162916,8849.846384022385,1493.912250414556
1785160561,200,,Aggregated,59.300000,0.000000,15,19,26,32,59,100,180,670,8100,8700,8800,44078,12,15,93.82552683988962,3.2871540170162916,8849.846384022385,1493.7636689504968
1785160562,200,,Aggregated,67.300000,0.000000,15,19,26,32,59,100,180,670,8100,8700,8800,44153,12,15,93.69544639741423,3.2871540170162916,8849.846384022385,1492.8712658256518
1785160563,200,,Aggregated,67.300000,0.000000,15,19,26,32,59,100,180,670,8100,8700,8800,44189,12,15,93.63259917473954,3.2871540170162916,8849.846384022385,1492.7205865713186
1785160564,200,,Aggregated,62.300000,0.000000,15,19,26,32,59,100,180,670,8100,8700,8800,44278,12,15,93.5804380520336,3.2871540170162916,8849.846384022385,1493.594313202945
1785160565,200,,Aggregated,63.600000,0.000000,15,19,26,32,59,100,180,670,8100,8700,8800,44334,12,15,93.47991332241588,3.2871540170162916,8849.846384022385,1493.8268371904182
1785160566,200,,Aggregated,65.300000,0.000000,15,19,26,32,59,100,180,670,8100,8700,8800,44367,12,15,93.41959157694724,3.2871540170162916,8849.846384022385,1495.2614105078098
1785160567,200,,Aggregated,60.700000,0.000000,15,19,26,32,59,100,180,670,8100,8700,8800,44431,12,15,93.30613237423397,3.2871540170162916,8849.846384022385,1494.9368233890752
1785160569,200,,Aggregated,59.500000,0.000000,15,19,26,32,59,100,180,670,8100,8700,8800,44475,12,15,93.23030862933157,3.2871540170162916,8849.846384022385,1495.250073074761
1785160570,200,,Aggregated,58.600000,0.000000,15,19,26,32,59,100,180,660,8100,8700,8800,44555,12,15,93.18553115336964,3.2871540170162916,8849.846384022385,1494.6323420491528
1785160571,200,,Aggregated,57.900000,0.000000,15,19,26,32,59,100,180,660,8100,8700,8800,44616,12,15,93.07839029240294,3.2871540170162916,8849.846384022385,1494.5955038551192
1785160572,200,,Aggregated,55.000000,0.000000,15,19,26,32,59,100,180,660,8100,8700,8800,44677,12,15,93.1576360510687,3.2871540170162916,8849.846384022385,1495.3323410255837
1785160573,200,,Aggregated,54.700000,0.000000,15,19,26,32,59,100,180,660,8100,8700,8800,44721,12,15,93.26210443766028,3.2871540170162916,8849.846384022385,1495.823885870173
1785160574,200,,Aggregated,53.600000,0.000000,15,19,26,32,59,100,180,670,8100,8700,8800,44769,12,15,93.35683793049274,3.2871540170162916,8849.846384022385,1495.7216824141706
1785160575,200,,Aggregated,52.600000,0.000000,15,19,26,32,59,100,180,670,8100,8700,8800,44872,12,15,93.62542213757652,3.2871540170162916,8849.846384022385,1495.2288063825995
1785160576,200,,Aggregated,50.800000,0.000000,15,19,26,32,59,100,180,670,8100,8700,8800,44928,12,15,93.70615302025874,3.2871540170162916,8849.846384022385,1495.492365562678
1785160577,200,,Aggregated,53.700000,0.000000,15,19,26,32,59,100,180,670,8200,8700,8800,44993,12,15,94.32801588207778,3.2871540170162916,8849.846384022385,1496.527815437957
1785160578,200,,Aggregated,56.300000,0.000000,15,19,26,32,59,100,180,670,8200,8700,8800,45056,12,15,94.40396432815264,3.2871540170162916,8849.846384022385,1495.350830078125
1785160579,200,,Aggregated,55.900000,0.000000,15,19,26,32,60,100,180,670,8200,8700,8800,45125,12,15,94.7460495230698,3.2871540170162916,8849.846384022385,1495.4955124653738
1785160580,200,,Aggregated,57.000000,0.000000,15,19,26,32,60,100,180,670,8200,8700,8800,45189,12,15,94.81795540486883,3.2871540170162916,8849.846384022385,1495.3579189625793
1785160581,200,,Aggregated,58.400000,0.000000,15,19,26,32,60,100,180,670,8200,8700,8800,45242,12,15,95.07946755977112,3.2871540170162916,8849.846384022385,1495.1600724990053
1785160582,200,,Aggregated,59.000000,0.000000,15,19,26,32,60,100,180,670,8200,8700,8800,45314,12,15,94.96336138683037,3.2871540170162916,8849.846384022385,1494.5299686631063
1785160583,200,,Aggregated,59.100000,0.000000,15,19,26,32,60,100,180,670,8200,8700,8800,45342,12,15,95.44910482745665,3.2871540170162916,8849.846384022385,1494.223148515725
1785160584,200,,Aggregated,59.500000,0.000000,15,19,26,32,60,100,180,670,8200,8700,8800,45422,12,15,95.40836725618438,3.2871540170162916,8849.846384022385,1494.7305270573731
1785160585,200,,Aggregated,61.400000,0.000000,15,19,26,32,60,100,180,670,8200,8700,8800,45481,12,15,95.30497491686629,3.2871540170162916,8849.846384022385,1494.2774125458982
1785160586,200,,Aggregated,61.200000,0.000000,15,19,26,32,60,100,180,670,8200,8700,8800,45527,12,15,95.22716441709446,3.2871540170162916,8849.846384022385,1494.7241197531134
1785160587,200,,Aggregated,59.400000,0.000000,15,19,26,32,60,100,180,670,8200,8700,8800,45587,12,15,95.13005831290178,3.2871540170162916,8849.846384022385,1494.99278303025
1785160588,200,,Aggregated,59.000000,0.000000,15,19,26,32,60,100,180,670,8200,8700,8800,45630,12,15,95.05591216523044,3.2871540170162916,8849.846384022385,1495.326429980276
1785160589,200,,Aggregated,59.400000,0.000000,15,19,26,32,60,100,180,670,8200,8700,8800,45700,12,15,94.96733278889491,3.2871540170162916,8849.846384022385,1495.7518818380745
1785160590,200,,Aggregated,58.400000,0.000000,15,19,26,32,60,100,180,670,8200,8700,8800,45756,12,15,94.87011875513205,3.2871540170162916,8849.846384022385,1496.0943264271352
1785160591,200,,Aggregated,58.700000,0.000000,15,19,26,32,60,100,180,670,8200,8700,8800,45822,12,15,94.75871791042528,3.2871540170162916,8849.846384022385,1495.7705468988695
1785160592,200,,Aggregated,56.000000,0.000000,15,19,26,32,60,100,180,670,8200,8700,8800,45872,12,15,94.67648558621043,3.2871540170162916,8849.846384022385,1496.2848360655737
1785160594,200,,Aggregated,55.900000,0.000000,15,19,26,32,60,100,180,670,8200,8700,8800,45921,12,15,94.59274728849991,3.2871540170162916,8849.846384022385,1496.173188737179
1785160595,200,,Aggregated,54.400000,0.000000,15,19,26,32,60,100,180,670,8200,8700,8800,46011,12,15,95.06622857433679,3.2871540170162916,8849.846384022385,1497.8112407902458
1785160596,200,,Aggregated,54.500000,0.000000,15,19,26,32,60,100,180,670,8200,8700,8800,46065,12,15,95.15211664073102,3.2871540170162916,8849.846384022385,1497.4766525561706
1785160597,200,,Aggregated,56.800000,0.000000,15,19,26,32,60,100,180,670,8200,8700,8800,46130,12,15,95.39419180337471,3.2871540170162916,8849.846384022385,1496.377715152829
1785160598,200,,Aggregated,55.200000,0.000000,15,19,26,32,60,100,180,670,8200,8700,8800,46173,12,15,95.66825288336202,3.2871540170162916,8849.846384022385,1496.4017282827626
1785160599,200,,Aggregated,57.800000,0.000000,15,19,26,32,60,100,180,670,8200,8700,8800,46205,12,15,95.78606242519272,3.2871540170162916,8849.846384022385,1495.7852829780327
1785160600,200,,Aggregated,55.600000,0.000000,15,19,26,32,60,100,180,680,8200,8700,8800,46291,12,15,96.09379943629868,3.2871540170162916,8849.846384022385,1496.9053595731352
1785160601,200,,Aggregated,55.400000,0.000000,15,19,26,32,60,100,180,680,8200,8700,8800,46341,12,15,96.52725144220642,3.2871540170162916,8849.846384022385,1497.123217021644
1785160602,200,,Aggregated,54.600000,0.000000,15,19,26,32,60,100,180,680,8200,8700,8800,46397,12,15,96.60535773106434,3.2871540170162916,8849.846384022385,1496.6994417742526
1785160603,200,,Aggregated,54.700000,0.000000,15,19,26,32,60,100,180,680,8200,8700,8800,46454,12,15,96.51218227632017,3.2871540170162916,8849.846384022385,1495.787983811943
1785160605,200,,Aggregated,52.300000,0.000000,15,19,26,32,60,100,180,680,8200,8700,8800,46491,12,15,96.45072127129012,3.2871540170162916,8849.846384022385,1495.1132047062872
1785160606,200,,Aggregated,53.900000,0.000000,15,19,26,32,61,100,190,680,8200,8700,8800,46619,12,15,96.46058967235128,3.2871540170162916,8849.846384022385,1495.3595315214827
1785160607,200,,Aggregated,49.700000,0.000000,15,19,26,32,61,100,190,680,8200,8700,8800,46676,12,15,96.37545354528088,3.2871540170162916,8849.846384022385,1496.3633773245351
1785160608,200,,Aggregated,55.400000,0.000000,15,19,26,32,61,100,190,680,8200,8700,8800,46724,12,15,96.29521649588281,3.2871540170162916,8849.846384022385,1496.2833661501584
1785160609,200,,Aggregated,53.700000,0.000000,15,19,26,32,61,100,190,680,8200,8700,8800,46783,12,15,96.19211669736123,3.2871540170162916,8849.846384022385,1495.7287903725712
1785160610,200,,Aggregated,54.800000,0.000000,15,19,26,32,61,100,190,680,8200,8700,8800,46872,12,15,96.14863788780991,3.2871540170162916,8849.846384022385,1495.7797832394606
1785160611,200,,Aggregated,57.700000,0.000000,15,19,26,32,61,100,190,680,8200,8700,8800,46932,12,15,96.0564084154775,3.2871540170162916,8849.846384022385,1495.1401815392483
1785160612,200,,Aggregated,58.200000,0.000000,15,19,26,32,61,100,190,680,8200,8700,8800,46998,12,15,95.94572798691665,3.2871540170162916,8849.846384022385,1494.6470062555854
1785160613,200,,Aggregated,57.300000,0.000000,15,19,26,32,61,100,180,680,8200,8700,8800,47056,12,15,95.85337070261134,3.2871540170162916,8849.846384022385,1493.9912657259435
1785160614,200,,Aggregated,60.800000,0.000000,15,19,27,32,61,100,180,680,8200,8700,8800,47139,12,15,95.79161436165676,3.2871540170162916,8849.846384022385,1493.132162328433
1785160615,200,,Aggregated,61.100000,0.000000,15,19,26,32,61,100,190,670,8200,8700,8800,47212,12,15,95.70228135103419,3.2871540170162916,8849.846384022385,1492.4311192069813
1785160616,200,,Aggregated,61.100000,0.000000,15,19,26,32,61,100,190,670,8200,8700,8800,47267,12,15,95.6179165806462,3.2871540170162916,8849.846384022385,1492.9302684748345
1785160617,200,,Aggregated,66.700000,0.000000,15,19,26,32,61,100,190,670,8200,8700,8800,47336,12,15,95.5019715727591,3.2871540170162916,8849.846384022385,1493.1908906540477
1785160618,200,,Aggregated,62.200000,0.000000,15,19,26,32,61,100,190,670,8200,8700,8800,47389,12,15,95.43768826700699,3.2871540170162916,8849.846384022385,1493.517018717424
1785160619,200,,Aggregated,62.400000,0.000000,15,19,26,32,61,100,180,670,8200,8700,8800,47451,12,15,95.33787534403058,3.2871540170162916,8849.846384022385,1493.2038102463594
1785160620,200,,Aggregated,64.300000,0.000000,15,19,26,32,61,100,180,670,8200,8700,8800,47500,12,15,95.2580061220809,3.2871540170162916,8849.846384022385,1493.7715789473684
1785160621,200,,Aggregated,62.800000,0.000000,15,19,26,32,61,100,180,670,8200,8700,8800,47556,12,15,95.16942747194135,3.2871540170162916,8849.846384022385,1493.6737109933551
1785160622,200,,Aggregated,62.500000,0.000000,15,19,26,32,61,100,180,670,8200,8700,8800,47636,12,15,95.04472807705231,3.2871540170162916,8849.846384022385,1493.747963724914
1785160624,200,,Aggregated,62.100000,0.000000,15,19,26,32,61,100,180,670,8200,8700,8800,47707,12,15,94.99144285652099,3.2871540170162916,8849.846384022385,1493.2795187289078
1785160625,200,,Aggregated,60.100000,0.000000,15,19,26,32,61,100,180,670,8200,8700,8800,47773,12,15,94.88993513784473,3.2871540170162916,8849.846384022385,1492.4879743788333
1785160626,200,,Aggregated,63.600000,0.000000,15,19,26,32,61,100,180,670,8200,8700,8800,47826,12,15,94.80269134314895,3.2871540170162916,8849.846384022385,1492.9086271065948
1785160627,200,,Aggregated,61.500000,0.000000,15,19,26,32,61,100,180,670,8200,8700,8800,47901,12,15,94.69640200395433,3.2871540170162916,8849.846384022385,1492.4225172752135
1785160628,200,,Aggregated,61.500000,0.000000,15,19,26,32,61,100,180,670,8200,8700,8800,47949,12,15,94.62000240500359,3.2871540170162916,8849.846384022385,1492.8826044338778
1785160629,200,,Aggregated,61.700000,0.000000,15,19,26,32,61,100,180,670,8200,8700,8800,48045,12,15,94.5404095947539,3.2871540170162916,8849.846384022385,1493.0352377978977
1785160630,200,,Aggregated,59.800000,0.000000,15,19,26,32,61,100,180,670,8200,8700,8800,48124,12,15,94.41269851137017,3.2871540170162916,8849.846384022385,1492.0514919790542
1785160631,200,,Aggregated,60.200000,0.000000,15,19,26,32,61,100,180,670,8200,8700,8800,48186,12,15,94.31074430151216,3.2871540170162916,8849.846384022385,1492.139563358652
1785160632,200,,Aggregated,62.100000,0.000000,15,19,26,32,61,100,180,670,8200,8700,8800,48226,12,15,94.24635236700372,3.2871540170162916,8849.846384022385,1492.2713266702608
1785160633,200,,Aggregated,65.100000,0.000000,15,19,26,32,61,100,180,670,8200,8700,8800,48276,12,15,94.25509440795122,3.2871540170162916,8849.846384022385,1492.4172466650095
1785160634,200,,Aggregated,64.600000,0.000000,15,19,26,32,61,100,180,670,8200,8700,8800,48326,12,15,94.18521908093697,3.2871540170162916,8849.846384022385,1492.78334643877
1785160635,200,,Aggregated,60.200000,0.000000,15,19,26,32,61,100,180,670,8200,8700,8800,48388,12,15,94.08261259204991,3.2871540170162916,8849.846384022385,1491.5473877820948
1785160636,200,,Aggregated,59.300000,0.000000,15,19,26,32,61,100,180,670,8200,8700,8800,48453,12,15,93.98203993176388,3.2871540170162916,8849.846384022385,1491.8417022681774
1785160637,200,,Aggregated,58.000000,0.000000,15,19,26,32,61,100,180,670,8200,8700,8800,48508,12,15,93.89535178979826,3.2871540170162916,8849.846384022385,1492.113939968665
1785160638,200,,Aggregated,58.200000,0.000000,15,19,26,32,61,100,180,670,8200,8700,8800,48539,12,15,93.87788560034375,3.2871540170162916,8849.846384022385,1492.13259440862
1785160639,200,,Aggregated,57.700000,0.000000,15,19,26,32,61,100,180,670,8200,8700,8800,48644,12,15,93.77702429676623,3.2871540170162916,8849.846384022385,1492.3015171449717
1785160640,200,,Aggregated,57.500000,0.000000,15,19,26,32,61,100,180,670,8200,8700,8800,48693,12,15,93.70338669697307,3.2871540170162916,8849.846384022385,1492.7247448298524
1785160641,200,,Aggregated,58.500000,0.000000,15,19,26,32,61,100,180,670,8200,8700,8800,48759,12,15,93.6017837425971,3.2871540170162916,8849.846384022385,1492.615681207572
1785160643,200,,Aggregated,58.300000,0.000000,15,19,26,32,61,100,180,670,8200,8700,8800,48823,12,15,93.51091617038107,3.2871540170162916,8849.846384022385,1492.6494889703624
1785160644,200,,Aggregated,58.400000,0.000000,15,19,26,33,61,100,180,670,8200,8700,8800,48900,12,15,93.4377565879588,3.2871540170162916,8849.846384022385,1493.3962781186094
1785160645,200,,Aggregated,58.500000,0.000000,15,19,26,32,61,100,180,660,8200,8700,8800,48954,12,15,93.35625406581856,3.2871540170162916,8849.846384022385,1493.4645381378436
1785160646,200,,Aggregated,59.800000,0.000000,15,19,26,32,61,100,180,660,8200,8700,8800,49009,12,15,93.2686154245906,3.2871540170162916,8849.846384022385,1493.5317594727499
1785160647,200,,Aggregated,59.600000,0.000000,15,19,26,32,61,100,180,660,8200,8700,8800,49052,12,15,93.21739630337393,3.2871540170162916,8849.846384022385,1494.4227758297318
1785160648,200,,Aggregated,60.100000,0.000000,15,19,26,32,61,100,180,660,8200,8700,8800,49093,12,15,93.1512850482453,3.2871540170162916,8849.846384022385,1495.0007129325973
1785160649,200,,Aggregated,57.000000,0.000000,15,19,26,32,61,100,180,660,8200,8700,8800,49148,12,15,93.07075981465341,3.2871540170162916,8849.846384022385,1495.8560266948807
1785160650,200,,Aggregated,56.700000,0.000000,15,19,26,32,61,100,180,660,8200,8700,8800,49216,12,15,92.96969665746047,3.2871540170162916,8849.846384022385,1495.4445708712615
1785160651,200,,Aggregated,53.800000,0.000000,15,19,26,32,61,100,180,660,8200,8700,8800,49276,12,15,93.20545846579388,3.2871540170162916,8849.846384022385,1495.3605609221527
1785160652,200,,Aggregated,53.900000,0.000000,15,19,26,32,61,100,180,660,8200,8700,8800,49343,12,15,93.2752644058636,3.2871540170162916,8849.846384022385,1494.896013618953
1785160653,200,,Aggregated,54.500000,0.000000,15,19,26,32,61,100,180,660,8200,8700,8800,49390,12,15,93.36793232361927,3.2871540170162916,8849.846384022385,1494.2282243369102
1785160654,200,,Aggregated,52.300000,0.000000,15,19,26,32,61,100,180,670,8200,8700,8800,49498,12,15,93.48241339190976,3.2871540170162916,8849.846384022385,1493.851933411451
1785160655,200,,Aggregated,56.100000,0.000000,15,19,26,32,61,100,180,670,8200,8700,8800,49551,12,15,94.21791136565994,3.2871540170162916,8849.846384022385,1494.3184597687232
1785160656,200,,Aggregated,54.800000,0.000000,15,19,26,32,61,100,180,670,8200,8700,8800,49602,12,15,94.46434114692248,3.2871540170162916,8849.846384022385,1493.7650296359018
1785160657,200,,Aggregated,55.500000,0.000000,15,19,26,32,61,100,180,670,8200,8700,8800,49669,12,15,94.689509460159,3.2871540170162916,8849.846384022385,1494.183212869194
1785160658,200,,Aggregated,55.600000,0.000000,15,19,26,32,61,100,180,670,8200,8700,8800,49709,12,15,94.79969851451945,3.2871540170162916,8849.846384022385,1494.748335311513
1785160659,200,,Aggregated,58.300000,0.000000,15,19,26,32,61,100,180,670,8200,8700,8800,49783,12,15,95.16243255953897,3.2871540170162916,8849.846384022385,1494.9228652351205
1785160660,200,,Aggregated,58.600000,0.000000,15,19,26,32,61,100,180,680,8200,8700,8800,49847,12,15,95.54585487965215,3.2871540170162916,8849.846384022385,1494.475394707806
1785160661,200,,Aggregated,58.800000,0.000000,15,19,26,32,61,100,180,680,8200,8700,8800,49882,12,15,95.65467994953939,3.2871540170162916,8849.846384022385,1495.115512609759
1785160662,200,,Aggregated,59.400000,0.000000,15,19,26,32,61,100,180,680,8200,8700,8800,49929,12,15,95.58264518290726,3.2871540170162916,8849.846384022385,1494.756293937391
1785160663,200,,Aggregated,59.700000,0.000000,15,19,26,32,61,100,180,680,8200,8700,8800,49967,12,15,95.52243742811496,3.2871540170162916,8849.846384022385,1493.982548481998
1785160664,200,,Aggregated,58.200000,0.000000,15,19,26,32,61,100,180,680,8200,8700,8800,50055,12,15,95.48733848765836,3.2871540170162916,8849.846384022385,1494.8730995904505
1785160665,200,,Aggregated,55.700000,0.000000,15,19,26,32,61,100,180,680,8200,8700,8800,50125,12,15,95.37677502325572,3.2871540170162916,8849.846384022385,1494.6218453865338
1785160666,200,,Aggregated,52.400000,0.000000,15,19,26,32,61,100,180,670,8200,8700,8800,50202,12,15,95.25599409994084,3.2871540170162916,8849.846384022385,1494.4321939364966
1785160668,200,,Aggregated,55.800000,0.000000,15,19,26,32,61,100,180,670,8200,8700,8800,50260,12,15,95.16885826871236,3.2871540170162916,8849.846384022385,1494.0626939912456
1785160669,200,,Aggregated,57.600000,0.000000,15,19,26,32,61,100,180,670,8200,8700,8800,50344,12,15,95.09905611503069,3.2871540170162916,8849.846384022385,1494.4656165580805
1785160670,200,,Aggregated,58.300000,0.000000,15,19,26,32,61,100,180,670,8200,8700,8800,50375,12,15,95.0495635644572,3.2871540170162916,8849.846384022385,1494.9843771712158
1785160671,200,,Aggregated,59.900000,0.000000,15,19,26,32,61,100,180,670,8200,8700,8800,50434,12,15,95.12233927178458,3.2871540170162916,8849.846384022385,1495.01169845739
1785160672,200,,Aggregated,55.900000,0.000000,15,19,26,32,61,100,180,680,8200,8700,8800,50488,12,15,95.35509843125325,3.2871540170162916,8849.846384022385,1495.0690659166535
1785160673,200,,Aggregated,56.000000,0.000000,15,19,26,32,61,100,180,670,8200,8700,8800,50552,12,15,95.26027903818334,3.2871540170162916,8849.846384022385,1494.5571490742207
1785160674,200,,Aggregated,56.500000,0.000000,15,19,26,32,61,100,180,670,8200,8700,8800,50652,12,15,95.33821794384953,3.2871540170162916,8849.846384022385,1494.590618336887
1785160675,200,,Aggregated,58.800000,0.000000,15,19,26,32,61,100,180,680,8200,8700,8800,50712,12,15,95.72006247421606,3.2871540170162916,8849.846384022385,1494.5860151443446
1785160676,200,,Aggregated,58.900000,0.000000,15,19,26,32,61,100,180,680,8200,8700,8800,50773,12,15,95.62492205004656,3.2871540170162916,8849.846384022385,1494.3537510093947
1785160677,200,,Aggregated,59.300000,0.000000,15,19,26,32,61,100,180,680,8200,8700,8800,50835,12,15,95.84808930109506,3.2871540170162916,8849.846384022385,1494.4894265761777
1785160679,200,,Aggregated,59.000000,0.000000,15,19,27,32,61,100,180,680,8200,8700,8800,50904,12,15,95.77398623134134,3.2871540170162916,8849.846384022385,1493.994244067264
1785160680,200,,Aggregated,57.500000,0.000000,15,19,27,32,61,100,180,680,8200,8700,8800,50992,12,15,95.96930040016491,3.2871540170162916,8849.846384022385,1493.7022866331974
1785160681,200,,Aggregated,58.700000,0.000000,15,19,27,32,61,100,180,680,8200,8700,8800,51062,12,15,96.50223814274486,3.2871540170162916,8849.846384022385,1492.6063217265284
1785160682,200,,Aggregated,63.800000,0.000000,15,19,27,32,61,100,180,680,8200,8700,8800,51124,12,15,96.56590768193195,3.2871540170162916,8849.846384022385,1492.05512088256
1785160683,200,,Aggregated,64.600000,0.000000,15,19,27,33,61,100,180,680,8200,8700,8800,51185,12,15,96.86741801826223,3.2871540170162916,8849.846384022385,1492.4249682524178
1785160684,200,,Aggregated,66.000000,0.000000,15,19,27,33,61,100,180,680,8200,8700,8800,51271,12,15,96.75905464969594,3.2871540170162916,8849.846384022385,1491.2463185816544
1785160685,200,,Aggregated,63.000000,0.000000,15,19,27,33,61,100,180,680,8200,8700,8800,51338,12,15,96.65815383222272,3.2871540170162916,8849.846384022385,1491.2928629864819
1785160686,200,,Aggregated,70.400000,0.000000,15,19,27,33,61,100,180,680,8200,8700,8800,51419,12,15,96.53732314550788,3.2871540170162916,8849.846384022385,1491.0602306540384
1785160687,200,,Aggregated,67.300000,0.000000,15,19,27,33,61,100,180,680,8200,8700,8800,51455,12,15,96.52345066037803,3.2871540170162916,8849.846384022385,1490.9436595083082
1785160688,200,,Aggregated,69.700000,0.000000,15,19,27,33,62,100,180,680,8200,8700,8800,51525,12,15,96.45733379595315,3.2871540170162916,8849.846384022385,1490.2634643377
1785160689,200,,Aggregated,66.300000,0.000000,15,19,27,33,61,100,180,680,8200,8700,8800,51600,12,15,96.34120410565438,3.2871540170162916,8849.846384022385,1489.6906395348838
1785160690,200,,Aggregated,67.700000,0.000000,15,19,27,33,61,100,180,680,8200,8700,8800,51652,12,15,96.25778229309473,3.2871540170162916,8849.846384022385,1490.1162588089521
1785160691,200,,Aggregated,68.900000,0.000000,15,19,27,33,61,100,180,680,8200,8700,8800,51697,12,15,96.18812011939224,3.2871540170162916,8849.846384022385,1489.5789891096194
1785160692,200,,Aggregated,68.900000,0.000000,15,19,27,33,61,100,180,680,8200,8700,8800,51722,12,15,96.14886084662251,3.2871540170162916,8849.846384022385,1489.7632535478133
1785160693,200,,Aggregated,63.500000,0.000000,15,19,27,33,61,100,180,680,8200,8700,8800,51829,12,15,96.03384943524638,3.2871540170162916,8849.846384022385,1489.4250709062494
1785160694,200,,Aggregated,60.500000,0.000000,15,19,27,33,61,100,180,680,8200,8700,8800,51882,12,15,95.95418768146291,3.2871540170162916,8849.846384022385,1488.8687020546624
1785160695,200,,Aggregated,63.300000,0.000000,15,19,27,33,61,100,180,680,8200,8700,8800,51959,12,15,95.84319547383919,3.2871540170162916,8849.846384022385,1489.283954656556
1785160696,200,,Aggregated,59.000000,0.000000,15,19,27,33,61,100,180,680,8200,8700,8800,52002,12,15,95.77679893729822,3.2871540170162916,8849.846384022385,1489.5548440444597
1785160697,200,,Aggregated,60.900000,0.000000,15,19,27,33,61,100,180,680,8200,8700,8800,52037,12,15,95.76596633630591,3.2871540170162916,8849.846384022385,1489.9144454907084
1785160698,200,,Aggregated,57.200000,0.000000,15,19,27,33,62,100,180,680,8200,8700,8800,52112,12,15,95.71888931800008,3.2871540170162916,8849.846384022385,1490.755468989868
1785160699,200,,Aggregated,57.200000,0.000000,15,19,27,33,62,100,180,680,8200,8700,8800,52186,12,15,95.60776239870515,3.2871540170162916,8849.846384022385,1490.7946575709962
1785160700,200,,Aggregated,58.600000,0.000000,15,19,27,33,61,100,180,680,8200,8700,8800,52291,12,15,95.44519952549439,3.2871540170162916,8849.846384022385,1489.5260178615822
1785160701,200,,Aggregated,56.500000,0.000000,15,19,27,33,62,100,190,680,8200,8700,8800,52341,12,15,95.52957702961494,3.2871540170162916,8849.846384022385,1489.9178464301408
1785160702,200,,Aggregated,59.900000,0.000000,15,19,27,33,62,100,190,680,8200,8700,8800,52416,12,15,95.45660475432602,3.2871540170162916,8849.846384022385,1488.8462301587301
1785160703,200,,Aggregated,60.900000,0.000000,15,19,27,33,62,100,190,680,8200,8700,8800,52474,12,15,95.37237603757798,3.2871540170162916,8849.846384022385,1489.4308228837137
1785160704,200,,Aggregated,66.600000,0.000000,15,19,27,33,62,100,190,670,8200,8700,8800,52532,12,15,95.28387710859839,3.2871540170162916,8849.846384022385,1488.8299512677986
1785160705,200,,Aggregated,65.100000,0.000000,15,19,27,33,62,100,190,670,8200,8700,8800,52565,12,15,95.23360766121397,3.2871540170162916,8849.846384022385,1489.0230761913822
1785160706,200,,Aggregated,64.600000,0.000000,15,19,27,33,62,100,190,670,8200,8700,8800,52593,12,15,95.19021007486975,3.2871540170162916,8849.846384022385,1489.156788926283
1785160707,200,,Aggregated,61.100000,0.000000,15,19,27,33,62,100,190,670,8200,8700,8800,52713,12,15,95.09780864606057,3.2871540170162916,8849.846384022385,1488.9907043803237
1785160708,200,,Aggregated,59.700000,0.000000,15,19,27,33,62,100,190,670,8200,8700,8800,52777,12,15,94.99994360979082,3.2871540170162916,8849.846384022385,1488.6349356727362
1785160709,200,,Aggregated,63.900000,0.000000,15,19,27,33,62,100,190,670,8200,8700,8800,52821,12,15,94.93626382301652,3.2871540170162916,8849.846384022385,1488.6191855512013
1785160710,200,,Aggregated,63.000000,0.000000,15,19,27,33,62,100,190,670,8200,8700,8800,52872,12,15,94.86055761157316,3.2871540170162916,8849.846384022385,1489.272563927977
1785160711,200,,Aggregated,62.800000,0.000000,15,19,27,33,62,100,190,670,8200,8700,8800,52934,12,15,94.87234455726667,3.2871540170162916,8849.846384022385,1489.918464502966
1785160712,200,,Aggregated,59.200000,0.000000,15,19,27,33,62,100,190,670,8200,8700,8800,53001,12,15,94.79922628067276,3.2871540170162916,8849.846384022385,1490.4401615063866
1785160713,200,,Aggregated,58.000000,0.000000,15,19,27,33,62,100,190,670,8200,8700,8800,53053,12,15,94.72286181072788,3.2871540170162916,8849.846384022385,1490.8700356247525
1785160714,200,,Aggregated,56.100000,0.000000,15,19,27,33,62,100,190,670,8200,8700,8800,53118,12,15,94.63484449415151,3.2871540170162916,8849.846384022385,1491.596332693249
1785160716,200,,Aggregated,55.900000,0.000000,15,19,27,33,62,100,190,670,8200,8700,8800,53172,12,15,94.56805968040949,3.2871540170162916,8849.846384022385,1491.5451177311368
1785160717,200,,Aggregated,57.800000,0.000000,15,19,27,33,62,100,190,670,8200,8700,8800,53291,12,15,94.49056979223072,3.2871540170162916,8849.846384022385,1490.2022292694826
1785160718,200,,Aggregated,59.100000,0.000000,15,19,27,33,62,100,190,670,8200,8700,8800,53351,12,15,94.4031053347399,3.2871540170162916,8849.846384022385,1490.1702311109445
1785160719,200,,Aggregated,61.900000,0.000000,15,19,27,33,62,100,190,670,8200,8700,8800,53422,12,15,94.30773523621693,3.2871540170162916,8849.846384022385,1490.2035116618622
1785160720,200,,Aggregated,60.300000,0.000000,15,19,27,33,62,100,190,670,8200,8700,8800,53467,12,15,94.24173563910766,3.2871540170162916,8849.846384022385,1490.3988628499822
1785160721,200,,Aggregated,62.800000,0.000000,15,19,27,33,62,100,190,670,8200,8700,8800,53559,12,15,94.12420434306509,3.2871540170162916,8849.846384022385,1490.01876435333
1785160722,200,,Aggregated,62.500000,0.000000,15,19,27,33,62,100,190,670,8200,8700,8800,53623,12,15,94.03275893224257,3.2871540170162916,8849.846384022385,1489.4418066874289
1785160723,200,,Aggregated,58.500000,0.000000,15,19,27,33,62,100,190,670,8200,8700,8800,53685,13,15,93.94786989226915,3.2871540170162916,8849.846384022385,1489.4416317407097
1785160724,200,,Aggregated,61.500000,0.000000,15,19,27,33,62,100,190,670,8200,8700,8800,53730,13,15,93.88259377336348,3.2871540170162916,8849.846384022385,1490.6545319188535
1785160726,200,,Aggregated,62.200000,0.000000,15,19,27,33,62,100,190,670,8200,8700,8800,53757,13,15,93.84552678657752,3.2871540170162916,8849.846384022385,1491.246870175047
1785160727,200,,Aggregated,60.400000,0.100000,15,19,27,33,62,100,190,670,8200,8700,8800,53854,13,15,93.75475161580418,3.2871540170162916,8849.846384022385,1491.7010064247781
1785160728,200,,Aggregated,58.500000,0.100000,15,19,27,33,62,100,190,670,8200,8700,8800,53915,13,15,93.67198366898089,3.2871540170162916,8849.846384022385,1491.6981545024576
1785160729,200,,Aggregated,58.400000,0.100000,15,19,27,33,62,100,190,670,8200,8700,8800,53959,13,15,94.06633376824583,3.2871540170162916,8849.846384022385,1491.463462999685
1785160730,200,,Aggregated,56.000000,0.100000,15,19,27,33,62,100,190,670,8100,8700,8800,54039,13,15,94.25440344932578,3.2871540170162916,8849.846384022385,1491.162475249357
1785160731,200,,Aggregated,53.900000,0.100000,15,19,27,33,62,100,190,670,8200,8700,8800,54112,13,15,94.53114099437659,3.2871540170162916,8849.846384022385,1490.8981556771141
1785160732,200,,Aggregated,57.300000,0.100000,15,19,27,33,62,100,190,670,8200,8700,8800,54185,13,15,94.72722132068309,3.2871540170162916,8849.846384022385,1490.3903478822551
1785160733,200,,Aggregated,58.700000,0.100000,15,19,27,33,62,100,190,670,8200,8700,8800,54268,13,15,95.06781362476707,3.2871540170162916,8849.846384022385,1490.0469521633374
1785160734,200,,Aggregated,60.200000,0.100000,15,19,27,33,62,100,190,670,8200,8700,8800,54340,13,15,95.27121929192684,3.2871540170162916,8849.846384022385,1489.5221199852779
1785160735,200,,Aggregated,61.800000,0.100000,15,20,27,33,63,100,190,680,8200,8700,8800,54395,13,15,96.18138913213724,3.2871540170162916,8849.846384022385,1489.0788675429726
1785160736,200,,Aggregated,62.500000,0.000000,15,20,27,33,62,100,190,680,8200,8700,8800,54455,13,15,96.24338068711342,3.2871540170162916,8849.846384022385,1489.3359471122947
1785160737,200,,Aggregated,63.100000,0.000000,15,20,27,33,62,100,190,680,8200,8700,8800,54523,13,15,96.58661808328705,3.2871540170162916,8849.846384022385,1489.0641930928232
1785160738,200,,Aggregated,68.900000,0.000000,15,19,27,33,62,100,190,680,8200,8700,8800,54564,13,15,96.52443619645913,3.2871540170162916,8849.846384022385,1489.3661205190235
1785160739,200,,Aggregated,65.500000,0.000000,15,19,27,33,62,100,190,680,8200,8700,8800,54621,13,15,96.43938022133052,3.2871540170162916,8849.846384022385,1489.8414712290146
1785160740,200,,Aggregated,65.700000,0.000000,15,20,27,33,62,100,190,680,8200,8700,8800,54686,13,15,96.40497808310414,3.2871540170162916,8849.846384022385,1490.181508978532
1785160741,200,,Aggregated,64.600000,0.000000,15,20,27,33,62,100,190,680,8200,8700,8800,54743,13,15,96.32504495849577,3.2871540170162916,8849.846384022385,1489.8390296476261
1785160742,200,,Aggregated,60.800000,0.000000,15,20,27,33,62,100,190,680,8200,8700,8800,54803,13,15,96.24261712580176,3.2871540170162916,8849.846384022385,1490.9389084539168
1785160743,200,,Aggregated,66.600000,0.000000,15,19,27,33,62,100,190,680,8200,8700,8800,54893,13,15,96.1142251727693,3.2871540170162916,8849.846384022385,1489.9914196709963
1785160744,200,,Aggregated,61.400000,0.000000,15,19,27,33,62,100,190,680,8200,8700,8800,54928,13,15,96.06305571415852,3.2871540170162916,8849.846384022385,1490.4642623070201
1785160745,200,,Aggregated,60.500000,0.000000,15,19,27,33,62,100,190,680,8200,8700,8800,55015,13,15,95.97651122639327,3.2871540170162916,8849.846384022385,1490.4710169953648
1785160746,200,,Aggregated,61.100000,0.000000,15,19,27,33,62,100,190,680,8200,8700,8800,55097,13,15,95.85991891771287,3.2871540170162916,8849.846384022385,1489.8846579668584
1785160747,200,,Aggregated,60.700000,0.000000,15,19,27,33,62,100,190,680,8200,8700,8800,55150,13,15,95.78294130319988,3.2871540170162916,8849.846384022385,1489.657479601088
1785160748,200,,Aggregated,60.400000,0.000000,15,19,27,33,62,100,190,680,8200,8700,8800,55203,13,15,95.70927319337545,3.2871540170162916,8849.846384022385,1489.397297248338
1785160749,200,,Aggregated,60.200000,0.000000,15,19,27,33,62,100,190,680,8200,8700,8800,55221,13,15,95.69420786746004,3.2871540170162916,8849.846384022385,1489.6058564676482
1785160750,200,,Aggregated,61.100000,0.000000,15,20,27,33,63,100,190,670,8200,8700,8800,55321,13,15,95.64826269065807,3.2871540170162916,8849.846384022385,1489.6129679506878
1785160751,200,,Aggregated,61.300000,0.000000,15,20,27,33,63,100,190,680,8200,8700,8800,55368,13,15,95.73319182090044,3.2871540170162916,8849.846384022385,1490.0126788036412
1785160752,200,,Aggregated,62.700000,0.000000,15,20,27,33,63,100,190,680,8200,8700,8800,55416,13,15,95.80841368822219,3.2871540170162916,8849.846384022385,1491.2383788075647
1785160753,200,,Aggregated,60.600000,0.000000,15,19,27,33,63,100,190,680,8200,8700,8800,55475,13,15,95.87071523477029,3.2871540170162916,8849.846384022385,1490.616385759351
1785160754,200,,Aggregated,59.600000,0.000000,15,20,27,33,63,100,190,680,8200,8700,8800,55528,13,15,95.97094734126973,3.2871540170162916,8849.846384022385,1490.928504538251
1785160755,200,,Aggregated,57.500000,0.000000,15,20,27,33,63,100,190,680,8200,8700,8800,55614,13,15,95.90704809321856,3.2871540170162916,8849.846384022385,1491.397597727191
1785160756,200,,Aggregated,55.800000,0.000000,15,20,27,33,63,100,190,680,8200,8700,8800,55695,13,15,96.22336995728723,3.2871540170162916,8849.846384022385,1491.2864889128289
1785160757,200,,Aggregated,58.200000,0.000000,15,20,27,33,63,100,190,680,8200,8700,8800,55761,13,15,96.4243819341966,3.2871540170162916,8849.846384022385,1491.002905256362
1785160759,200,,Aggregated,56.900000,0.000000,15,20,27,33,63,100,190,680,8200,8700,8800,55797,13,15,96.51837898535396,3.2871540170162916,8849.846384022385,1490.836747495385
1785160760,200,,Aggregated,60.300000,0.000000,15,20,27,33,63,100,190,680,8200,8700,8800,55901,13,15,96.84406794966401,3.2871540170162916,8849.846384022385,1490.0288188046725
1785160761,200,,Aggregated,58.500000,0.000000,15,20,27,33,63,100,190,680,8200,8700,8800,55958,13,15,96.91052882438372,3.2871540170162916,8849.846384022385,1489.7618213660246
1785160762,200,,Aggregated,60.500000,0.000000,15,20,27,33,63,100,190,680,8200,8700,8800,56018,13,15,96.82746870210502,3.2871540170162916,8849.846384022385,1489.4297725731014
1785160764,200,,Aggregated,60.400000,0.000000,15,20,27,33,63,100,190,680,8200,8700,8800,56089,13,15,96.72531198876031,3.2871540170162916,8849.846384022385,1488.977000837954
1785160765,200,,Aggregated,62.900000,0.000000,15,20,27,33,63,100,190,680,8200,8700,8800,56210,13,15,96.91300970259302,3.2871540170162916,8849.846384022385,1488.4380893079524
1785160766,200,,Aggregated,60.900000,0.000000,15,20,27,33,63,100,190,680,8200,8700,8800,56260,13,15,96.8437753713445,3.2871540170162916,8849.846384022385,1487.7120156416638
1785160767,200,,Aggregated,65.600000,0.000000,15,20,27,33,63,100,190,680,8200,8700,8800,56323,13,15,96.75322472157494,3.2871540170162916,8849.846384022385,1487.8288265894928
1785160768,200,,Aggregated,65.600000,0.000000,15,20,27,33,63,100,190,680,8200,8700,8800,56380,13,15,96.68202545951326,3.2871540170162916,8849.846384022385,1488.2659276339127
1785160769,200,,Aggregated,61.400000,0.000000,15,20,27,33,63,100,190,680,8200,8700,8800,56428,13,15,96.63906369303324,3.2871540170162916,8849.846384022385,1487.939693060183
1785160770,200,,Aggregated,61.800000,0.000000,15,20,27,33,63,100,190,680,8200,8700,8800,56480,13,15,96.56901145454499,3.2871540170162916,8849.846384022385,1488.578895184136
1785160771,200,,Aggregated,62.600000,0.000000,15,20,27,33,63,100,190,680,8200,8700,8800,56537,13,15,96.48816338065151,3.2871540170162916,8849.846384022385,1488.7976192581848
1785160772,200,,Aggregated,60.400000,0.000000,15,20,27,33,63,100,190,680,8200,8700,8800,56583,13,15,96.42297761186616,3.2871540170162916,8849.846384022385,1488.8608415955323
1785160773,200,,Aggregated,60.400000,0.000000,15,20,27,33,63,100,190,680,8200,8700,8800,56644,13,15,96.33843281348943,3.2871540170162916,8849.846384022385,1489.1690911658782
1785160774,200,,Aggregated,59.300000,0.000000,15,20,27,33,63,100,190,680,8200,8700,8800,56713,13,15,96.2655896327401,3.2871540170162916,8849.846384022385,1488.4017068397015
1785160775,200,,Aggregated,59.000000,0.000000,15,20,27,33,63,100,190,680,8200,8700,8800,56777,13,15,96.18150137904627,3.2871540170162916,8849.846384022385,1488.2763619071102
1785160776,200,,Aggregated,58.100000,0.000000,15,20,27,33,63,100,190,680,8200,8700,8800,56832,13,15,96.10450438709974,3.2871540170162916,8849.846384022385,1488.6760099943695
1785160777,200,,Aggregated,55.200000,0.000000,15,20,27,33,62,100,190,680,8200,8700,8800,56899,13,15,96.00983422693979,3.2871540170162916,8849.846384022385,1489.1953637146523
1785160778,200,,Aggregated,56.100000,0.000000,15,20,27,33,62,100,190,680,8200,8700,8800,56958,13,15,95.92700145254224,3.2871540170162916,8849.846384022385,1489.2740967028337
1785160779,200,,Aggregated,57.100000,0.000000,15,20,27,33,63,100,190,680,8200,8700,8800,57045,13,15,95.9107547905941,3.2871540170162916,8849.846384022385,1489.3416951529493
1785160780,200,,Aggregated,56.400000,0.000000,15,20,27,33,63,100,190,680,8200,8700,8800,57112,13,15,95.81731175281905,3.2871540170162916,8849.846384022385,1489.0859364056591
1785160781,200,,Aggregated,57.700000,0.000000,15,20,27,33,63,100,190,680,8200,8700,8800,57167,13,15,95.74361617930748,3.2871540170162916,8849.846384022385,1488.5612153864993
1785160782,200,,Aggregated,59.100000,0.000000,15,20,27,33,63,100,190,670,8200,8700,8800,57226,13,15,95.6613173353756,3.2871540170162916,8849.846384022385,1488.5338133016462
1785160783,200,,Aggregated,58.500000,0.000000,15,20,27,33,63,100,190,670,8200,8700,8800,57246,13,15,95.63287396134551,3.2871540170162916,8849.846384022385,1488.6026097893302
1785160784,200,,Aggregated,61.200000,0.000000,15,20,27,33,63,100,190,670,8200,8700,8800,57334,13,15,95.61613214436672,3.2871540170162916,8849.846384022385,1488.789601283706
1785160785,200,,Aggregated,59.000000,0.000000,15,20,27,33,63,100,190,670,8200,8700,8800,57423,13,15,95.50955658026004,3.2871540170162916,8849.846384022385,1488.0582345053376
1785160786,200,,Aggregated,58.800000,0.000000,15,20,27,33,63,100,190,670,8200,8700,8800,57489,13,15,95.42339603317251,3.2871540170162916,8849.846384022385,1487.7641461844876
1785160788,200,,Aggregated,57.600000,0.000000,15,20,27,33,63,100,190,670,8200,8700,8800,57537,13,15,95.3577945969316,3.2871540170162916,8849.846384022385,1488.2749882684186
1785160789,200,,Aggregated,60.200000,0.000000,15,20,27,33,63,100,190,670,8200,8700,8800,57630,13,15,95.3112974088948,3.2871540170162916,8849.846384022385,1488.4121638035745
1785160790,200,,Aggregated,59.300000,0.000000,15,20,27,33,63,100,190,670,8200,8700,8800,57675,13,15,95.25127481250153,3.2871540170162916,8849.846384022385,1488.2316254876464
1785160791,200,,Aggregated,59.500000,0.000000,15,20,27,33,63,100,190,670,8200,8700,8800,57725,13,15,95.1902268723786,3.2871540170162916,8849.846384022385,1488.1389519272411
1785160792,200,,Aggregated,58.700000,0.000000,15,20,27,33,63,100,190,670,8200,8700,8800,57789,13,15,95.1049592382802,3.2871540170162916,8849.846384022385,1488.5190607208986
1785160793,200,,Aggregated,56.900000,0.000000,15,20,27,33,63,100,190,670,8200,8700,8800,57824,13,15,95.05767132662764,3.2871540170162916,8849.846384022385,1488.8142639734367
1785160794,200,,Aggregated,55.700000,0.000000,15,20,27,33,63,100,190,670,8200,8700,8800,57952,13,15,95.04619258296222,3.2871540170162916,8849.846384022385,1487.995789618995
1785160795,200,,Aggregated,58.700000,0.000000,15,20,27,33,63,100,190,670,8200,8700,8800,58009,13,15,94.96974227866171,3.2871540170162916,8849.846384022385,1487.9046010101881
1785160796,200,,Aggregated,57.500000,0.000000,15,20,27,33,63,100,190,670,8200,8700,8800,58048,13,15,94.91694158389089,3.2871540170162916,8849.846384022385,1488.3471265159867
1785160797,200,,Aggregated,62.000000,0.000000,15,20,27,33,63,100,190,670,8200,8700,8800,58094,13,15,94.85375816046253,3.2871540170162916,8849.846384022385,1488.985540675457
1785160799,200,,Aggregated,58.600000,0.000000,15,20,27,33,63,100,190,670,8200,8700,8800,58115,13,15,94.82535274005747,3.2871540170162916,8849.846384022385,1488.9310849178353
1785160800,200,,Aggregated,55.700000,0.000000,15,20,27,33,63,100,190,670,8200,8700,8800,58191,13,15,94.81655206815432,3.2871540170162916,8849.846384022385,1489.447079445275
1785160801,200,,Aggregated,52.000000,0.000000,15,20,27,33,63,100,190,670,8200,8700,8800,58278,13,15,94.73812333266531,3.2871540170162916,8849.846384022385,1488.861903291122
1785160802,200,,Aggregated,53.900000,0.000000,15,20,27,33,63,100,190,670,8200,8700,8800,58332,13,15,94.66954950004033,3.2871540170162916,8849.846384022385,1488.606133854488
1785160803,200,,Aggregated,57.900000,0.000000,15,20,27,33,63,100,190,670,8200,8700,8800,58364,13,15,94.63193895454658,3.2871540170162916,8849.846384022385,1488.7968096771983
1785160804,200,,Aggregated,57.900000,0.000000,15,20,27,33,63,100,190,670,8200,8700,8800,58407,13,15,94.5858769434385,3.2871540170162916,8849.846384022385,1488.7894430462102
1785160805,200,,Aggregated,53.900000,0.000000,15,20,27,33,64,100,190,670,8200,8700,8800,58493,13,15,94.56548016781258,3.2871540170162916,8849.846384022385,1489.2792128972699
1785160806,200,,Aggregated,57.400000,0.000000,15,20,27,33,64,100,190,670,8200,8700,8800,58549,13,15,94.90349670473486,3.2871540170162916,8849.846384022385,1489.7236673555483
1785160807,200,,Aggregated,53.400000,0.000000,15,20,27,33,64,100,190,680,8200,8700,8800,58597,13,15,95.25560951272345,3.2871540170162916,8849.846384022385,1489.2727272727273
1785160808,200,,Aggregated,50.700000,0.000000,15,20,27,33,63,100,190,680,8200,8700,8800,58676,13,15,95.57103522758894,3.2871540170162916,8849.846384022385,1488.6677858068035
1785160809,200,,Aggregated,50.700000,0.000000,15,20,27,33,63,100,190,680,8200,8700,8800,58700,13,15,95.67898578813309,3.2871540170162916,8849.846384022385,1488.6119591141396
1785160810,200,,Aggregated,55.600000,0.000000,15,20,27,33,64,110,190,680,8200,8700,8800,58784,13,15,96.04497183010264,3.2871540170162916,8849.846384022385,1488.2191412629286
1785160811,200,,Aggregated,58.500000,0.000000,15,20,27,33,64,110,190,680,8200,8700,8800,58857,13,15,96.6378556845586,3.2871540170162916,8849.846384022385,1487.9836383098018
1785160812,200,,Aggregated,58.400000,0.000000,15,20,27,33,64,110,190,680,8200,8700,8800,58910,13,15,96.9971011639594,3.2871540170162916,8849.846384022385,1487.2989475471059
1785160813,200,,Aggregated,54.500000,0.000000,15,20,27,33,64,110,190,680,8200,8700,8800,58979,13,15,97.17983008086347,3.2871540170162916,8849.846384022385,1487.2339307211041
1785160814,200,,Aggregated,55.800000,0.000000,15,20,27,33,64,110,190,680,8200,8700,8800,59041,13,15,97.40933119945298,3.2871540170162916,8849.846384022385,1487.3188801002693
1785160815,200,,Aggregated,58.800000,0.000000,15,20,27,33,64,110,190,680,8200,8700,8800,59117,13,15,97.31362894896239,3.2871540170162916,8849.846384022385,1487.4047566689785
1785160816,200,,Aggregated,58.500000,0.000000,15,20,27,33,64,110,190,680,8200,8700,8800,59197,13,15,97.20817486609583,3.2871540170162916,8849.846384022385,1487.5351791475919
1785160817,200,,Aggregated,58.000000,0.000000,15,20,27,33,64,110,190,680,8200,8700,8800,59247,13,15,97.13826925187219,3.2871540170162916,8849.846384022385,1488.4646142420713
1785160819,200,,Aggregated,62.000000,0.000000,15,20,27,33,64,110,190,680,8200,8700,8800,59281,13,15,97.0914746994059,3.2871540170162916,8849.846384022385,1488.6031780840403
1785160820,200,,Aggregated,61.000000,0.000000,15,20,27,33,64,110,190,680,8200,8700,8800,59387,13,15,97.06906008953932,3.2871540170162916,8849.846384022385,1487.8501355515516
1785160821,200,,Aggregated,58.100000,0.000000,15,20,27,33,64,110,190,680,8200,8700,8800,59429,13,15,97.01369244967589,3.2871540170162916,8849.846384022385,1487.5573373268942
1785160822,200,,Aggregated,60.500000,0.000000,15,20,27,33,64,110,190,680,8200,8700,8800,59475,13,15,96.95301233712128,3.2871540170162916,8849.846384022385,1487.0988650693569
1785160823,200,,Aggregated,61.300000,0.000000,15,20,27,33,64,110,190,680,8200,8700,8800,59551,13,15,96.85558878281307,3.2871540170162916,8849.846384022385,1486.5464056019212
1785160824,200,,Aggregated,61.300000,0.000000,15,20,27,33,64,110,190,680,8200,8700,8800,59573,13,15,96.8253243737677,3.2871540170162916,8849.846384022385,1486.3826565726083
1785160825,200,,Aggregated,60.400000,0.000000,15,20,27,33,64,110,190,680,8200,8700,8800,59704,13,15,96.76228130860727,3.2871540170162916,8849.846384022385,1486.2732312742864
1785160826,200,,Aggregated,58.100000,0.000000,15,20,27,33,64,110,190,680,8200,8700,8800,59775,13,15,96.66567321160177,3.2871540170162916,8849.846384022385,1485.4392806357173
1785160827,200,,Aggregated,60.900000,0.000000,15,20,27,33,64,110,190,680,8200,8700,8800,59838,13,15,96.57925245004668,3.2871540170162916,8849.846384022385,1485.2179217219827
1785160828,200,,Aggregated,60.900000,0.000000,15,20,27,33,64,110,190,680,8200,8700,8800,59872,13,15,96.53735862484668,3.2871540170162916,8849.846384022385,1484.9931854623196
1785160829,200,,Aggregated,60.400000,0.000000,15,20,27,33,64,110,190,680,8200,8700,8800,59966,13,15,96.51301534871678,3.2871540170162916,8849.846384022385,1485.2081179334957
1785160830,200,,Aggregated,61.200000,0.000000,15,20,27,33,64,110,190,680,8200,8700,8800,60039,13,15,96.4166384335195,3.2871540170162916,8849.846384022385,1485.1548326920836
1785160831,200,,Aggregated,65.900000,0.000000,15,20,27,33,64,110,190,680,8200,8700,8800,60108,13,15,96.33161930773747,3.2871540170162916,8849.846384022385,1485.5573800492448
1785160832,200,,Aggregated,60.400000,0.000000,15,20,27,33,64,110,190,680,8200,8700,8800,60160,13,15,96.53512699194525,3.2871540170162916,8849.846384022385,1485.8977393617022
1785160833,200,,Aggregated,64.300000,0.000000,15,20,27,33,64,110,190,680,8200,8700,8800,60200,13,15,96.9141744316534,3.2871540170162916,8849.846384022385,1485.9163787375414
1785160834,200,,Aggregated,66.300000,0.000000,15,20,27,33,64,110,190,680,8200,8700,8800,60241,13,15,96.99093698767139,3.2871540170162916,8849.846384022385,1486.4550057269967
1785160835,200,,Aggregated,61.300000,0.000000,15,20,27,33,64,110,190,680,8200,8700,8800,60305,13,15,97.04014623407393,3.2871540170162916,8849.846384022385,1485.8461155791395
1785160836,200,,Aggregated,64.000000,0.000000,15,20,27,33,64,110,190,680,8200,8700,8800,60373,13,15,97.35415778713124,3.2871540170162916,8849.846384022385,1485.812449273682
1785160837,200,,Aggregated,58.700000,0.000000,15,20,27,33,64,110,190,680,8200,8700,8800,60426,13,15,97.41706823448824,3.2871540170162916,8849.846384022385,1486.5796511435474
1785160838,200,,Aggregated,58.100000,0.000000,15,20,27,33,64,110,190,680,8200,8700,8800,60481,13,15,97.64125845258827,3.2871540170162916,8849.846384022385,1486.4069211818587
1785160839,200,,Aggregated,56.700000,0.000000,15,20,27,34,64,110,190,680,8200,8700,8800,60545,13,15,97.70602333049544,3.2871540170162916,8849.846384022385,1486.5663886365514
1785160840,200,,Aggregated,57.500000,0.000000,15,20,27,33,64,110,190,680,8200,8700,8800,60603,13,15,97.76062324007286,3.2871540170162916,8849.846384022385,1486.1981585070046
1785160841,200,,Aggregated,56.200000,0.000000,15,20,27,33,64,110,190,690,8200,8700,8800,60678,13,15,98.19929719099122,3.2871540170162916,8849.846384022385,1486.3749793994527
1785160842,200,,Aggregated,57.100000,0.000000,15,20,27,33,64,110,190,690,8200,8700,8800,60715,13,15,98.14953281988066,3.2871540170162916,8849.846384022385,1486.2581734332537
1785160843,200,,Aggregated,55.300000,0.000000,15,20,27,34,65,110,190,690,8200,8700,8800,60783,13,15,98.10777629374974,3.2871540170162916,8849.846384022385,1485.7345803925439
1785160844,200,,Aggregated,55.300000,0.000000,15,20,27,34,65,110,190,690,8200,8700,8800,60846,13,15,98.04292598655036,3.2871540170162916,8849.846384022385,1485.5984781251027
1785160845,200,,Aggregated,56.700000,0.000000,15,20,27,34,65,110,190,690,8200,8700,8800,60890,13,15,97.98526728494326,3.2871540170162916,8849.846384022385,1486.0762194120546
1785160846,200,,Aggregated,58.800000,0.000000,15,20,27,34,65,110,190,690,8200,8700,8800,60946,13,15,97.91346739609048,3.2871540170162916,8849.846384022385,1486.476536606176
1785160847,200,,Aggregated,58.800000,0.000000,15,20,27,34,64,110,190,690,8200,8700,8800,61016,13,15,97.81952349839162,3.2871540170162916,8849.846384022385,1486.78007407893
1785160848,200,,Aggregated,56.800000,0.000000,15,20,27,34,65,110,190,690,8200,8700,8800,61074,13,15,97.77071308200956,3.2871540170162916,8849.846384022385,1486.5624488325639
1785160850,200,,Aggregated,55.600000,0.000000,15,20,27,34,64,110,190,680,8200,8700,8800,61135,13,15,97.68615582775972,3.2871540170162916,8849.846384022385,1486.5608080477632
1785160851,200,,Aggregated,57.200000,0.000000,15,20,27,34,64,110,190,680,8200,8700,8800,61193,13,15,97.60781813361174,3.2871540170162916,8849.846384022385,1486.5983364110275
1785160852,200,,Aggregated,58.100000,0.000000,15,20,27,34,64,110,190,680,8200,8700,8800,61270,13,15,97.50659631753545,3.2871540170162916,8849.846384022385,1486.3911702301289
1785160853,200,,Aggregated,58.100000,0.000000,15,20,27,33,64,110,190,680,8200,8700,8800,61321,13,15,97.43943888502851,3.2871540170162916,8849.846384022385,1485.902366236689
1785160854,200,,Aggregated,58.700000,0.000000,15,20,27,34,64,110,190,690,8200,8700,8800,61437,13,15,97.42064045182165,3.2871540170162916,8849.846384022385,1485.7136090629426
1785160855,200,,Aggregated,59.200000,0.000000,15,20,27,34,64,110,190,690,8200,8700,8800,61508,13,15,97.33554222735796,3.2871540170162916,8849.846384022385,1485.4900338167392
1785160856,200,,Aggregated,60.200000,0.000000,15,20,27,34,64,110,190,690,8200,8700,8800,61555,13,15,97.27488994445879,3.2871540170162916,8849.846384022385,1485.7156201770774
1785160857,200,,Aggregated,60.900000,0.000000,15,20,27,34,64,110,190,680,8200,8700,8800,61610,13,15,97.20382399032746,3.2871540170162916,8849.846384022385,1485.4460639506574
1785160858,200,,Aggregated,64.800000,0.000000,15,20,27,34,65,110,190,680,8200,8700,8800,61662,13,15,97.16272764215572,3.2871540170162916,8849.846384022385,1485.5125685186988
1785160859,200,,Aggregated,63.400000,0.000000,15,20,27,34,64,110,190,680,8200,8700,8800,61732,13,15,97.07059702222529,3.2871540170162916,8849.846384022385,1485.2641093760124
1785160860,200,,Aggregated,59.600000,0.000000,15,20,27,34,64,110,190,680,8200,8700,8800,61791,13,15,96.99760638395489,3.2871540170162916,8849.846384022385,1485.3466200579373
1785160861,200,,Aggregated,61.900000,0.000000,15,20,27,34,64,110,190,680,8200,8700,8800,61843,13,15,96.92957843224211,3.2871540170162916,8849.846384022385,1485.9125204145982
1785160862,200,,Aggregated,61.200000,0.000000,15,20,27,34,64,110,190,680,8200,8700,8800,61893,13,15,96.86455448315887,3.2871540170162916,8849.846384022385,1485.8734913479716
1785160863,200,,Aggregated,62.100000,0.000000,15,20,27,34,64,110,190,690,8200,8700,8800,61951,13,15,96.85386163483521,3.2871540170162916,8849.846384022385,1486.4182983325531
1785160864,200,,Aggregated,58.100000,0.000000,15,20,27,34,64,110,190,680,8200,8700,8800,62020,13,15,96.77569967756074,3.2871540170162916,8849.846384022385,1486.1750886810705
1785160865,200,,Aggregated,57.800000,0.000000,15,20,27,34,64,110,190,680,8200,8700,8800,62105,13,15,96.67293217983365,3.2871540170162916,8849.846384022385,1485.6539248047661
1785160866,200,,Aggregated,58.400000,0.000000,15,20,27,34,64,110,190,680,8200,8700,8800,62176,13,15,96.58880911085826,3.2871540170162916,8849.846384022385,1485.477354606279
1785160867,200,,Aggregated,57.300000,0.000000,15,20,27,34,64,110,190,680,8200,8700,8800,62197,13,15,96.57420363325383,3.2871540170162916,8849.846384022385,1485.3992314741868
1785160868,200,,Aggregated,58.100000,0.000000,15,20,27,34,64,110,190,680,8200,8700,8800,62305,13,15,96.49678980738439,3.2871540170162916,8849.846384022385,1485.7272129042613
1785160869,200,,Aggregated,60.600000,0.000000,15,20,27,34,64,110,190,680,8200,8700,8800,62372,13,15,96.41055003029217,3.2871540170162916,8849.846384022385,1486.1361668697493
1785160870,200,,Aggregated,62.700000,0.000000,15,20,27,34,64,110,190,680,8200,8700,8800,62436,13,15,96.32973280585985,3.2871540170162916,8849.846384022385,1485.7728874367351
1785160872,200,,Aggregated,62.100000,0.000000,15,20,27,34,64,110,190,680,8200,8700,8800,62488,13,15,96.2660382148891,3.2871540170162916,8849.846384022385,1485.7174817564971
1785160873,200,,Aggregated,64.700000,0.000000,15,20,27,34,64,110,190,680,8200,8700,8800,62575,13,15,96.18764877544073,3.2871540170162916,8849.846384022385,1485.805081901718
1785160874,200,,Aggregated,63.800000,0.000000,15,20,27,34,64,110,190,680,8200,8700,8800,62643,13,15,96.11206976465962,3.2871540170162916,8849.846384022385,1486.0309052886994
1785160875,200,,Aggregated,67.400000,0.000000,15,20,27,34,64,110,190,680,8200,8700,8800,62705,13,15,96.0402299515079,3.2871540170162916,8849.846384022385,1485.2876166174947
1785160876,200,,Aggregated,64.100000,0.000000,15,20,27,34,64,110,190,680,8200,8700,8800,62766,13,15,95.96215485737923,3.2871540170162916,8849.846384022385,1485.197543255903
1785160877,200,,Aggregated,65.700000,0.000000,15,20,27,34,64,110,190,680,8200,8700,8800,62806,13,15,95.95324184035974,3.2871540170162916,8849.846384022385,1485.0701047670605
1785160878,200,,Aggregated,63.500000,0.000000,15,20,27,34,65,110,190,680,8200,8700,8800,62900,13,15,95.90733655546651,3.2871540170162916,8849.846384022385,1484.9544833068362
1785160879,200,,Aggregated,59.400000,0.000000,15,20,27,34,64,110,190,680,8200,8700,8800,62963,13,15,95.82913972637971,3.2871540170162916,8849.846384022385,1484.9010212346934
1785160880,200,,Aggregated,65.100000,0.000000,15,20,27,34,64,110,190,680,8200,8700,8800,63021,13,15,95.75414874847435,3.2871540170162916,8849.846384022385,1484.749813554212
1785160881,200,,Aggregated,63.400000,0.000000,15,20,27,34,64,110,190,680,8200,8700,8800,63073,13,15,95.68775755491568,3.2871540170162916,8849.846384022385,1484.8302918840075
1785160882,200,,Aggregated,61.400000,0.000000,15,20,27,34,65,110,200,680,8200,8700,8800,63173,13,15,95.67808144124561,3.2871540170162916,8849.846384022385,1485.3788327291722
1785160883,200,,Aggregated,60.200000,0.000000,15,20,27,34,65,110,200,680,8200,8700,8800,63210,13,15,95.88587616671663,3.2871540170162916,8849.846384022385,1485.592975794969
1785160884,200,,Aggregated,60.700000,0.000000,15,20,27,34,65,110,200,680,8200,8700,8800,63256,13,15,96.08302597992834,3.2871540170162916,8849.846384022385,1485.164727456684
1785160885,200,,Aggregated,60.600000,0.000000,15,20,27,34,65,110,200,680,8200,8700,8800,63322,13,15,96.89328095807201,3.2871540170162916,8849.846384022385,1485.3352073528947
1785160887,200,,Aggregated,59.700000,0.000000,15,20,27,34,65,110,200,680,8200,8700,8800,63362,13,15,96.96947896386575,3.2871540170162916,8849.846384022385,1485.72628704902
1785160888,200,,Aggregated,56.700000,0.000000,15,20,27,34,65,110,200,690,8200,8700,8800,63452,13,15,97.42492054055886,3.2871540170162916,8849.846384022385,1485.8754018785853
1785160889,200,,Aggregated,58.200000,0.000000,15,20,27,34,65,110,200,690,8200,8700,8800,63512,13,15,97.48828246049959,3.2871540170162916,8849.846384022385,1486.0074001763446
1785160890,200,,Aggregated,53.800000,0.000000,15,20,27,34,65,110,200,690,8200,8700,8800,63569,13,15,97.79625140917123,3.2871540170162916,8849.846384022385,1486.2311346725605
1785160891,200,,Aggregated,53.600000,0.000000,15,20,27,34,65,110,200,690,8200,8700,8800,63639,13,15,97.84063659286187,3.2871540170162916,8849.846384022385,1486.4615094517512
1785160892,200,,Aggregated,55.100000,0.000000,15,20,28,34,65,110,200,690,8200,8700,8800,63696,13,15,98.18349499199127,3.2871540170162916,8849.846384022385,1486.2998932429039
1785160893,200,,Aggregated,54.900000,0.000000,15,20,28,34,65,110,200,700,8200,8700,8800,63740,13,15,98.50757122376585,3.2871540170162916,8849.846384022385,1485.9527612174459
1785160894,200,,Aggregated,55.500000,0.000000,15,20,27,34,65,110,200,690,8200,8700,8800,63808,13,15,98.42096070296738,3.2871540170162916,8849.846384022385,1485.387678660983
1785160895,200,,Aggregated,54.600000,0.000000,15,20,27,34,65,110,200,690,8200,8700,8800,63860,13,15,98.35984504437776,3.2871540170162916,8849.846384022385,1484.9260726589414
1785160896,200,,Aggregated,55.400000,0.000000,15,20,27,34,65,110,200,690,8200,8700,8800,63931,13,15,98.27159937642816,3.2871540170162916,8849.846384022385,1484.9893948162862
1785160897,200,,Aggregated,56.600000,0.000000,15,20,27,34,65,110,200,690,8200,8700,8800,63968,13,15,98.2505434098723,3.2871540170162916,8849.846384022385,1485.586621435718
1785160898,200,,Aggregated,56.700000,0.000000,15,20,27,34,65,110,200,690,8200,8700,8800,64041,13,15,98.16105538668238,3.2871540170162916,8849.846384022385,1485.7701472494184
1785160899,200,,Aggregated,57.700000,0.000000,15,20,27,34,65,110,200,690,8200,8700,8800,64097,13,15,98.089513954986,3.2871540170162916,8849.846384022385,1485.4332028020033
1785160900,200,,Aggregated,57.400000,0.000000,15,20,27,34,65,110,200,690,8200,8700,8800,64166,13,15,97.99940799816615,3.2871540170162916,8849.846384022385,1485.5075273509335
1785160901,200,,Aggregated,57.500000,0.000000,15,20,27,34,65,110,200,690,8200,8700,8800,64222,13,15,97.92543405362471,3.2871540170162916,8849.846384022385,1485.523076204416
1785160902,200,,Aggregated,58.200000,0.000000,15,20,27,34,65,110,200,690,8200,8700,8800,64290,13,15,97.91386445319976,3.2871540170162916,8849.846384022385,1485.2798413439104
1785160903,200,,Aggregated,58.200000,0.000000,15,20,27,34,65,110,200,690,8200,8700,8800,64359,13,15,97.83674470134308,3.2871540170162916,8849.846384022385,1484.6030702776613
1785160904,200,,Aggregated,58.200000,0.000000,15,20,27,34,65,110,200,690,8200,8700,8800,64418,13,15,97.7626704577191,3.2871540170162916,8849.846384022385,1485.0059610667827
1785160905,200,,Aggregated,59.300000,0.000000,15,20,27,34,65,110,200,690,8200,8700,8800,64501,13,15,97.6655664841623,3.2871540170162916,8849.846384022385,1484.697058960326
1785160906,200,,Aggregated,59.600000,0.000000,15,20,27,34,65,110,200,690,8200,8700,8800,64529,13,15,97.65570357369927,3.2871540170162916,8849.846384022385,1484.7758372204746
1785160907,200,,Aggregated,62.400000,0.000000,15,20,28,34,65,110,200,690,8200,8700,8800,64643,13,15,97.6177928995233,3.2871540170162916,8849.846384022385,1484.1770648020668
1785160908,200,,Aggregated,63.300000,0.000000,15,20,28,34,65,110,200,690,8200,8700,8800,64705,13,15,97.54634902408591,3.2871540170162916,8849.846384022385,1484.1226798547252
1785160909,200,,Aggregated,65.700000,0.000000,15,20,28,34,65,110,200,690,8200,8700,8800,64766,13,15,97.59544813612565,3.2871540170162916,8849.846384022385,1484.511178704876
1785160911,200,,Aggregated,65.400000,0.000000,15,20,28,34,65,110,200,690,8200,8700,8800,64819,13,15,97.52894841204966,3.2871540170162916,8849.846384022385,1484.3021799163826
1785160912,200,,Aggregated,64.800000,0.000000,15,20,28,34,65,110,200,690,8200,8700,8800,64912,13,15,97.57708541454,3.2871540170162916,8849.846384022385,1484.7342402021197
1785160913,200,,Aggregated,62.600000,0.000000,15,20,28,34,65,110,200,690,8200,8700,8800,64957,13,15,97.52213527814268,3.2871540170162916,8849.846384022385,1485.1162461320566
1785160914,200,,Aggregated,65.100000,0.000000,15,20,28,34,65,110,200,690,8200,8700,8800,65024,13,15,97.5668047915531,3.2871540170162916,8849.846384022385,1484.6159725639764
1785160915,200,,Aggregated,61.500000,0.000000,15,20,28,34,65,110,200,690,8200,8700,8800,65081,13,15,97.74663446401361,3.2871540170162916,8849.846384022385,1484.5138519690847
1785160916,200,,Aggregated,63.200000,0.000000,15,20,27,34,65,110,200,690,8200,8700,8800,65110,13,15,97.71071311242399,3.2871540170162916,8849.846384022385,1484.3960374750422
1785160917,200,,Aggregated,58.700000,0.000000,15,20,28,34,65,110,200,690,8200,8700,8800,65182,13,15,97.80134127729305,3.2871540170162916,8849.846384022385,1484.386947316744
1785160918,200,,Aggregated,58.300000,0.000000,15,20,28,34,65,110,200,690,8200,8700,8800,65232,13,15,97.98481787714124,3.2871540170162916,8849.846384022385,1484.9415470934512
1785160919,200,,Aggregated,56.500000,0.000000,15,20,28,34,65,110,200,690,8200,8700,8800,65273,13,15,98.05822911100257,3.2871540170162916,8849.846384022385,1485.71086053958
1785160920,200,,Aggregated,54.000000,0.000000,15,20,28,34,65,110,200,690,8200,8700,8800,65341,13,15,98.09847275760178,3.2871540170162916,8849.846384022385,1485.4070338684746
1785160922,200,,Aggregated,52.600000,0.000000,15,20,28,34,65,110,200,700,8200,8700,8800,65395,13,15,98.27570913483638,3.2871540170162916,8849.846384022385,1484.8755562351862
1785160923,200,,Aggregated,54.200000,0.000000,15,20,28,34,65,110,200,700,8200,8700,8800,65494,13,15,98.68974857042382,3.2871540170162916,8849.846384022385,1484.8335114666993
1785160924,200,,Aggregated,51.200000,0.000000,15,20,28,34,65,110,200,700,8200,8700,8800,65579,13,15,98.59488810409447,3.2871540170162916,8849.846384022385,1483.928239222922
1785160925,200,,Aggregated,54.800000,0.000000,15,20,28,34,65,110,200,700,8200,8700,8800,65642,13,15,98.52948386739642,3.2871540170162916,8849.846384022385,1483.5368057036653
1785160926,200,,Aggregated,54.400000,0.000000,15,20,28,34,65,110,200,700,8200,8700,8800,65684,13,15,98.4779484579349,3.2871540170162916,8849.846384022385,1484.2217282747702
1785160927,200,,Aggregated,58.100000,0.000000,15,20,28,34,65,110,200,700,8200,8700,8800,65768,13,15,98.40049473237295,3.2871540170162916,8849.846384022385,1483.580495073592
1785160928,200,,Aggregated,56.800000,0.000000,15,20,28,34,65,110,200,700,8200,8700,8800,65816,13,15,98.34110393535988,3.2871540170162916,8849.846384022385,1483.3246019205058
1785160929,200,,Aggregated,56.500000,0.000000,15,20,28,34,65,110,200,700,8200,8700,8800,65878,13,15,98.2718298893504,3.2871540170162916,8849.846384022385,1483.280047967455
1785160930,200,,Aggregated,57.700000,0.000000,15,20,28,34,65,110,200,690,8200,8700,8800,65916,13,15,98.2232705848359,3.2871540170162916,8849.846384022385,1483.4147248012623
1785160932,200,,Aggregated,57.900000,0.000000,15,20,28,34,65,110,200,690,8200,8700,8800,65973,13,15,98.15321354319462,3.2871540170162916,8849.846384022385,1483.8807087748019
1785160933,200,,Aggregated,55.800000,0.000000,15,20,28,34,65,110,200,690,8200,8700,8800,66083,13,15,98.05651857970926,3.2871540170162916,8849.846384022385,1483.777945916499
1785160934,200,,Aggregated,57.800000,0.000000,15,20,28,34,65,110,200,690,8200,8700,8800,66147,13,15,97.9816931638578,3.2871540170162916,8849.846384022385,1484.0890743344369
1785160935,200,,Aggregated,57.300000,0.000000,15,20,28,34,65,110,200,690,8200,8700,8800,66211,13,15,97.90046943737991,3.2871540170162916,8849.846384022385,1483.9114044494117
1785160936,200,,Aggregated,56.100000,0.000000,15,20,28,34,65,110,200,690,8200,8700,8800,66257,13,15,97.84124719271665,3.2871540170162916,8849.846384022385,1483.4638151440602
1785160937,200,,Aggregated,55.400000,0.000000,15,20,28,34,65,110,200,690,8200,8700,8800,66310,13,15,97.80579496740994,3.2871540170162916,8849.846384022385,1483.21135575328
1785160938,200,,Aggregated,55.800000,0.000000,15,20,28,34,65,110,200,690,8200,8700,8800,66365,13,15,97.73603470904524,3.2871540170162916,8849.846384022385,1482.9818579070293
1785160939,200,,Aggregated,53.800000,0.000000,15,20,28,34,65,110,200,690,8200,8700,8800,66444,13,15,97.63916582175038,3.2871540170162916,8849.846384022385,1482.8678134970803
1785160940,199,,Aggregated,57.700000,0.000000,15,20,27,34,65,110,200,690,8200,8700,8800,66505,13,15,97.56634359444875,3.2871540170162916,8849.846384022385,1482.9698970002255
1785160942,198,,Aggregated,58.300000,0.000000,15,20,27,34,65,110,200,690,8200,8700,8800,66554,13,15,97.50570513485808,3.2871540170162916,8849.846384022385,1482.9623613907504
1785160943,197,,Aggregated,61.200000,0.000000,15,20,28,34,65,110,200,690,8200,8700,8800,66647,13,15,97.58952143599278,3.2871540170162916,8849.846384022385,1482.7038276291505
1785160944,197,,Aggregated,58.100000,0.000000,15,20,28,34,65,110,200,690,8200,8700,8800,66708,13,15,97.51572893072411,3.2871540170162916,8849.846384022385,1482.458535707861
1785160945,196,,Aggregated,58.600000,0.000000,15,20,28,34,65,110,200,690,8200,8700,8800,66761,13,15,97.45084733224424,3.2871540170162916,8849.846384022385,1482.3502643759082
1785160946,196,,Aggregated,58.700000,0.000000,15,20,27,34,65,110,200,690,8200,8700,8800,66814,13,15,97.3856987286547,3.2871540170162916,8849.846384022385,1482.2928428173736
1785160947,195,,Aggregated,58.700000,0.000000,15,20,27,34,65,110,200,690,8200,8700,8800,66843,13,15,97.3498267319113,3.2871540170162916,8849.846384022385,1482.6245081758748
1785160948,194,,Aggregated,57.100000,0.000000,15,20,28,34,65,110,200,690,8200,8700,8800,66942,13,15,97.30121861469821,3.2871540170162916,8849.846384022385,1482.3794628185594
1785160949,194,,Aggregated,57.900000,0.000000,15,20,28,34,65,110,200,690,8200,8700,8800,67007,13,15,97.22255424027405,3.2871540170162916,8849.846384022385,1482.6684077782918
1785160950,193,,Aggregated,57.500000,0.000000,15,20,28,34,65,110,200,690,8200,8700,8800,67064,13,15,97.1591114354073,3.2871540170162916,8849.846384022385,1482.5259155433616
1785160951,193,,Aggregated,57.500000,0.000000,15,20,27,34,65,110,200,690,8200,8700,8800,67130,13,15,97.08188711107859,3.2871540170162916,8849.846384022385,1482.3820348577387
1785160952,192,,Aggregated,57.200000,0.000000,15,20,28,34,65,110,200,690,8200,8700,8800,67185,13,15,97.04967105911643,3.2871540170162916,8849.846384022385,1482.3397633400314
1785160953,191,,Aggregated,58.300000,0.000000,15,20,28,34,65,110,200,690,8200,8700,8800,67252,13,15,96.97410694669769,3.2871540170162916,8849.846384022385,1482.6483227264616
1785160954,191,,Aggregated,58.200000,0.000000,15,20,28,34,65,110,200,690,8200,8700,8800,67315,13,15,96.90019325642709,3.2871540170162916,8849.846384022385,1482.385619846988
1785160955,190,,Aggregated,59.500000,0.000000,15,20,28,34,65,110,200,690,8200,8700,8800,67358,13,15,96.84703821329248,3.2871540170162916,8849.846384022385,1482.8762582024408
1785160956,190,,Aggregated,57.700000,0.000000,15,20,27,34,65,110,200,690,8200,8700,8800,67417,13,15,96.77775424146658,3.2871540170162916,8849.846384022385,1482.749113725025
1785160957,189,,Aggregated,58.200000,0.000000,15,20,28,34,65,110,200,690,8200,8700,8800,67455,13,15,96.7555333640694,3.2871540170162916,8849.846384022385,1482.630405455489
1785160958,188,,Aggregated,58.800000,0.000000,15,20,28,34,65,110,200,680,8200,8700,8800,67527,13,15,96.68977788108252,3.2871540170162916,8849.846384022385,1482.7983029010618
1785160959,188,,Aggregated,58.200000,0.000000,15,20,28,34,65,110,200,680,8200,8700,8800,67594,13,15,96.62301434221838,3.2871540170162916,8849.846384022385,1482.0716039885197
1785160960,187,,Aggregated,55.900000,0.000000,15,20,28,34,65,110,200,680,8200,8700,8800,67650,13,15,96.55773981142904,3.2871540170162916,8849.846384022385,1481.9432372505544
1785160961,187,,Aggregated,57.400000,0.000000,15,20,28,34,65,110,200,680,8200,8700,8800,67713,13,15,96.49177345274919,3.2871540170162916,8849.846384022385,1481.788179522396
1785160962,186,,Aggregated,56.600000,0.000000,15,20,28,34,65,110,200,690,8200,8700,8800,67730,13,15,96.86108241333832,3.2871540170162916,8849.846384022385,1481.601151631478
1785160963,185,,Aggregated,56.000000,0.000000,15,20,28,34,65,110,200,690,8200,8700,8800,67829,13,15,96.92018808383496,3.2871540170162916,8849.846384022385,1481.0208612835218
1785160964,185,,Aggregated,58.900000,0.000000,15,20,28,34,65,110,200,690,8200,8700,8800,67873,13,15,97.1042955130869,3.2871540170162916,8849.846384022385,1481.3976691762557
1785160965,184,,Aggregated,55.800000,0.000000,15,20,28,34,65,110,200,690,8200,8700,8800,67932,13,15,97.39011300730385,3.2871540170162916,8849.846384022385,1481.3502914679386
1785160966,184,,Aggregated,56.800000,0.000000,15,20,28,34,65,110,200,690,8200,8700,8800,67970,13,15,97.46273704136166,3.2871540170162916,8849.846384022385,1481.009445343534
1785160968,183,,Aggregated,55.700000,0.000000,15,20,28,34,65,110,200,690,8200,8700,8800,68014,13,15,97.40897095156821,3.2871540170162916,8849.846384022385,1480.6300173493692
1785160969,182,,Aggregated,56.200000,0.000000,15,20,28,34,65,110,200,700,8200,8700,8800,68111,13,15,98.17699617831079,3.2871540170162916,8849.846384022385,1480.492710428565
1785160970,182,,Aggregated,52.900000,0.000000,15,20,28,34,65,110,200,700,8200,8700,8800,68178,13,15,98.21913475777994,3.2871540170162916,8849.846384022385,1480.4265745548416
1785160971,181,,Aggregated,54.100000,0.000000,15,20,28,34,65,110,200,700,8200,8700,8800,68255,13,15,98.48746237130544,3.2871540170162916,8849.846384022385,1480.290542817376
1785160972,180,,Aggregated,54.100000,0.000000,15,20,28,34,65,110,200,700,8200,8700,8800,68310,13,15,98.77855044523004,3.2871540170162916,8849.846384022385,1479.7991070121504
1785160973,180,,Aggregated,56.800000,0.000000,15,20,28,34,65,110,200,700,8200,8700,8800,68425,13,15,98.81732031341286,3.2871540170162916,8849.846384022385,1479.4573182316406
1785160974,179,,Aggregated,58.500000,0.000000,15,20,28,34,65,110,200,700,8200,8700,8800,68478,13,15,98.75229899072524,3.2871540170162916,8849.846384022385,1479.6323928853062
1785160975,178,,Aggregated,58.400000,0.000000,15,20,28,34,65,110,200,700,8200,8700,8800,68536,13,15,98.68082154331894,3.2871540170162916,8849.846384022385,1479.6215565542198
1785160976,178,,Aggregated,58.800000,0.000000,15,20,28,34,65,110,200,700,8200,8700,8800,68580,13,15,98.6276326514183,3.2871540170162916,8849.846384022385,1479.7812481773112
1785160977,177,,Aggregated,59.100000,0.000000,15,20,28,34,65,110,200,700,8200,8700,8800,68602,13,15,98.6095925462978,3.2871540170162916,8849.846384022385,1479.776493396694
1785160978,177,,Aggregated,60.900000,0.000000,15,20,28,34,65,110,200,700,8200,8700,8800,68701,13,15,98.5291666411299,3.2871540170162916,8849.846384022385,1480.0987321873044
1785160979,176,,Aggregated,60.600000,0.000000,15,20,28,34,65,110,200,700,8200,8700,8800,68741,13,15,98.4806839929126,3.2871540170162916,8849.846384022385,1480.2782036921196
1785160980,175,,Aggregated,63.300000,0.000000,15,20,28,34,65,110,200,700,8200,8700,8800,68792,13,15,98.42119050443208,3.2871540170162916,8849.846384022385,1480.7044714501685
1785160981,175,,Aggregated,61.000000,0.000000,15,20,28,34,65,110,200,700,8200,8700,8800,68839,13,15,98.36454470713142,3.2871540170162916,8849.846384022385,1480.5827220035155
1785160983,174,,Aggregated,57.600000,0.000000,15,20,28,34,65,110,200,700,8200,8700,8800,68890,13,15,98.30466851222387,3.2871540170162916,8849.846384022385,1480.4934968790826
1785160984,173,,Aggregated,53.300000,0.000000,15,20,28,34,65,110,200,700,8200,8700,8800,68976,13,15,98.24287759672684,3.2871540170162916,8849.846384022385,1480.4563181396427
1785160985,173,,Aggregated,51.300000,0.000000,15,20,28,34,65,110,200,700,8200,8700,8800,69039,13,15,98.16824406890062,3.2871540170162916,8849.846384022385,1480.5877692318834
1785160986,172,,Aggregated,52.100000,0.000000,15,20,28,34,65,110,200,700,8200,8700,8800,69090,13,15,98.10937307692794,3.2871540170162916,8849.846384022385,1480.8885366912723
1785160987,172,,Aggregated,53.700000,0.000000,15,20,28,34,65,110,200,700,8200,8700,8800,69132,13,15,98.05808612508882,3.2871540170162916,8849.846384022385,1481.075290748134
1785160988,171,,Aggregated,51.900000,0.000000,15,20,28,34,65,110,200,700,8200,8700,8800,69172,13,15,98.0103471931891,3.2871540170162916,8849.846384022385,1481.3100387440004
1785160989,170,,Aggregated,52.900000,0.000000,15,20,28,34,65,110,200,700,8200,8700,8800,69247,13,15,97.9373605030224,3.2871540170162916,8849.846384022385,1480.7849870752523
1785160990,170,,Aggregated,50.500000,0.000000,15,20,28,34,65,110,200,690,8200,8700,8800,69303,13,15,97.87077634757294,3.2871540170162916,8849.846384022385,1480.9415609713865
1785160991,169,,Aggregated,49.200000,0.000000,15,20,28,34,65,110,200,700,8200,8700,8800,69359,13,15,98.26996325917621,3.2871540170162916,8849.846384022385,1480.5528770599346
1785160992,168,,Aggregated,50.300000,0.000000,15,20,28,34,65,110,200,700,8200,8700,8800,69423,13,15,98.31008164355664,3.2871540170162916,8849.846384022385,1480.5404548924707
1785160994,168,,Aggregated,50.600000,0.000000,15,20,28,34,65,110,200,700,8200,8700,8800,69449,13,15,98.50985537023689,3.2871540170162916,8849.846384022385,1480.858486083313
1785160995,167,,Aggregated,53.500000,0.000000,15,20,28,34,65,110,200,700,8200,8700,8800,69526,13,15,98.44703694164511,3.2871540170162916,8849.846384022385,1481.1424359232517
1785160996,166,,Aggregated,49.600000,0.000000,15,20,28,34,65,110,200,700,8200,8700,8800,69583,13,15,98.49380619880534,3.2871540170162916,8849.846384022385,1480.8803299656524
1785160997,166,,Aggregated,48.800000,0.000000,15,20,28,34,65,110,200,700,8200,8700,8800,69624,13,15,98.44413381624754,3.2871540170162916,8849.846384022385,1480.808485579685
1785160998,165,,Aggregated,49.500000,0.000000,15,20,28,34,65,110,200,700,8200,8700,8800,69687,13,15,98.49562677510818,3.2871540170162916,8849.846384022385,1480.7949689325126
1785160999,164,,Aggregated,48.600000,0.000000,15,20,28,34,65,110,200,700,8200,8700,8800,69716,13,15,98.57901602609188,3.2871540170162916,8849.846384022385,1480.794279648861
1785161000,164,,Aggregated,49.400000,0.000000,15,20,28,34,65,110,200,700,8200,8700,8800,69811,13,15,98.49626497598248,3.2871540170162916,8849.846384022385,1480.7442380140665
1785161001,163,,Aggregated,50.900000,0.000000,15,20,28,34,65,110,200,700,8200,8700,8800,69842,13,15,98.4592655235938,3.2871540170162916,8849.846384022385,1480.7255233240744
1785161002,163,,Aggregated,51.700000,0.000000,15,20,28,34,65,110,200,700,8200,8700,8800,69880,13,15,98.41665719014658,3.2871540170162916,8849.846384022385,1480.869118488838
1785161003,162,,Aggregated,51.000000,0.000000,15,20,28,34,65,110,200,700,8200,8700,8800,69925,13,15,98.3642180213351,3.2871540170162916,8849.846384022385,1480.6529710404004
1785161005,161,,Aggregated,48.100000,0.000000,15,20,28,34,65,110,200,700,8200,8700,8800,69965,13,15,98.31566782090191,3.2871540170162916,8849.846384022385,1480.8527835346245
1785161006,161,,Aggregated,48.000000,0.000000,15,20,28,34,65,110,200,700,8200,8700,8800,70044,13,15,98.2520225891624,3.2871540170162916,8849.846384022385,1480.6318742504711
1785161007,160,,Aggregated,45.400000,0.000000,15,20,28,34,65,110,200,700,8200,8700,8800,70084,13,15,98.20461879453671,3.2871540170162916,8849.846384022385,1480.8701843502083
1785161008,159,,Aggregated,45.900000,0.000000,15,20,28,34,65,110,200,700,8200,8700,8800,70126,13,15,98.15571350604155,3.2871540170162916,8849.846384022385,1480.6587856144654
1785161009,159,,Aggregated,47.200000,0.000000,15,20,28,34,65,110,200,700,8200,8700,8800,70193,13,15,98.07871636751374,3.2871540170162916,8849.846384022385,1480.3825310216118
1785161010,158,,Aggregated,46.200000,0.000000,15,20,28,34,65,110,200,700,8200,8700,8800,70247,13,15,98.01379336761812,3.2871540170162916,8849.846384022385,1480.3659230999187
1785161011,157,,Aggregated,47.300000,0.000000,15,20,28,34,65,110,200,690,8200,8700,8800,70317,13,15,97.94599351715648,3.2871540170162916,8849.846384022385,1480.6256381813787
1785161012,157,,Aggregated,46.700000,0.000000,15,20,28,34,65,110,200,690,8200,8700,8800,70366,13,15,97.88829862047855,3.2871540170162916,8849.846384022385,1480.7150896739902
1785161013,156,,Aggregated,46.200000,0.000000,15,20,28,34,65,110,200,690,8200,8700,8800,70417,13,15,97.83002271661796,3.2871540170162916,8849.846384022385,1480.3996762145505
1785161014,156,,Aggregated,47.500000,0.000000,15,20,28,34,65,110,200,690,8200,8700,8800,70447,13,15,97.79471580488836,3.2871540170162916,8849.846384022385,1481.1124249435745
1785161016,155,,Aggregated,49.200000,0.000000,15,20,27,34,65,110,200,690,8200,8700,8800,70485,13,15,97.74989951226875,3.2871540170162916,8849.846384022385,1481.21516634745
1785161017,154,,Aggregated,48.600000,0.000000,15,20,28,34,65,110,200,690,8200,8700,8800,70568,13,15,97.71472187240515,3.2871540170162916,8849.846384022385,1480.9348713297811
1785161018,154,,Aggregated,45.900000,0.000000,15,20,28,34,65,110,200,690,8200,8700,8800,70604,13,15,97.67195194259725,3.2871540170162916,8849.846384022385,1481.0808452778879
1785161019,153,,Aggregated,48.200000,0.000000,15,20,28,34,65,110,200,690,8200,8700,8800,70641,13,15,97.62855908668632,3.2871540170162916,8849.846384022385,1481.2405543522884
1785161020,152,,Aggregated,48.800000,0.000000,15,20,27,34,65,110,200,690,8200,8700,8800,70705,13,15,97.55537948615206,3.2871540170162916,8849.846384022385,1480.801923484902
1785161021,152,,Aggregated,44.300000,0.000000,15,20,27,34,65,110,200,690,8200,8700,8800,70748,13,15,97.50423171424819,3.2871540170162916,8849.846384022385,1480.4356024198564
1785161022,151,,Aggregated,44.000000,0.000000,15,20,28,34,65,110,200,690,8200,8700,8800,70838,13,15,97.42942045516463,3.2871540170162916,8849.846384022385,1480.324952708998
1785161023,150,,Aggregated,46.200000,0.000000,15,20,28,34,65,110,200,690,8200,8700,8800,70881,13,15,97.37948870949326,3.2871540170162916,8849.846384022385,1480.0306146922305
1785161024,150,,Aggregated,44.900000,0.000000,15,20,27,34,65,110,200,690,8200,8700,8800,70925,13,15,97.33147236766739,3.2871540170162916,8849.846384022385,1480.2297215368346
1785161025,149,,Aggregated,46.400000,0.000000,15,20,27,34,65,110,200,690,8200,8700,8800,70968,13,15,97.28260131052444,3.2871540170162916,8849.846384022385,1480.596156013978
1785161027,149,,Aggregated,47.600000,0.000000,15,20,27,34,65,110,200,690,8200,8700,8800,70997,13,15,97.2492234569375,3.2871540170162916,8849.846384022385,1480.654140315788
1785161028,148,,Aggregated,48.400000,0.000000,15,20,28,34,65,110,200,690,8200,8700,8800,71103,13,15,97.16768882998329,3.2871540170162916,8849.846384022385,1480.4455226924322
1785161029,147,,Aggregated,43.500000,0.000000,15,20,28,34,65,110,200,690,8200,8700,8800,71139,13,15,97.12625949971275,3.2871540170162916,8849.846384022385,1480.7075162709625
1785161030,146,,Aggregated,48.100000,0.000000,15,20,28,34,65,110,200,690,8200,8700,8800,71184,13,15,97.07309124548375,3.2871540170162916,8849.846384022385,1481.414938750281
1785161031,146,,Aggregated,49.700000,0.000000,15,20,28,34,65,110,200,690,8200,8700,8800,71222,13,15,97.02927527803165,3.2871540170162916,8849.846384022385,1481.6855606413749
1785161032,145,,Aggregated,48.400000,0.000000,15,20,27,34,65,110,200,690,8200,8700,8800,71257,13,15,96.98895155908986,3.2871540170162916,8849.846384022385,1481.6047967217255
1785161033,144,,Aggregated,46.200000,0.000000,15,20,28,34,65,110,200,690,8200,8700,8800,71316,13,15,96.94349186110382,3.2871540170162916,8849.846384022385,1481.8064529698806
1785161034,144,,Aggregated,45.800000,0.000000,15,20,27,34,65,110,200,690,8200,8700,8800,71363,13,15,96.8900806428131,3.2871540170162916,8849.846384022385,1481.9384835278786
1785161036,143,,Aggregated,41.700000,0.000000,15,20,27,34,65,110,200,680,8200,8700,8800,71437,13,15,96.80679019448951,3.2871540170162916,8849.846384022385,1481.19433906799
1785161037,143,,Aggregated,42.400000,0.000000,15,20,27,34,65,110,200,680,8200,8700,8800,71483,13,15,96.75595045134331,3.2871540170162916,8849.846384022385,1481.5969811004015
1785161038,142,,Aggregated,43.500000,0.000000,15,20,27,34,65,110,200,680,8200,8700,8800,71519,13,15,96.71481191879343,3.2871540170162916,8849.846384022385,1481.2902864972943
1785161039,141,,Aggregated,48.600000,0.000000,15,20,27,34,65,110,200,680,8200,8700,8800,71579,13,15,96.65098723991467,3.2871540170162916,8849.846384022385,1480.915478003325
1785161040,141,,Aggregated,44.200000,0.000000,15,20,27,34,64,110,200,680,8200,8700,8800,71626,13,15,96.60012846911569,3.2871540170162916,8849.846384022385,1481.0544495015777
1785161041,140,,Aggregated,44.200000,0.000000,15,20,27,34,64,110,200,680,8200,8700,8800,71666,13,15,96.66652630589664,3.2871540170162916,8849.846384022385,1481.14566182011
1785161042,139,,Aggregated,43.600000,0.000000,15,20,27,34,64,110,200,690,8200,8700,8800,71690,13,15,96.86248754020932,3.2871540170162916,8849.846384022385,1481.2796066396986
1785161044,139,,Aggregated,44.300000,0.000000,15,20,27,34,64,110,200,690,8200,8700,8800,71749,13,15,96.90809229222724,3.2871540170162916,8849.846384022385,1480.9820206553402
1785161045,138,,Aggregated,44.400000,0.000000,15,20,27,34,64,110,200,690,8200,8700,8800,71818,13,15,97.31207534127427,3.2871540170162916,8849.846384022385,1480.333495781002
1785161046,137,,Aggregated,43.200000,0.000000,15,20,27,34,64,110,200,690,8200,8700,8800,71871,13,15,97.36307277688404,3.2871540170162916,8849.846384022385,1479.94701618177
1785161047,137,,Aggregated,45.500000,0.000000,15,20,27,34,64,110,200,690,8200,8700,8800,71931,13,15,97.518032665043,3.2871540170162916,8849.846384022385,1479.3789603925984
1785161048,136,,Aggregated,43.200000,0.000000,15,20,27,34,64,110,200,690,8200,8700,8800,71975,13,15,98.02540488099565,3.2871540170162916,8849.846384022385,1479.7655296978116
1785161049,136,,Aggregated,43.200000,0.000000,15,20,27,34,64,110,200,700,8200,8700,8800,71991,13,15,98.230169340157,3.2871540170162916,8849.846384022385,1480.0242113597533
1785161050,135,,Aggregated,44.900000,0.000000,15,20,27,34,64,110,200,700,8200,8700,8800,72048,13,15,98.39139303130307,3.2871540170162916,8849.846384022385,1480.051340772818
1785161051,134,,Aggregated,42.600000,0.000000,15,20,27,34,64,110,200,700,8200,8700,8800,72088,13,15,98.56791595782951,3.2871540170162916,8849.846384022385,1480.0508128953502
1785161052,134,,Aggregated,43.400000,0.000000,15,20,27,34,64,110,200,700,8200,8700,8800,72134,13,15,98.62546619060595,3.2871540170162916,8849.846384022385,1479.8807081265422
1785161053,133,,Aggregated,42.200000,0.000000,15,20,27,34,64,110,200,700,8200,8700,8800,72176,13,15,98.57714023079959,3.2871540170162916,8849.846384022385,1479.8643454888052
1785161054,132,,Aggregated,43.000000,0.000000,15,20,27,34,64,110,200,700,8200,8700,8800,72218,13,15,98.52942941183319,3.2871540170162916,8849.846384022385,1479.8966739594007
1785161055,132,,Aggregated,44.000000,0.000000,15,20,27,34,64,110,200,700,8200,8700,8800,72258,13,15,98.48494293763227,3.2871540170162916,8849.846384022385,1480.4140994768745
1785161056,131,,Aggregated,45.100000,0.000000,15,20,27,34,64,110,200,700,8200,8700,8800,72277,13,15,98.46434973649698,3.2871540170162916,8849.846384022385,1480.1138813177083
1785161057,131,,Aggregated,41.200000,0.000000,15,20,27,34,64,110,200,700,8200,8700,8800,72321,13,15,98.41622569081878,3.2871540170162916,8849.846384022385,1480.5096168471123
1785161058,130,,Aggregated,39.100000,0.000000,15,20,27,34,64,110,200,700,8200,8700,8800,72368,13,15,98.36726531604394,3.2871540170162916,8849.846384022385,1480.3664879504754
1785161060,129,,Aggregated,35.800000,0.000000,15,20,27,34,64,110,200,700,8200,8700,8800,72422,13,15,98.31131636337659,3.2871540170162916,8849.846384022385,1480.3744580376128
1785161061,129,,Aggregated,37.400000,0.000000,15,20,27,34,64,110,200,700,8200,8700,8800,72475,13,15,98.25753943330282,3.2871540170162916,8849.846384022385,1480.1938599517075
1785161062,128,,Aggregated,39.200000,0.000000,15,20,27,34,64,110,200,700,8200,8700,8800,72523,13,15,98.20253495878526,3.2871540170162916,8849.846384022385,1479.9795788922136
1785161063,127,,Aggregated,40.700000,0.000000,15,20,27,34,64,110,200,700,8200,8700,8800,72577,13,15,98.14985708231998,3.2871540170162916,8849.846384022385,1480.0857296388663
1785161064,127,,Aggregated,41.800000,0.000000,15,20,27,34,64,110,200,690,8200,8700,8800,72604,13,15,98.11807961635019,3.2871540170162916,8849.846384022385,1480.5651203790426
1785161065,126,,Aggregated,41.800000,0.000000,15,20,27,34,64,110,200,690,8200,8700,8800,72646,13,15,98.07419600862167,3.2871540170162916,8849.846384022385,1480.1450045425763
1785161066,125,,Aggregated,39.900000,0.000000,15,20,27,34,64,110,200,690,8200,8700,8800,72705,13,15,98.02121820182751,3.2871540170162916,8849.846384022385,1480.7468812323775
1785161067,125,,Aggregated,41.600000,0.000000,15,20,27,34,64,110,200,690,8200,8700,8800,72733,13,15,97.98920246721671,3.2871540170162916,8849.846384022385,1481.0639874609874
1785161068,124,,Aggregated,42.300000,0.000000,15,20,27,34,64,110,200,690,8200,8700,8800,72771,13,15,97.94730736541783,3.2871540170162916,8849.846384022385,1480.8767091286363
1785161069,124,,Aggregated,42.800000,0.000000,15,20,27,34,64,110,200,690,8200,8700,8800,72816,13,15,98.00706813925223,3.2871540170162916,8849.846384022385,1480.5601104152934
1785161070,123,,Aggregated,40.800000,0.000000,15,20,27,34,64,110,200,690,8200,8700,8800,72847,13,15,98.0815319385568,3.2871540170162916,8849.846384022385,1480.3559789696212
1785161071,122,,Aggregated,41.800000,0.000000,15,20,27,34,64,110,200,700,8200,8700,8800,72895,13,15,98.14298291690584,3.2871540170162916,8849.846384022385,1480.18207010083
1785161072,122,,Aggregated,40.500000,0.000000,15,20,27,34,64,110,200,700,8200,8700,8800,72920,13,15,98.22356829827345,3.2871540170162916,8849.846384022385,1480.2250137136589
1785161073,121,,Aggregated,37.800000,0.000000,15,20,27,34,64,110,200,700,8200,8700,8800,72956,13,15,98.4041889204756,3.2871540170162916,8849.846384022385,1480.1637836504194
1785161075,120,,Aggregated,37.300000,0.000000,15,20,27,34,64,110,200,700,8200,8700,8800,72992,13,15,98.36253488318906,3.2871540170162916,8849.846384022385,1480.1378644234985
1785161076,120,,Aggregated,34.400000,0.000000,15,20,27,34,64,110,200,700,8200,8700,8800,73014,13,15,98.6671273411925,3.2871540170162916,8849.846384022385,1480.0893938148847
1785161077,119,,Aggregated,34.600000,0.000000,15,20,27,34,64,110,200,700,8200,8700,8800,73062,13,15,98.85451010338974,3.2871540170162916,8849.846384022385,1480.127480769757
1785161078,118,,Aggregated,33.100000,0.000000,15,20,27,34,64,110,200,700,8200,8700,8800,73073,13,15,98.84191249196859,3.2871540170162916,8849.846384022385,1480.2936789238158
1785161079,118,,Aggregated,34.000000,0.000000,15,20,27,34,64,110,200,700,8200,8700,8800,73122,13,15,98.78977691493,3.2871540170162916,8849.846384022385,1479.8015781844042
1785161080,117,,Aggregated,31.700000,0.000000,15,20,27,34,64,110,200,700,8200,8700,8800,73159,13,15,98.7474692557308,3.2871540170162916,8849.846384022385,1480.04994600801
1785161081,117,,Aggregated,30.500000,0.000000,15,20,27,34,64,110,200,700,8200,8700,8800,73188,13,15,98.71347799387605,3.2871540170162916,8849.846384022385,1479.8186178061978
1785161082,116,,Aggregated,30.600000,0.000000,15,20,27,33,64,110,200,700,8200,8700,8800,73220,13,15,98.67753696621428,3.2871540170162916,8849.846384022385,1479.9508194482382
1785161083,115,,Aggregated,32.300000,0.000000,15,20,27,33,64,100,200,700,8200,8700,8800,73246,13,15,98.64705532729762,3.2871540170162916,8849.846384022385,1480.065628157169
1785161084,115,,Aggregated,31.400000,0.000000,15,20,27,33,64,100,200,700,8200,8700,8800,73296,13,15,98.59424828979226,3.2871540170162916,8849.846384022385,1480.0234255621044
1785161085,114,,Aggregated,31.500000,0.000000,15,20,27,33,64,100,200,700,8200,8700,8800,73339,13,15,98.5488278557008,3.2871540170162916,8849.846384022385,1479.4270988150915
1785161086,114,,Aggregated,30.600000,0.000000,15,20,27,33,64,100,200,700,8200,8700,8800,73387,13,15,98.49552324491148,3.2871540170162916,8849.846384022385,1479.3710738959217
1785161087,113,,Aggregated,31.700000,0.000000,15,20,27,33,64,100,200,700,8200,8700,8800,73425,13,15,98.45382423396008,3.2871540170162916,8849.846384022385,1479.8068641470888
1785161088,112,,Aggregated,34.700000,0.000000,15,20,27,33,64,100,200,700,8200,8700,8800,73464,13,15,98.4107654496923,3.2871540170162916,8849.846384022385,1479.657179026462
1785161089,112,,Aggregated,33.900000,0.000000,15,20,27,33,64,100,200,700,8200,8700,8800,73507,13,15,98.36588079016576,3.2871540170162916,8849.846384022385,1479.4299590515188
1785161091,111,,Aggregated,35.900000,0.000000,15,20,27,33,64,100,200,700,8200,8700,8800,73523,13,15,98.34712674872027,3.2871540170162916,8849.846384022385,1479.9440175183277
1785161092,111,,Aggregated,36.600000,0.000000,15,20,27,33,64,100,190,700,8200,8700,8800,73565,13,15,98.29943649928018,3.2871540170162916,8849.846384022385,1479.8177666009651
1785161093,110,,Aggregated,34.700000,0.000000,15,20,27,33,64,100,190,700,8200,8700,8800,73597,13,15,98.26577895018437,3.2871540170162916,8849.846384022385,1480.3568759596178
1785161094,109,,Aggregated,35.600000,0.000000,15,20,27,33,64,100,190,700,8200,8700,8800,73644,13,15,98.21559321113405,3.2871540170162916,8849.846384022385,1480.0157786106133
1785161095,109,,Aggregated,35.000000,0.000000,15,20,27,33,64,100,190,700,8200,8700,8800,73677,13,15,98.18188403378505,3.2871540170162916,8849.846384022385,1480.0673073007858
1785161096,108,,Aggregated,36.500000,0.000000,15,20,27,33,63,100,190,690,8200,8700,8800,73707,13,15,98.14770524504583,3.2871540170162916,8849.846384022385,1480.2390139335478
1785161097,107,,Aggregated,35.700000,0.000000,15,20,27,33,63,100,190,690,8200,8700,8800,73734,13,15,98.11742933186487,3.2871540170162916,8849.846384022385,1479.99610763013
1785161098,107,,Aggregated,33.100000,0.000000,15,20,27,33,63,100,190,690,8200,8700,8800,73774,13,15,98.0813267924456,3.2871540170162916,8849.846384022385,1479.8371784097378
1785161099,106,,Aggregated,33.000000,0.000000,15,20,27,33,63,100,190,690,8200,8700,8800,73805,13,15,98.04677059811476,3.2871540170162916,8849.846384022385,1479.8905629699884
1785161100,105,,Aggregated,33.000000,0.000000,15,20,27,33,63,100,190,690,8200,8700,8800,73825,13,15,98.03406744536557,3.2871540170162916,8849.846384022385,1479.8155502878428
1785161101,105,,Aggregated,31.600000,0.000000,15,20,27,33,63,100,190,690,8200,8700,8800,73860,13,15,97.99724192602669,3.2871540170162916,8849.846384022385,1479.8967506092608
1785161102,104,,Aggregated,30.400000,0.000000,15,20,27,33,63,100,190,690,8200,8700,8800,73882,13,15,97.97196585276608,3.2871540170162916,8849.846384022385,1480.1527570991582
1785161103,104,,Aggregated,32.000000,0.000000,15,20,27,33,63,100,190,690,8200,8700,8800,73940,13,15,97.92034020408089,3.2871540170162916,8849.846384022385,1479.7623072761698
1785161104,103,,Aggregated,30.000000,0.000000,15,20,27,33,63,100,190,690,8200,8700,8800,73989,13,15,97.86572210886965,3.2871540170162916,8849.846384022385,1479.6788306369865
1785161105,102,,Aggregated,31.300000,0.000000,15,20,27,33,63,100,190,690,8200,8700,8800,74037,13,15,97.8138181695595,3.2871540170162916,8849.846384022385,1479.7939138538839
1785161106,102,,Aggregated,31.600000,0.000000,15,20,27,33,63,100,190,690,8200,8700,8800,74076,13,15,97.77132900453579,3.2871540170162916,8849.846384022385,1479.540080457908
1785161108,101,,Aggregated,33.200000,0.000000,15,20,27,33,63,100,190,690,8200,8700,8800,74089,13,15,97.75654160178077,3.2871540170162916,8849.846384022385,1479.6035173912458
1785161109,100,,Aggregated,35.200000,0.000000,15,20,27,33,63,100,190,690,8200,8700,8800,74131,13,15,97.71679027398982,3.2871540170162916,8849.846384022385,1479.9079737221946
1785161110,100,,Aggregated,33.300000,0.000000,15,20,27,33,63,100,190,690,8200,8700,8800,74156,13,15,97.6904972530594,3.2871540170162916,8849.846384022385,1480.6635606019743
1785161111,99,,Aggregated,34.200000,0.000000,15,20,27,33,63,100,190,690,8200,8700,8800,74201,13,15,97.6411378091072,3.2871540170162916,8849.846384022385,1480.619209983693
1785161112,99,,Aggregated,33.800000,0.000000,15,20,27,33,63,100,190,690,8200,8700,8800,74238,13,15,97.6016342392421,3.2871540170162916,8849.846384022385,1480.486058352865
1785161113,98,,Aggregated,34.600000,0.000000,15,20,27,33,63,100,190,690,8200,8700,8800,74257,13,15,97.58091508639133,3.2871540170162916,8849.846384022385,1480.4119880953983
1785161114,97,,Aggregated,36.900000,0.000000,15,20,27,33,63,100,190,690,8200,8700,8800,74299,13,15,97.5456268116983,3.2871540170162916,8849.846384022385,1480.3194794007995
1785161115,97,,Aggregated,35.700000,0.000000,15,20,27,33,63,100,190,690,8200,8700,8800,74326,13,15,97.51653551986166,3.2871540170162916,8849.846384022385,1480.1909022414768
1785161116,96,,Aggregated,33.600000,0.000000,15,20,27,33,63,100,190,690,8200,8700,8800,74363,13,15,97.47455738095964,3.2871540170162916,8849.846384022385,1479.947164584538
1785161117,96,,Aggregated,31.900000,0.000000,15,19,27,33,63,100,190,690,8200,8700,8800,74383,13,15,97.45159944831015,3.2871540170162916,8849.846384022385,1480.0093435327965
1785161118,95,,Aggregated,30.800000,0.000000,15,19,27,33,63,100,190,690,8200,8700,8800,74407,13,15,97.42456167978042,3.2871540170162916,8849.846384022385,1479.9528270189633
1785161119,94,,Aggregated,29.800000,0.000000,15,19,27,33,63,100,190,690,8200,8700,8800,74451,13,15,97.38347514864651,3.2871540170162916,8849.846384022385,1479.8455359901143
1785161120,94,,Aggregated,30.300000,0.000000,15,19,27,33,63,100,190,690,8200,8700,8800,74464,13,15,97.47833037744067,3.2871540170162916,8849.846384022385,1479.8327782552642
1785161121,93,,Aggregated,31.400000,0.000000,15,19,27,33,63,100,190,690,8200,8700,8800,74489,13,15,97.55966487009755,3.2871540170162916,8849.846384022385,1479.4620950744404
1785161122,93,,Aggregated,30.700000,0.000000,15,19,27,33,63,100,190,690,8200,8700,8800,74519,13,15,97.52895075603976,3.2871540170162916,8849.846384022385,1479.3047947503321
1785161124,92,,Aggregated,27.800000,0.000000,15,19,27,33,63,100,190,690,8200,8700,8800,74537,13,15,97.72485684252375,3.2871540170162916,8849.846384022385,1479.106108375706
1785161125,91,,Aggregated,25.900000,0.000000,15,20,27,33,63,100,190,690,8200,8700,8800,74599,13,15,97.99202516150451,3.2871540170162916,8849.846384022385,1479.153567742195
1785161126,91,,Aggregated,25.800000,0.000000,15,20,27,33,63,100,190,700,8200,8700,8800,74625,13,15,98.28603540020846,3.2871540170162916,8849.846384022385,1479.4269346733668
1785161127,90,,Aggregated,28.200000,0.000000,15,20,27,33,63,100,190,700,8200,8700,8800,74645,13,15,98.2631646636105,3.2871540170162916,8849.846384022385,1479.6069529104427
1785161128,90,,Aggregated,27.100000,0.000000,15,20,27,33,63,100,190,700,8200,8700,8800,74674,13,15,98.33831743415887,3.2871540170162916,8849.846384022385,1479.651203899617
1785161129,89,,Aggregated,27.100000,0.000000,15,19,27,33,63,100,190,700,8200,8700,8800,74691,13,15,98.31865938526796,3.2871540170162916,8849.846384022385,1479.6624492910792
1785161130,88,,Aggregated,28.000000,0.000000,15,19,27,33,63,100,190,700,8200,8700,8800,74721,13,15,98.39183738927575,3.2871540170162916,8849.846384022385,1479.6197186868485
1785161131,88,,Aggregated,25.500000,0.000000,15,19,27,33,63,100,190,700,8200,8700,8800,74749,13,15,98.46791086904358,3.2871540170162916,8849.846384022385,1479.4879931504101
1785161132,87,,Aggregated,25.500000,0.000000,15,19,27,33,63,100,190,700,8200,8700,8800,74775,13,15,98.43948013813987,3.2871540170162916,8849.846384022385,1479.333961885657
1785161133,86,,Aggregated,28.000000,0.000000,15,19,27,33,63,100,190,700,8200,8700,8800,74807,13,15,98.40394614530369,3.2871540170162916,8849.846384022385,1479.6157445158876
1785161134,86,,Aggregated,27.200000,0.000000,15,19,27,33,63,100,190,700,8200,8700,8800,74846,13,15,98.36036937359422,3.2871540170162916,8849.846384022385,1479.4802795072549
1785161135,85,,Aggregated,27.300000,0.000000,15,19,27,33,63,100,190,700,8200,8700,8800,74864,13,15,98.34131140383964,3.2871540170162916,8849.846384022385,1479.2660023509297
1785161136,85,,Aggregated,30.200000,0.000000,15,19,27,33,63,100,190,700,8200,8700,8800,74890,13,15,98.31306175791094,3.2871540170162916,8849.846384022385,1479.3860328481774
1785161137,84,,Aggregated,25.300000,0.000000,15,19,27,33,63,100,190,700,8200,8700,8800,74908,13,15,98.29319476591232,3.2871540170162916,8849.846384022385,1479.7086826507182
1785161138,83,,Aggregated,25.000000,0.000000,15,19,27,33,63,100,190,700,8200,8700,8800,74931,13,15,98.26721695622,3.2871540170162916,8849.846384022385,1480.194191989964
1785161139,83,,Aggregated,25.500000,0.000000,15,19,27,33,63,100,190,700,8200,8700,8800,74958,13,15,98.23686968528202,3.2871540170162916,8849.846384022385,1480.4287334240507
1785161140,82,,Aggregated,24.400000,0.000000,15,19,27,33,63,100,190,700,8200,8700,8800,74976,13,15,98.21663532178889,3.2871540170162916,8849.846384022385,1480.6882202304737
1785161141,82,,Aggregated,24.400000,0.000000,15,19,27,33,63,100,190,690,8200,8700,8800,75008,13,15,98.1816114100578,3.2871540170162916,8849.846384022385,1480.373680140785
1785161142,81,,Aggregated,25.600000,0.000000,15,19,27,33,63,100,190,690,8200,8700,8800,75034,13,15,98.15240057219016,3.2871540170162916,8849.846384022385,1480.649278993523
1785161143,80,,Aggregated,23.600000,0.000000,15,19,27,33,63,100,190,690,8200,8700,8800,75074,13,15,98.10906980005967,3.2871540170162916,8849.846384022385,1480.9434957508593
1785161144,80,,Aggregated,26.100000,0.000000,15,19,27,33,63,100,190,690,8200,8700,8800,75088,13,15,98.09366681910095,3.2871540170162916,8849.846384022385,1480.935289260601
1785161145,79,,Aggregated,25.600000,0.000000,15,19,27,33,63,100,190,690,8200,8700,8800,75099,13,15,98.08369821858022,3.2871540170162916,8849.846384022385,1480.8856575986365
1785161147,78,,Aggregated,24.300000,0.000000,15,19,27,33,63,100,190,690,8200,8700,8800,75128,13,15,98.15840160846646,3.2871540170162916,8849.846384022385,1480.5011979554893
1785161148,78,,Aggregated,23.700000,0.000000,15,19,27,33,63,100,190,690,8200,8700,8800,75154,13,15,98.12902125943435,3.2871540170162916,8849.846384022385,1480.5696303589962
1785161149,77,,Aggregated,23.000000,0.000000,15,19,27,33,63,100,190,690,8200,8700,8800,75181,13,15,98.09901168821777,3.2871540170162916,8849.846384022385,1480.5901491068223
1785161150,77,,Aggregated,23.000000,0.000000,15,19,27,33,63,100,190,690,8200,8700,8800,75204,13,15,98.18042939112276,3.2871540170162916,8849.846384022385,1480.3456598053294
1785161151,76,,Aggregated,24.300000,0.000000,15,19,27,33,63,100,190,690,8200,8700,8800,75239,13,15,98.14622401934749,3.2871540170162916,8849.846384022385,1480.1535772671089
1785161152,75,,Aggregated,24.300000,0.000000,15,19,27,33,63,100,190,690,8200,8700,8800,75257,13,15,98.12802179858818,3.2871540170162916,8849.846384022385,1479.9765603199703
1785161153,75,,Aggregated,25.500000,0.000000,15,19,27,33,63,100,190,700,8200,8700,8800,75275,13,15,98.21492634515074,3.2871540170162916,8849.846384022385,1479.9731517768184
1785161154,74,,Aggregated,25.500000,0.000000,15,19,27,33,63,100,190,700,8200,8700,8800,75296,13,15,98.29765892948289,3.2871540170162916,8849.846384022385,1480.2102103697407
1785161155,74,,Aggregated,23.100000,0.000000,15,19,27,33,63,100,190,700,8200,8700,8800,75312,13,15,98.28026776751527,3.2871540170162916,8849.846384022385,1480.6171792011896
1785161156,73,,Aggregated,21.400000,0.000000,15,19,27,33,63,100,190,700,8200,8700,8800,75329,13,15,98.26328344908558,3.2871540170162916,8849.846384022385,1480.7967582206056
1785161157,72,,Aggregated,22.300000,0.000000,15,19,27,33,63,100,190,700,8200,8700,8800,75352,13,15,98.23849369183682,3.2871540170162916,8849.846384022385,1481.1061285699118
1785161158,72,,Aggregated,22.700000,0.000000,15,19,27,33,63,100,190,700,8200,8700,8800,75375,13,15,98.21803003130712,3.2871540170162916,8849.846384022385,1480.9565903814262
1785161159,71,,Aggregated,21.900000,0.000000,15,19,27,33,63,100,190,700,8200,8700,8800,75393,13,15,98.30724944120982,3.2871540170162916,8849.846384022385,1480.7505338691922
1785161160,71,,Aggregated,21.700000,0.000000,15,19,27,33,63,100,190,700,8200,8700,8800,75408,13,15,98.29179182688526,3.2871540170162916,8849.846384022385,1481.1031190324634
1785161161,70,,Aggregated,21.200000,0.000000,15,19,27,33,63,100,190,700,8200,8700,8800,75454,13,15,98.35247244956642,3.2871540170162916,8849.846384022385,1480.8385771463409
1785161162,69,,Aggregated,19.900000,0.000000,15,19,27,33,63,100,190,700,8200,8700,8800,75482,13,15,98.64001860475044,3.2871540170162916,8849.846384022385,1480.7850480909356
1785161163,69,,Aggregated,20.000000,0.000000,15,19,27,33,63,100,190,700,8200,8700,8800,75492,13,15,98.62888366836454,3.2871540170162916,8849.846384022385,1480.832432575637
1785161164,68,,Aggregated,20.700000,0.000000,15,19,27,33,63,100,190,700,8200,8700,8800,75531,13,15,98.58621050566154,3.2871540170162916,8849.846384022385,1480.473673061392
1785161165,68,,Aggregated,21.600000,0.000000,15,19,27,33,63,100,190,700,8200,8700,8800,75544,13,15,98.57159290752149,3.2871540170162916,8849.846384022385,1480.35374086625
1785161166,67,,Aggregated,21.000000,0.000000,15,19,27,33,63,100,190,700,8200,8700,8800,75588,13,15,98.5242491357131,3.2871540170162916,8849.846384022385,1479.9444620839286
1785161167,66,,Aggregated,22.000000,0.000000,15,19,27,33,63,100,190,700,8200,8700,8800,75608,13,15,98.50252447027911,3.2871540170162916,8849.846384022385,1480.018344619617
1785161168,66,,Aggregated,24.300000,0.000000,15,19,27,33,63,100,190,700,8200,8700,8800,75631,13,15,98.47736946746598,3.2871540170162916,8849.846384022385,1480.0759344713147
1785161169,65,,Aggregated,24.900000,0.000000,15,19,27,33,62,100,190,700,8200,8700,8800,75655,13,15,98.45136127319694,3.2871540170162916,8849.846384022385,1480.0383054656004
1785161170,65,,Aggregated,24.400000,0.000000,15,19,27,33,62,100,190,700,8200,8700,8800,75667,13,15,98.43809211785289,3.2871540170162916,8849.846384022385,1480.375487332655
1785161171,64,,Aggregated,24.900000,0.000000,15,19,27,33,62,100,190,700,8200,8700,8800,75693,13,15,98.40938637406703,3.2871540170162916,8849.846384022385,1480.1891059939492
1785161172,63,,Aggregated,25.700000,0.000000,15,19,27,33,62,100,190,700,8200,8700,8800,75711,13,15,98.38982630806554,3.2871540170162916,8849.846384022385,1480.0970664764698
1785161173,63,,Aggregated,23.300000,0.000000,15,19,27,33,62,100,190,700,8200,8700,8800,75734,13,15,98.36447734713599,3.2871540170162916,8849.846384022385,1479.8597723611588
1785161174,62,,Aggregated,23.500000,0.000000,15,19,27,33,62,100,190,700,8200,8700,8800,75753,13,15,98.34305972326885,3.2871540170162916,8849.846384022385,1479.8936279751297
1785161176,62,,Aggregated,22.700000,0.000000,15,19,27,33,62,100,190,700,8200,8700,8800,75769,13,15,98.32632468181585,3.2871540170162916,8849.846384022385,1480.2436352598029
1785161177,61,,Aggregated,22.300000,0.000000,15,19,27,33,62,100,190,700,8200,8700,8800,75799,13,15,98.29504749641647,3.2871540170162916,8849.846384022385,1480.2327867122258
1785161178,60,,Aggregated,20.000000,0.000000,15,19,27,33,62,100,190,700,8200,8700,8800,75828,13,15,98.26603602943723,3.2871540170162916,8849.846384022385,1480.0042068892758
1785161179,60,,Aggregated,20.000000,0.000000,15,19,27,33,62,100,190,700,8200,8700,8800,75851,13,15,98.24199846476819,3.2871540170162916,8849.846384022385,1479.7749930785355
1785161180,59,,Aggregated,20.900000,0.000000,15,19,27,33,62,100,190,700,8200,8700,8800,75863,13,15,98.22899512418476,3.2871540170162916,8849.846384022385,1480.0253219619578
1785161181,59,,Aggregated,20.300000,0.000000,15,19,27,33,62,100,190,700,8200,8700,8800,75889,13,15,98.20063904818247,3.2871540170162916,8849.846384022385,1479.713041415752
1785161182,58,,Aggregated,20.100000,0.000000,15,19,27,33,62,100,190,690,8200,8700,8800,75908,13,15,98.17987685363677,3.2871540170162916,8849.846384022385,1479.8020893713442
1785161183,57,,Aggregated,21.300000,0.000000,15,19,27,33,62,100,190,690,8200,8700,8800,75932,13,15,98.15350925929572,3.2871540170162916,8849.846384022385,1480.1485671390192
1785161184,57,,Aggregated,20.800000,0.000000,15,19,27,33,62,100,190,690,8200,8700,8800,75941,13,15,98.14350243459927,3.2871540170162916,8849.846384022385,1480.361003937267
1785161185,56,,Aggregated,20.400000,0.000000,15,19,27,33,62,100,190,690,8200,8700,8800,75958,13,15,98.12425660667003,3.2871540170162916,8849.846384022385,1480.4853471655388
1785161186,55,,Aggregated,20.200000,0.000000,15,19,27,33,62,100,190,690,8200,8700,8800,75979,13,15,98.1012917206615,3.2871540170162916,8849.846384022385,1480.2290764553363
1785161187,55,,Aggregated,19.600000,0.000000,15,19,27,33,62,100,190,690,8200,8700,8800,76018,13,15,98.060526787397,3.2871540170162916,8849.846384022385,1480.2010313346839
1785161188,54,,Aggregated,20.500000,0.000000,15,19,27,33,62,100,190,690,8200,8700,8800,76024,13,15,98.0536985474194,3.2871540170162916,8849.846384022385,1480.2544328106915
1785161189,54,,Aggregated,21.600000,0.000000,15,19,27,33,62,100,190,690,8200,8700,8800,76042,13,15,98.03383827670663,3.2871540170162916,8849.846384022385,1480.1841876857527
1785161190,53,,Aggregated,19.400000,0.000000,15,19,27,33,62,100,190,690,8200,8700,8800,76057,13,15,98.0171424586549,3.2871540170162916,8849.846384022385,1480.1523988587508
1785161191,53,,Aggregated,18.800000,0.000000,15,19,27,33,62,100,190,690,8200,8700,8800,76066,13,15,98.00692126241033,3.2871540170162916,8849.846384022385,1480.2000236636604
1785161192,52,,Aggregated,19.000000,0.000000,15,19,27,33,62,100,190,690,8200,8700,8800,76094,13,15,97.976548934814,3.2871540170162916,8849.846384022385,1480.0681788314453
1785161193,51,,Aggregated,17.700000,0.000000,15,19,27,33,62,100,190,690,8200,8700,8800,76122,13,15,97.94807047064171,3.2871540170162916,8849.846384022385,1479.7187015580253
1785161194,51,,Aggregated,17.200000,0.000000,15,19,27,33,62,100,190,690,8200,8700,8800,76146,13,15,97.92200795568937,3.2871540170162916,8849.846384022385,1479.5
1785161195,50,,Aggregated,18.000000,0.000000,15,19,27,33,62,100,190,690,8200,8700,8800,76159,13,15,97.90770169322394,3.2871540170162916,8849.846384022385,1479.7039220578001
1785161196,50,,Aggregated,18.600000,0.000000,15,19,27,33,62,100,190,690,8200,8700,8800,76166,13,15,97.90013942717755,3.2871540170162916,8849.846384022385,1479.6190163590054
1785161197,49,,Aggregated,19.600000,0.000000,15,19,27,33,62,100,190,690,8200,8700,8800,76170,13,15,97.89726469105224,3.2871540170162916,8849.846384022385,1479.5935276355522
1785161198,48,,Aggregated,18.800000,0.000000,15,19,27,33,62,100,190,690,8200,8700,8800,76176,13,15,97.89063140631498,3.2871540170162916,8849.846384022385,1479.5073776517538
1785161199,48,,Aggregated,15.700000,0.000000,15,19,27,33,62,100,190,690,8200,8700,8800,76192,13,15,97.9790046010333,3.2871540170162916,8849.846384022385,1479.4571739815203
1785161200,47,,Aggregated,15.300000,0.000000,15,19,27,33,62,100,190,690,8200,8700,8800,76211,13,15,97.95831356481926,3.2871540170162916,8849.846384022385,1479.3670992376428
1785161201,47,,Aggregated,15.400000,0.000000,15,19,27,33,62,100,190,690,8200,8700,8800,76224,13,15,98.15502601767534,3.2871540170162916,8849.846384022385,1479.3446552267003
1785161202,46,,Aggregated,14.400000,0.000000,15,19,27,33,62,100,190,700,8200,8700,8800,76231,13,15,98.25217777471916,3.2871540170162916,8849.846384022385,1479.2192021618503
1785161203,45,,Aggregated,15.300000,0.000000,15,19,27,33,62,100,190,700,8200,8700,8800,76237,13,15,98.24549061189435,3.2871540170162916,8849.846384022385,1479.375395149337
1785161204,45,,Aggregated,14.900000,0.000000,15,19,27,33,62,100,190,700,8200,8700,8800,76249,13,15,98.33805454574045,3.2871540170162916,8849.846384022385,1479.5299348188173
1785161205,44,,Aggregated,13.300000,0.000000,15,19,27,33,62,100,190,700,8200,8700,8800,76272,13,15,98.31494255836651,3.2871540170162916,8849.846384022385,1479.2827643171806
1785161206,44,,Aggregated,12.000000,0.000000,15,19,27,33,62,100,190,700,8200,8700,8800,76278,13,15,98.30816292047362,3.2871540170162916,8849.846384022385,1479.2701040929232
1785161207,43,,Aggregated,11.800000,0.000000,15,19,27,33,62,100,190,700,8200,8700,8800,76299,13,15,98.39013879657149,3.2871540170162916,8849.846384022385,1479.199543899658
1785161208,42,,Aggregated,11.100000,0.000000,15,19,27,33,62,100,190,700,8200,8700,8800,76317,13,15,98.47555588502813,3.2871540170162916,8849.846384022385,1478.9436691693857
1785161209,42,,Aggregated,10.900000,0.000000,15,19,27,33,62,100,190,700,8200,8700,8800,76349,13,15,98.44377942914863,3.2871540170162916,8849.846384022385,1478.6786729361222
1785161210,41,,Aggregated,13.200000,0.000000,15,19,27,33,62,100,190,700,8200,8700,8800,76353,13,15,98.43935199931973,3.2871540170162916,8849.846384022385,1478.6846489332443
1785161211,41,,Aggregated,13.600000,0.000000,15,19,27,33,62,100,190,700,8200,8700,8800,76367,13,15,98.42496490059912,3.2871540170162916,8849.846384022385,1478.5780245393953
1785161212,40,,Aggregated,15.400000,0.000000,15,19,27,33,62,100,190,700,8200,8700,8800,76387,13,15,98.40337080974184,3.2871540170162916,8849.846384022385,1478.7507298362286
1785161213,39,,Aggregated,14.400000,0.000000,15,19,27,33,62,100,190,700,8200,8700,8800,76395,13,15,98.39481729828175,3.2871540170162916,8849.846384022385,1478.8726618234177
1785161214,39,,Aggregated,14.100000,0.000000,15,19,27,33,62,100,190,700,8200,8700,8800,76403,13,15,98.38594916100458,3.2871540170162916,8849.846384022385,1479.2008952528042
1785161215,38,,Aggregated,15.400000,0.000000,15,19,27,33,62,100,190,700,8200,8700,8800,76417,13,15,98.37079690846035,3.2871540170162916,8849.846384022385,1479.2201735215986
1785161216,38,,Aggregated,15.200000,0.000000,15,19,27,33,62,100,190,700,8200,8700,8800,76429,13,15,98.35795815873108,3.2871540170162916,8849.846384022385,1479.255753706054
1785161217,37,,Aggregated,13.800000,0.000000,15,19,27,33,62,100,190,700,8200,8700,8800,76441,13,15,98.34485643612774,3.2871540170162916,8849.846384022385,1479.4162425923262
1785161219,36,,Aggregated,14.400000,0.000000,15,19,27,33,62,100,190,700,8200,8700,8800,76448,13,15,98.33689376301736,3.2871540170162916,8849.846384022385,1479.3993956676434
1785161220,36,,Aggregated,15.100000,0.000000,15,19,27,33,62,100,190,700,8200,8700,8800,76462,13,15,98.32127075178343,3.2871540170162916,8849.846384022385,1479.6063927179514
1785161221,35,,Aggregated,13.800000,0.000000,15,19,27,33,62,100,190,700,8200,8700,8800,76467,13,15,98.31594325512438,3.2871540170162916,8849.846384022385,1479.5396314750153
1785161222,35,,Aggregated,12.800000,0.000000,15,19,27,33,62,100,190,700,8200,8700,8800,76470,13,15,98.31256506297403,3.2871540170162916,8849.846384022385,1479.6543088792992
1785161223,34,,Aggregated,10.900000,0.000000,15,19,27,33,62,100,190,700,8200,8700,8800,76486,13,15,98.29506853920205,3.2871540170162916,8849.846384022385,1479.659872394948
1785161224,33,,Aggregated,10.100000,0.000000,15,19,27,33,62,100,190,700,8200,8700,8800,76496,13,15,98.28424199869718,3.2871540170162916,8849.846384022385,1479.5570487345744
1785161225,33,,Aggregated,9.800000,0.000000,15,19,27,33,62,100,190,700,8200,8700,8800,76499,13,15,98.28104278377852,3.2871540170162916,8849.846384022385,1479.7679838952142
1785161226,32,,Aggregated,9.800000,0.000000,15,19,27,33,62,100,190,700,8200,8700,8800,76510,13,15,98.2695465464282,3.2871540170162916,8849.846384022385,1479.613566854006
1785161227,32,,Aggregated,9.500000,0.000000,15,19,27,33,62,100,190,700,8200,8700,8800,76518,13,15,98.26063551681165,3.2871540170162916,8849.846384022385,1479.4942497190204
1785161228,31,,Aggregated,9.300000,0.000000,15,19,27,33,62,100,190,700,8200,8700,8800,76523,13,15,98.25507698626761,3.2871540170162916,8849.846384022385,1479.732067482979
1785161229,31,,Aggregated,9.300000,0.000000,15,19,27,33,62,100,190,700,8200,8700,8800,76525,13,15,98.25305959311724,3.2871540170162916,8849.846384022385,1479.8542045083307
1785161230,30,,Aggregated,8.000000,0.000000,15,19,27,33,62,100,190,700,8200,8700,8800,76535,13,15,98.24206121752023,3.2871540170162916,8849.846384022385,1479.857986542105
1785161231,29,,Aggregated,7.700000,0.000000,15,19,27,33,62,100,190,700,8200,8700,8800,76542,13,15,98.23448119952629,3.2871540170162916,8849.846384022385,1479.8620626584097
1785161232,29,,Aggregated,6.800000,0.000000,15,19,27,33,62,100,190,700,8200,8700,8800,76547,13,15,98.22886890883969,3.2871540170162916,8849.846384022385,1479.8286804185664
1785161233,28,,Aggregated,6.800000,0.000000,15,19,27,33,62,100,190,700,8200,8700,8800,76555,13,15,98.32578133779823,3.2871540170162916,8849.846384022385,1479.8900267781335
1785161234,28,,Aggregated,7.500000,0.000000,15,19,27,33,62,100,190,700,8200,8700,8800,76562,13,15,98.42298463928182,3.2871540170162916,8849.846384022385,1479.7806875473473
1785161235,27,,Aggregated,7.000000,0.000000,15,19,27,33,62,100,190,700,8200,8700,8800,76571,13,15,98.41379615269575,3.2871540170162916,8849.846384022385,1479.7186271564954
1785161236,26,,Aggregated,6.500000,0.000000,15,19,27,33,62,100,190,700,8200,8700,8800,76574,13,15,98.61987892461904,3.2871540170162916,8849.846384022385,1479.6696006477393
1785161237,26,,Aggregated,7.000000,0.000000,15,19,27,33,62,100,190,700,8200,8700,8800,76580,13,15,98.61332053267176,3.2871540170162916,8849.846384022385,1479.6555497518934
1785161238,25,,Aggregated,6.300000,0.000000,15,19,27,33,62,100,190,700,8200,8700,8800,76589,13,15,98.6037164917944,3.2871540170162916,8849.846384022385,1479.7563618796432
1785161239,25,,Aggregated,6.200000,0.000000,15,19,27,33,62,100,190,700,8200,8700,8800,76596,13,15,98.59589954270737,3.2871540170162916,8849.846384022385,1479.7331061674238
1785161240,25,,Aggregated,6.700000,0.000000,15,19,27,33,62,100,190,700,8200,8700,8800,76603,13,15,98.58821856780003,3.2871540170162916,8849.846384022385,1480.0139028497579
1785161241,25,,Aggregated,6.800000,0.000000,15,19,27,33,62,100,190,700,8200,8700,8800,76606,13,15,98.58488852586284,3.2871540170162916,8849.846384022385,1479.9945957235725
1785161242,25,,Aggregated,7.200000,0.000000,15,19,27,33,62,100,190,700,8200,8700,8800,76615,13,15,98.67992296323882,3.2871540170162916,8849.846384022385,1479.977041049403
1785161243,25,,Aggregated,6.400000,0.000000,15,19,27,33,62,100,190,700,8200,8700,8800,76618,13,15,98.78120235508075,3.2871540170162916,8849.846384022385,1480.001161606933
1785161244,25,,Aggregated,6.700000,0.000000,15,19,27,33,62,100,190,700,8200,8700,8800,76622,13,15,98.77675170353717,3.2871540170162916,8849.846384022385,1479.9615776147843
1785161245,25,,Aggregated,6.200000,0.000000,15,19,27,33,62,100,190,700,8200,8700,8800,76634,13,15,98.76571063819058,3.2871540170162916,8849.846384022385,1479.8917973745336
1785161246,25,,Aggregated,6.000000,0.000000,15,19,27,33,62,100,190,700,8200,8700,8800,76638,13,15,98.76136605723181,3.2871540170162916,8849.846384022385,1480.3044573188236
1785161247,25,,Aggregated,6.000000,0.000000,15,19,27,33,62,100,190,700,8200,8700,8800,76638,13,15,98.76136605723181,3.2871540170162916,8849.846384022385,1480.3044573188236
1785161248,25,,Aggregated,6.300000,0.000000,15,19,27,33,62,100,190,700,8200,8700,8800,76645,13,15,98.85842040772555,3.2871540170162916,8849.846384022385,1480.353799986953
1785161249,25,,Aggregated,5.900000,0.000000,15,19,27,33,62,100,190,700,8200,8700,8800,76649,13,15,98.85394853186806,3.2871540170162916,8849.846384022385,1480.3031872561937
1785161250,25,,Aggregated,5.300000,0.000000,15,19,27,33,62,100,190,700,8200,8700,8800,76663,13,15,98.83933001402427,3.2871540170162916,8849.846384022385,1480.1019266138815
1785161251,25,,Aggregated,5.500000,0.000000,15,19,27,33,62,100,190,700,8200,8700,8800,76673,13,15,98.82885187693776,3.2871540170162916,8849.846384022385,1480.174089966481
1785161252,25,,Aggregated,5.400000,0.000000,15,19,27,33,62,100,190,700,8200,8700,8800,76680,13,15,98.82104765624355,3.2871540170162916,8849.846384022385,1480.0778821074596
1785161253,25,,Aggregated,6.500000,0.000000,15,19,27,33,62,100,190,700,8200,8700,8800,76694,13,15,98.80591440752553,3.2871540170162916,8849.846384022385,1480.0378908389182
1785161254,25,,Aggregated,6.400000,0.000000,15,19,27,33,62,100,190,700,8200,8700,8800,76708,13,15,98.79050640832693,3.2871540170162916,8849.846384022385,1479.8573682014915
1785161255,25,,Aggregated,7.600000,0.000000,15,19,27,33,62,100,190,700,8200,8700,8800,76713,13,15,98.78495576583963,3.2871540170162916,8849.846384022385,1479.7786946149936
1785161256,25,,Aggregated,8.300000,0.000000,15,19,27,33,62,100,190,700,8200,8700,8800,76719,13,15,98.77833760063182,3.2871540170162916,8849.846384022385,1479.7692488171117
1785161257,25,,Aggregated,8.500000,0.000000,15,19,27,33,62,100,190,700,8200,8700,8800,76724,13,15,98.77270351664858,3.2871540170162916,8849.846384022385,1479.692038996924
1785161258,25,,Aggregated,8.200000,0.000000,15,19,27,33,62,100,190,700,8200,8700,8800,76727,13,15,98.76928243007484,3.2871540170162916,8849.846384022385,1479.6557535157115
1785161259,25,,Aggregated,8.200000,0.000000,15,19,27,33,62,100,190,700,8200,8700,8800,76733,13,15,98.76257066772516,3.2871540170162916,8849.846384022385,1479.5742770385623
1785161260,25,,Aggregated,8.400000,0.000000,15,19,27,33,62,100,190,700,8200,8700,8800,76746,13,15,98.74837519512401,3.2871540170162916,8849.846384022385,1479.394378860136
1785161261,25,,Aggregated,8.400000,0.000000,15,19,27,33,62,100,190,700,8200,8700,8800,76747,13,15,98.74731622282366,3.2871540170162916,8849.846384022385,1479.4073123379414
1785161262,25,,Aggregated,8.600000,0.000000,15,19,27,33,62,100,190,700,8200,8700,8800,76752,13,15,98.74182154050585,3.2871540170162916,8849.846384022385,1479.5719069209922
1785161263,25,,Aggregated,7.700000,0.000000,15,19,27,33,62,100,190,700,8200,8700,8800,76763,13,15,98.73002074647916,3.2871540170162916,8849.846384022385,1479.619543269544
1785161264,25,,Aggregated,7.300000,0.000000,15,19,27,33,62,100,190,700,8200,8700,8800,76784,13,15,98.70710465547761,3.2871540170162916,8849.846384022385,1479.3395108355908
1785161265,25,,Aggregated,7.300000,0.000000,15,19,27,33,62,100,190,700,8200,8700,8800,76787,13,15,98.70388478714308,3.2871540170162916,8849.846384022385,1479.2956359800487
1785161266,25,,Aggregated,6.000000,0.000000,15,19,27,33,62,100,190,700,8200,8700,8800,76802,13,15,98.68709714579212,3.2871540170162916,8849.846384022385,1479.1615713132471
1785161267,25,,Aggregated,7.900000,0.000000,15,19,27,33,62,100,190,700,8200,8700,8800,76812,13,15,98.67598754371765,3.2871540170162916,8849.846384022385,1479.0335234078009
1785161268,25,,Aggregated,7.800000,0.000000,15,19,27,33,62,100,190,700,8200,8700,8800,76821,13,15,98.6663352585517,3.2871540170162916,8849.846384022385,1478.9334036266125
1785161269,25,,Aggregated,8.200000,0.000000,15,19,27,33,62,100,190,700,8200,8700,8800,76828,13,15,98.65872161450356,3.2871540170162916,8849.846384022385,1478.9146404956525
1785161270,25,,Aggregated,8.700000,0.000000,15,19,27,33,62,100,190,700,8200,8700,8800,76838,13,15,98.64823282852541,3.2871540170162916,8849.846384022385,1478.791314193498
1785161271,25,,Aggregated,9.300000,0.000000,15,19,27,33,62,100,190,700,8200,8700,8800,76849,13,15,98.63637735036757,3.2871540170162916,8849.846384022385,1478.8238493669403
1785161272,25,,Aggregated,8.700000,0.000000,15,19,27,33,62,100,190,700,8200,8700,8800,76853,13,15,98.63204199257211,3.2871540170162916,8849.846384022385,1478.936424082339
1785161273,25,,Aggregated,9.100000,0.000000,15,19,27,33,62,100,190,700,8200,8700,8800,76862,13,15,98.62210566512461,3.2871540170162916,8849.846384022385,1478.8046629023445
1785161274,25,,Aggregated,10.000000,0.000000,15,19,27,33,62,100,190,700,8200,8700,8800,76879,13,15,98.6035886106107,3.2871540170162916,8849.846384022385,1478.719403218044
1785161275,25,,Aggregated,9.700000,0.000000,15,19,27,33,62,100,190,700,8200,8700,8800,76884,13,15,98.59795677407433,3.2871540170162916,8849.846384022385,1478.87964986213
1785161277,25,,Aggregated,9.900000,0.000000,15,19,27,33,62,100,190,700,8200,8700,8800,76887,13,15,98.59455443284124,3.2871540170162916,8849.846384022385,1478.9931197731737
1785161278,25,,Aggregated,9.200000,0.000000,15,19,27,33,62,100,190,700,8200,8700,8800,76892,13,15,98.58890643508974,3.2871540170162916,8849.846384022385,1478.9568875825835
1785161279,25,,Aggregated,8.800000,0.000000,15,19,27,33,62,100,190,700,8200,8700,8800,76900,13,15,98.58052234324627,3.2871540170162916,8849.846384022385,1478.8537191157347
1785161280,25,,Aggregated,8.500000,0.000000,15,19,27,33,62,100,190,700,8200,8700,8800,76903,13,15,98.68152869031972,3.2871540170162916,8849.846384022385,1478.8847119098084
1785161281,25,,Aggregated,8.000000,0.000000,15,19,27,33,62,100,190,700,8200,8700,8800,76913,13,15,98.67223277052497,3.2871540170162916,8849.846384022385,1478.9828897585583
1785161282,25,,Aggregated,7.900000,0.000000,15,19,27,33,62,100,190,700,8200,8700,8800,76922,13,15,98.66225476044268,3.2871540170162916,8849.846384022385,1478.8590780270924
1785161283,25,,Aggregated,7.500000,0.000000,15,19,27,33,62,100,190,700,8200,8700,8800,76925,13,15,98.6589505872848,3.2871540170162916,8849.846384022385,1478.8446538836529
1785161284,25,,Aggregated,7.500000,0.000000,15,19,27,33,62,100,190,700,8200,8700,8800,76925,13,15,98.6589505872848,3.2871540170162916,8849.846384022385,1478.8446538836529
1785161285,25,,Aggregated,7.300000,0.000000,15,19,27,33,62,100,190,700,8200,8700,8800,76928,13,15,98.75978994573106,3.2871540170162916,8849.846384022385,1478.947262375208
1785161286,25,,Aggregated,6.300000,0.000000,15,19,27,33,62,100,190,700,8200,8700,8800,76932,13,15,98.75539581747391,3.2871540170162916,8849.846384022385,1478.9249857016587
1785161287,25,,Aggregated,6.300000,0.000000,15,19,27,33,62,100,190,700,8200,8700,8800,76936,13,15,98.85549710996828,3.2871540170162916,8849.846384022385,1478.864835707601
1785161288,25,,Aggregated,4.700000,0.000000,15,19,27,33,62,100,190,700,8200,8700,8800,76943,13,15,98.9521213672157,3.2871540170162916,8849.846384022385,1478.8030230170386
1785161289,25,,Aggregated,4.700000,0.000000,15,19,27,33,62,100,190,700,8200,8700,8800,76946,13,15,99.05295222611743,3.2871540170162916,8849.846384022385,1478.7556338211214
1785161290,25,,Aggregated,5.000000,0.000000,15,19,27,33,62,100,190,700,8200,8700,8800,76952,13,15,99.04669809271606,3.2871540170162916,8849.846384022385,1478.664349204699
1785161291,25,,Aggregated,5.000000,0.000000,15,19,27,33,62,100,190,700,8200,8700,8800,76955,13,15,99.04329840240106,3.2871540170162916,8849.846384022385,1478.6977974140732
1785161292,25,,Aggregated,4.600000,0.000000,15,19,27,33,62,100,190,700,8200,8700,8800,76960,13,15,99.03757697336275,3.2871540170162916,8849.846384022385,1478.6341086278587
1785161293,25,,Aggregated,4.200000,0.000000,15,19,27,33,62,100,190,700,8200,8700,8800,76969,13,15,99.02738949988684,3.2871540170162916,8849.846384022385,1478.607010614663
1785161294,25,,Aggregated,4.200000,0.000000,15,19,27,33,62,100,190,700,8200,8700,8800,76972,13,15,99.02396441406462,3.2871540170162916,8849.846384022385,1478.7210414176584
1785161295,25,,Aggregated,4.100000,0.000000,15,19,27,33,62,100,190,700,8200,8700,8800,76992,13,15,99.10563338855773,3.2871540170162916,8849.846384022385,1478.5975555901912
1785161296,25,,Aggregated,4.700000,0.000000,15,19,27,33,62,100,190,700,8200,8700,8800,76997,13,15,99.10007151522144,3.2871540170162916,8849.846384022385,1478.7183137005338
1785161297,25,,Aggregated,6.100000,0.000000,15,19,27,33,62,100,190,700,8200,8700,8800,76999,13,15,99.09789437766312,3.2871540170162916,8849.846384022385,1478.7109183236146
1785161298,25,,Aggregated,6.400000,0.000000,15,19,27,33,62,100,190,700,8200,8700,8800,77018,13,15,99.0770143144861,3.2871540170162916,8849.846384022385,1478.4708379859253
1785161299,25,,Aggregated,6.200000,0.000000,15,19,27,33,62,100,190,700,8200,8700,8800,77022,13,15,99.07275289394985,3.2871540170162916,8849.846384022385,1478.5961932954222
1785161300,25,,Aggregated,6.600000,0.000000,15,19,27,33,62,100,190,700,8200,8700,8800,77027,13,15,99.06713976630022,3.2871540170162916,8849.846384022385,1478.6684409362952
1785161301,25,,Aggregated,7.500000,0.000000,15,19,27,33,62,100,190,700,8200,8700,8800,77033,13,15,99.06067615351891,3.2871540170162916,8849.846384022385,1478.5894486778393
1785161302,25,,Aggregated,7.400000,0.000000,15,19,27,33,62,100,190,700,8200,8700,8800,77046,13,15,99.04775806614299,3.2871540170162916,8849.846384022385,1478.4516003426525
1785161303,25,,Aggregated,7.600000,0.000000,15,19,27,33,62,100,190,700,8200,8700,8800,77055,13,15,99.03789804505364,3.2871540170162916,8849.846384022385,1478.4055285185907
1785161304,25,,Aggregated,7.700000,0.000000,15,19,27,33,62,100,190,700,8200,8700,8800,77064,14,15,99.09365671880262,3.2871540170162916,8849.846384022385,1478.355457801308
1785161305,25,,Aggregated,8.200000,0.000000,15,19,27,33,62,100,190,700,8200,8700,8800,77074,18,15,99.08390346078944,3.2871540170162916,8849.846384022385,1478.3560733840206
1785161306,25,,Aggregated,9.000000,0.000000,15,19,27,33,62,100,190,700,8200,8700,8800,77082,18,15,99.0751851799377,3.2871540170162916,8849.846384022385,1478.4170234295946
1785161307,25,,Aggregated,7.900000,0.200000,15,19,27,33,62,100,190,700,8200,8700,8800,77083,18,15,99.07404265094756,3.2871540170162916,8849.846384022385,1478.477394496841
1785161308,25,,Aggregated,8.400000,0.500000,15,19,27,33,62,100,190,700,8200,8700,8800,77088,18,15,99.06858920276505,3.2871540170162916,8849.846384022385,1478.577392071399
1785161309,25,,Aggregated,8.400000,0.500000,15,19,27,33,62,100,190,700,8200,8700,8800,77098,18,15,99.05753104664407,3.2871540170162916,8849.846384022385,1478.55895094555
1785161310,25,,Aggregated,7.800000,0.500000,15,19,27,33,62,100,190,700,8200,8700,8800,77103,18,15,99.05194447213566,3.2871540170162916,8849.846384022385,1478.5005123017263
1785161311,25,,Aggregated,7.100000,0.500000,15,19,27,33,62,100,190,700,8200,8700,8800,77118,22,15,99.1581031185712,3.2871540170162916,8849.846384022385,1478.3698228688504
1785161312,25,,Aggregated,7.600000,0.500000,15,19,27,33,62,100,190,700,8200,8700,8800,77119,22,15,99.15697403845935,3.2871540170162916,8849.846384022385,1478.3568121993283
1785161313,25,,Aggregated,7.500000,0.500000,15,19,27,33,62,100,190,700,8200,8700,8800,77122,23,15,99.21834662830096,3.2871540170162916,8849.846384022385,1478.4595057182128
1785161314,25,,Aggregated,8.100000,0.900000,15,19,27,33,62,100,190,700,8200,8700,8800,77124,23,15,99.21607726390954,3.2871540170162916,8849.846384022385,1478.421788288989
1785161315,25,,Aggregated,7.300000,0.900000,15,19,27,33,62,100,190,700,8200,8700,8800,77138,23,15,99.20086927858463,3.2871540170162916,8849.846384022385,1478.32835956338
1785161316,25,,Aggregated,6.000000,1.000000,15,19,27,33,62,100,190,700,8200,8700,8800,77143,23,15,99.19543037935169,3.2871540170162916,8849.846384022385,1478.2607884059473
1785161317,25,,Aggregated,5.900000,0.800000,15,19,27,33,62,100,190,700,8200,8700,8800,77153,23,15,99.18423208704331,3.2871540170162916,8849.846384022385,1478.1866162041658
1785161318,25,,Aggregated,5.900000,0.500000,15,19,27,33,62,100,190,700,8200,8700,8800,77158,23,15,99.17863238009777,3.2871540170162916,8849.846384022385,1478.1281396614738
1785161319,25,,Aggregated,6.600000,0.500000,15,19,27,33,62,100,190,700,8200,8700,8800,77160,23,15,99.1764050251144,3.2871540170162916,8849.846384022385,1478.09766718507
1785161320,25,,Aggregated,6.900000,0.500000,15,19,27,33,62,100,190,700,8200,8700,8800,77164,23,15,99.17217248541021,3.2871540170162916,8849.846384022385,1478.0414053185423
1785161321,25,,Aggregated,6.600000,0.500000,15,19,27,33,62,100,190,700,8200,8700,8800,77178,23,15,99.1570938542246,3.2871540170162916,8849.846384022385,1478.0249423410817
1785161322,25,,Aggregated,6.100000,0.500000,15,19,27,33,62,100,190,700,8200,8700,8800,77182,23,15,99.15354672369486,3.2871540170162916,8849.846384022385,1478.3762794433935
1785161323,25,,Aggregated,6.900000,0.500000,15,19,27,33,62,100,190,710,8200,8700,8800,77186,23,15,99.25328079176556,3.2871540170162916,8849.846384022385,1478.3256678672299
1785161324,25,,Aggregated,6.000000,0.100000,15,19,27,33,62,100,190,710,8200,8700,8800,77193,23,15,99.24539490274384,3.2871540170162916,8849.846384022385,1478.5275607891908
1785161325,25,,Aggregated,6.300000,0.100000,15,19,27,33,62,100,190,700,8200,8700,8800,77212,23,15,99.2243207328063,3.2871540170162916,8849.846384022385,1478.4211910065792
1785161326,25,,Aggregated,6.400000,0.000000,15,19,27,33,61,100,190,700,8200,8700,8800,77233,23,15,99.20127837821964,3.2871540170162916,8849.846384022385,1478.4605414783837
1785161327,25,,Aggregated,7.500000,0.000000,15,19,27,33,61,100,190,700,8200,8700,8800,77238,23,15,99.1958694098896,3.2871540170162916,8849.846384022385,1478.3829721121729
1785161328,25,,Aggregated,7.900000,0.000000,15,19,27,33,61,100,190,700,8200,8700,8800,77242,23,15,99.19193054121293,3.2871540170162916,8849.846384022385,1478.5784158877295
1785161329,25,,Aggregated,8.500000,0.000000,15,19,27,33,61,100,190,700,8200,8700,8800,77244,23,15,99.18967718721967,3.2871540170162916,8849.846384022385,1478.6994070736885
1785161330,25,,Aggregated,8.300000,0.000000,15,19,27,33,61,100,190,700,8200,8700,8800,77256,23,15,99.17641160594856,3.2871540170162916,8849.846384022385,1478.7567567567567
1785161331,25,,Aggregated,8.300000,0.000000,15,19,27,33,61,100,190,700,8200,8700,8800,77256,23,15,99.17641160594856,3.2871540170162916,8849.846384022385,1478.7567567567567
1785161332,25,,Aggregated,8.300000,0.000000,15,19,27,33,61,100,190,700,8200,8700,8800,77264,23,15,99.16733534544007,3.2871540170162916,8849.846384022385,1478.7986643197348
1785161333,25,,Aggregated,8.100000,0.000000,15,19,27,33,61,100,190,700,8200,8700,8800,77267,23,15,99.16396209648377,3.2871540170162916,8849.846384022385,1478.7421797144964
1785161334,25,,Aggregated,7.800000,0.000000,15,19,27,33,61,100,190,710,8200,8700,8800,77275,24,15,99.21215517924263,3.2871540170162916,8849.846384022385,1478.7306761565837
1785161336,25,,Aggregated,8.100000,0.000000,15,19,27,33,61,100,190,710,8200,8700,8800,77286,24,15,99.20039310886953,3.2871540170162916,8849.846384022385,1478.568447066739
1785161337,25,,Aggregated,7.300000,0.100000,15,19,27,33,61,100,190,710,8200,8700,8800,77290,24,15,99.19587310505646,3.2871540170162916,8849.846384022385,1478.67355414672
1785161338,25,,Aggregated,7.300000,0.100000,15,19,27,33,61,100,190,710,8200,8700,8800,77296,24,15,99.18935087038189,3.2871540170162916,8849.846384022385,1478.7413578969158
1785161339,25,,Aggregated,5.600000,0.100000,15,19,27,33,61,100,190,700,8200,8700,8800,77302,24,15,99.18373370495799,3.2871540170162916,8849.846384022385,1478.8045846161806
1785161340,25,,Aggregated,5.600000,0.100000,15,19,27,33,61,100,190,700,8200,8700,8800,77311,24,15,99.17416623995139,3.2871540170162916,8849.846384022385,1478.670629017863
1785161341,25,,Aggregated,5.800000,0.100000,15,19,27,33,61,100,190,700,8200,8700,8800,77318,24,15,99.16659386530912,3.2871540170162916,8849.846384022385,1478.793217620735
1785161342,25,,Aggregated,5.900000,0.100000,15,19,27,33,61,100,190,700,8200,8700,8800,77325,24,15,99.15888196073901,3.2871540170162916,8849.846384022385,1478.6995021015196
1785161343,25,,Aggregated,6.700000,0.100000,15,19,27,33,61,100,190,700,8200,8700,8800,77328,24,15,99.15590988488219,3.2871540170162916,8849.846384022385,1478.6623474032692
1785161344,25,,Aggregated,6.200000,0.100000,15,19,27,33,61,100,190,700,8200,8700,8800,77334,24,15,99.14914214045854,3.2871540170162916,8849.846384022385,1479.0259523624795
1785161345,25,,Aggregated,6.400000,0.100000,15,19,27,33,61,100,190,700,8200,8700,8800,77339,24,15,99.14338802202649,3.2871540170162916,8849.846384022385,1478.9448402487749
1785161346,25,,Aggregated,6.700000,0.100000,15,19,27,33,61,100,190,700,8200,8700,8800,77349,24,15,99.13238757353942,3.2871540170162916,8849.846384022385,1478.814024744987
1785161347,25,,Aggregated,6.700000,0.100000,15,19,27,33,61,100,190,700,8200,8700,8800,77356,24,15,99.12503366718316,3.2871540170162916,8849.846384022385,1478.8125937225295
1785161348,25,,Aggregated,6.100000,0.000000,15,19,27,33,61,100,190,700,8200,8700,8800,77364,24,15,99.11602482205484,3.2871540170162916,8849.846384022385,1478.9981386691484
1785161349,25,,Aggregated,6.700000,0.000000,15,19,27,33,61,100,190,700,8200,8700,8800,77376,24,15,99.10259239881935,3.2871540170162916,8849.846384022385,1478.8277114350703
1785161350,25,,Aggregated,6.600000,0.000000,15,19,27,33,61,100,190,700,8200,8700,8800,77386,24,15,99.09195437210533,3.2871540170162916,8849.846384022385,1478.6812343317913
1785161351,25,,Aggregated,6.600000,0.000000,15,19,27,33,61,100,190,700,8200,8700,8800,77390,24,15,99.08730704858436,3.2871540170162916,8849.846384022385,1478.69421113839
1785161352,25,,Aggregated,6.500000,0.000000,15,19,27,33,61,100,190,700,8200,8700,8800,77397,24,15,99.07961579396641,3.2871540170162916,8849.846384022385,1478.5851777200667
1785161353,25,,Aggregated,7.200000,0.000000,15,19,27,33,61,100,190,700,8200,8700,8800,77405,24,15,99.0706993761568,3.2871540170162916,8849.846384022385,1478.6191202118725
1785161354,25,,Aggregated,7.200000,0.000000,15,19,27,33,61,100,190,700,8200,8700,8800,77409,24,15,99.0661748399629,3.2871540170162916,8849.846384022385,1478.5856554147451
1785161355,25,,Aggregated,7.500000,0.000000,15,19,27,33,61,100,190,700,8200,8700,8800,77416,24,15,99.05854401124607,3.2871540170162916,8849.846384022385,1478.5107212979228
1785161356,25,,Aggregated,7.300000,0.000000,15,19,27,33,61,100,190,700,8200,8700,8800,77421,24,15,99.05302918052574,3.2871540170162916,8849.846384022385,1478.7639529326668
1785161357,25,,Aggregated,7.500000,0.000000,15,19,27,33,61,100,190,700,8200,8700,8800,77428,24,15,99.04532891101412,3.2871540170162916,8849.846384022385,1478.6572557731054
1785161358,25,,Aggregated,7.300000,0.000000,15,19,27,33,61,100,190,700,8200,8700,8800,77434,24,15,99.03862747570507,3.2871540170162916,8849.846384022385,1478.5916909884547
1785161359,25,,Aggregated,6.600000,0.000000,15,19,27,33,61,100,190,700,8200,8700,8800,77435,24,15,99.03751987817905,3.2871540170162916,8849.846384022385,1478.7298121004715
1785161360,25,,Aggregated,7.100000,0.000000,15,19,27,33,61,100,190,700,8200,8700,8800,77447,24,15,99.02443252856693,3.2871540170162916,8849.846384022385,1478.6020891706587
1785161361,25,,Aggregated,6.800000,0.000000,15,19,27,33,61,100,190,700,8200,8700,8800,77468,24,15,99.00140424461085,3.2871540170162916,8849.846384022385,1478.4461455052408
1785161362,25,,Aggregated,6.800000,0.000000,15,19,27,33,61,100,190,700,8200,8700,8800,77470,24,15,98.99957838258294,3.2871540170162916,8849.846384022385,1478.4469859300375
1785161363,25,,Aggregated,6.000000,0.000000,15,19,27,33,61,100,190,700,8200,8700,8800,77479,24,15,98.98971010409984,3.2871540170162916,8849.846384022385,1478.3588198092386
1785161364,25,,Aggregated,7.300000,0.000000,15,19,27,33,61,100,190,700,8200,8700,8800,77487,24,15,99.08435736511734,3.2871540170162916,8849.846384022385,1478.3977699485074
1785161365,25,,Aggregated,7.400000,0.000000,15,19,27,33,61,100,190,700,8200,8700,8800,77490,24,15,99.08090587588192,3.2871540170162916,8849.846384022385,1478.356549232159
1785161366,25,,Aggregated,7.700000,0.000000,15,19,27,33,61,100,190,700,8200,8700,8800,77502,24,15,99.06858887245657,3.2871540170162916,8849.846384022385,1478.296405254058
1785161367,25,,Aggregated,7.400000,0.000000,15,19,27,33,61,100,190,700,8200,8700,8800,77513,24,15,99.05691768441811,3.2871540170162916,8849.846384022385,1478.3261775444118
1785161368,25,,Aggregated,7.800000,0.000000,15,19,27,33,61,100,190,700,8200,8700,8800,77515,24,15,99.05478615368855,3.2871540170162916,8849.846384022385,1478.451215893698
1785161369,25,,Aggregated,8.800000,0.000000,15,19,27,33,61,100,190,700,8200,8700,8800,77521,24,15,99.04869807215181,3.2871540170162916,8849.846384022385,1478.373202100076
1785161370,25,,Aggregated,8.100000,0.000000,15,19,27,33,61,100,190,710,8200,8700,8800,77528,24,15,99.24791151629327,3.2871540170162916,8849.846384022385,1478.4222732432154
1785161371,25,,Aggregated,8.600000,0.000000,15,19,27,33,61,100,190,710,8200,8700,8800,77532,24,15,99.24357087517545,3.2871540170162916,8849.846384022385,1478.3603286384975
1785161372,25,,Aggregated,8.800000,0.000000,15,19,27,33,61,100,190,710,8200,8700,8800,77537,24,15,99.3413444397555,3.2871540170162916,8849.846384022385,1478.2876433186736
1785161373,25,,Aggregated,7.900000,0.000000,15,19,27,33,61,100,190,710,8200,8700,8800,77547,24,15,99.33064115627256,3.2871540170162916,8849.846384022385,1478.1604962151985
1785161374,25,,Aggregated,6.400000,0.000000,15,19,27,33,61,100,190,710,8200,8700,8800,77554,24,15,99.3231536217508,3.2871540170162916,8849.846384022385,1478.2076488640173
1785161375,25,,Aggregated,6.000000,0.000000,15,19,27,33,61,100,190,710,8200,8700,8800,77558,24,15,99.31912377939652,3.2871540170162916,8849.846384022385,1478.1506098661646
1785161376,25,,Aggregated,6.400000,0.000000,15,19,27,33,61,100,190,710,8200,8700,8800,77569,24,15,99.30752636166311,3.2871540170162916,8849.846384022385,1478.1506142917917
1785161377,25,,Aggregated,6.700000,0.000000,15,19,27,33,61,100,190,710,8200,8700,8800,77576,24,15,99.40303528529927,3.2871540170162916,8849.846384022385,1478.2144735485201
1785161378,25,,Aggregated,6.000000,0.000000,15,19,27,33,61,100,190,710,8200,8700,8800,77587,24,15,99.49464087218114,3.2871540170162916,8849.846384022385,1478.072937476639
1785161379,25,,Aggregated,5.900000,0.000000,15,19,27,33,61,100,190,710,8200,8700,8800,77594,24,15,99.59027673849478,3.2871540170162916,8849.846384022385,1477.9810938990129
1785161380,25,,Aggregated,6.200000,0.000000,15,19,27,33,61,100,190,710,8200,8700,8800,77601,24,15,99.58237338827674,3.2871540170162916,8849.846384022385,1477.8819989433125
1785161381,25,,Aggregated,6.900000,0.000000,15,19,27,33,61,100,190,710,8200,8700,8800,77608,24,15,99.5747726681475,3.2871540170162916,8849.846384022385,1477.7996340583445
1785161382,25,,Aggregated,7.200000,0.000000,15,19,27,33,61,100,190,710,8200,8700,8800,77614,24,15,99.56819819306433,3.2871540170162916,8849.846384022385,1477.8919524827995
1785161383,25,,Aggregated,7.400000,0.000000,15,19,27,33,61,100,190,710,8200,8700,8800,77617,24,15,99.56515844292456,3.2871540170162916,8849.846384022385,1477.8423670072277
1785161384,25,,Aggregated,7.600000,0.000000,15,19,27,33,61,100,190,710,8200,8700,8800,77627,24,15,99.55399241383859,3.2871540170162916,8849.846384022385,1478.0885774279568
1785161385,25,,Aggregated,7.800000,0.000000,15,19,27,33,61,100,190,710,8200,8700,8800,77628,24,15,99.55345193794626,3.2871540170162916,8849.846384022385,1478.07123718246
1785161386,25,,Aggregated,7.000000,0.000000,15,19,27,33,61,100,190,710,8200,8700,8800,77642,24,15,99.53825311695304,3.2871540170162916,8849.846384022385,1477.8858221065918
1785161387,25,,Aggregated,7.300000,0.000000,15,19,27,33,61,100,190,710,8200,8700,8800,77647,24,15,99.5326022218552,3.2871540170162916,8849.846384022385,1478.073087176581
1785161389,25,,Aggregated,7.000000,0.000000,15,19,27,33,61,100,190,710,8200,8700,8800,77655,24,15,99.52389554783637,3.2871540170162916,8849.846384022385,1478.1153306290644
1785161390,25,,Aggregated,7.400000,0.000000,15,19,27,33,61,100,190,710,8200,8700,8800,77657,24,15,99.52167547685741,3.2871540170162916,8849.846384022385,1478.2357289104652
1785161391,25,,Aggregated,7.100000,0.000000,15,19,27,33,61,100,190,710,8200,8700,8800,77660,24,15,99.51837539198615,3.2871540170162916,8849.846384022385,1478.4938449652332
1785161392,25,,Aggregated,6.600000,0.000000,15,19,27,33,61,100,190,710,8200,8700,8800,77669,24,15,99.50886643665554,3.2871540170162916,8849.846384022385,1478.3967606123422
1785161393,25,,Aggregated,5.700000,0.000000,15,19,27,33,61,100,190,710,8200,8700,8800,77687,24,15,99.48891740702989,3.2871540170162916,8849.846384022385,1478.4611968540426
1785161394,25,,Aggregated,5.900000,0.000000,15,19,27,33,61,100,190,710,8200,8700,8800,77693,24,15,99.48224819419534,3.2871540170162916,8849.846384022385,1478.5572960240947
1785161395,25,,Aggregated,7.100000,0.000000,15,19,27,33,61,100,190,710,8200,8700,8800,77696,24,15,99.47882392842156,3.2871540170162916,8849.846384022385,1478.6575113261945
1785161396,25,,Aggregated,7.100000,0.000000,15,19,27,33,61,100,190,710,8200,8700,8800,77700,24,15,99.47464527702199,3.2871540170162916,8849.846384022385,1478.629703989704
1785161397,25,,Aggregated,7.400000,0.000000,15,19,27,33,61,100,190,710,8200,8700,8800,77705,24,15,99.46904025427634,3.2871540170162916,8849.846384022385,1478.7813654205006
1785161398,25,,Aggregated,6.800000,0.000000,15,19,27,33,61,100,190,710,8200,8700,8800,77712,24,15,99.4613033105394,3.2871540170162916,8849.846384022385,1478.6950921350629
1785161399,25,,Aggregated,7.200000,0.000000,15,19,27,33,61,100,190,710,8200,8700,8800,77716,24,15,99.45682676053308,3.2871540170162916,8849.846384022385,1478.6534561737608
1785161400,25,,Aggregated,6.500000,0.000000,15,19,27,33,61,100,190,710,8200,8700,8800,77724,24,15,99.45164303370612,3.2871540170162916,8849.846384022385,1478.5360635067675
1785161401,25,,Aggregated,6.100000,0.000000,15,19,27,33,61,100,190,710,8200,8700,8800,77739,24,15,99.4416330794834,3.2871540170162916,8849.846384022385,1478.4331030756764
1785161402,25,,Aggregated,6.100000,0.000000,15,19,27,33,61,100,190,710,8200,8700,8800,77744,24,15,99.43684657561697,3.2871540170162916,8849.846384022385,1478.4856323317556
1785161403,25,,Aggregated,6.100000,0.000000,15,19,27,33,61,100,190,710,8200,8700,8800,77748,24,15,99.43250296565184,3.2871540170162916,8849.846384022385,1478.5965040901374
1785161404,25,,Aggregated,7.500000,0.000000,15,19,27,33,61,100,190,710,8200,8700,8800,77763,24,15,99.41646596872533,3.2871540170162916,8849.846384022385,1478.5425202216993
1785161405,25,,Aggregated,6.200000,0.000000,15,19,27,33,61,100,190,710,8200,8700,8800,77776,24,15,99.40205876551563,3.2871540170162916,8849.846384022385,1478.3726085167661
1785161406,25,,Aggregated,6.200000,0.000000,15,19,27,33,61,100,190,710,8200,8700,8800,77778,24,15,99.39975208004643,3.2871540170162916,8849.846384022385,1478.3419733086478
1785161407,25,,Aggregated,7.300000,0.000000,15,19,27,33,61,100,190,710,8200,8700,8800,77784,24,15,99.39328310049568,3.2871540170162916,8849.846384022385,1478.3878046899106
1785161408,25,,Aggregated,7.800000,0.000000,15,19,26,33,61,100,190,710,8200,8700,8800,77808,24,15,99.36726493665007,3.2871540170162916,8849.846384022385,1478.0980361916513
1785161409,25,,Aggregated,7.800000,0.000000,15,19,26,33,61,100,190,710,8200,8700,8800,77813,24,15,99.36206910323058,3.2871540170162916,8849.846384022385,1478.2530039967614
1785161410,25,,Aggregated,7.800000,0.000000,15,19,26,33,61,100,190,710,8200,8700,8800,77824,24,15,99.35131268173036,3.2871540170162916,8849.846384022385,1478.1046078330592
1785161411,25,,Aggregated,9.700000,0.000000,15,19,26,33,61,100,190,710,8200,8700,8800,77830,24,15,99.34453023814783,3.2871540170162916,8849.846384022385,1478.0909417962225
1785161412,25,,Aggregated,10.600000,0.000000,15,19,26,33,61,100,190,710,8200,8700,8800,77843,24,15,99.33024735624619,3.2871540170162916,8849.846384022385,1478.0604935575452
1785161413,25,,Aggregated,8.900000,0.000000,15,19,26,33,61,100,190,710,8200,8700,8800,77855,24,15,99.31723585437054,3.2871540170162916,8849.846384022385,1478.1363303577164
1785161414,25,,Aggregated,9.800000,0.000000,15,19,26,33,61,100,190,710,8200,8700,8800,77859,24,15,99.3127276247705,3.2871540170162916,8849.846384022385,1478.0797724090985
1785161415,25,,Aggregated,9.700000,0.000000,15,19,26,33,61,100,190,710,8200,8700,8800,77873,24,15,99.29757678703318,3.2871540170162916,8849.846384022385,1478.1929166720172
1785161416,25,,Aggregated,9.600000,0.000000,15,19,26,33,61,100,190,710,8200,8700,8800,77878,24,15,99.29340972395767,3.2871540170162916,8849.846384022385,1478.3040139705693
1785161417,25,,Aggregated,10.300000,0.000000,15,19,26,33,61,100,190,710,8200,8700,8800,77882,24,15,99.28890740321884,3.2871540170162916,8849.846384022385,1478.4738964073856
1785161418,25,,Aggregated,9.700000,0.000000,15,19,26,33,61,100,190,710,8200,8700,8800,77885,24,15,99.28544159360895,3.2871540170162916,8849.846384022385,1478.5059767606085
1785161419,25,,Aggregated,9.800000,0.000000,15,19,26,33,61,100,190,710,8200,8700,8800,77895,24,15,99.2745234727219,3.2871540170162916,8849.846384022385,1478.3837987033828
1785161420,25,,Aggregated,8.800000,0.000000,15,19,26,33,61,100,190,710,8200,8700,8800,77910,24,15,99.25816876388153,3.2871540170162916,8849.846384022385,1478.183596457451
1785161421,25,,Aggregated,8.000000,0.000000,15,19,26,33,61,100,190,710,8200,8700,8800,77911,24,15,99.25700621432104,3.2871540170162916,8849.846384022385,1478.1709643054255
1785161422,25,,Aggregated,7.100000,0.000000,15,19,26,33,61,100,190,710,8200,8700,8800,77918,24,15,99.24911233172928,3.2871540170162916,8849.846384022385,1478.1389024358941
1785161423,25,,Aggregated,8.400000,0.000000,15,19,26,33,61,100,190,710,8200,8700,8800,77933,24,15,99.23239964681817,3.2871540170162916,8849.846384022385,1478.161651675157
1785161424,25,,Aggregated,7.100000,0.000000,15,19,26,33,61,100,190,710,8200,8700,8800,77942,24,15,99.3256080618065,3.2871540170162916,8849.846384022385,1478.1104410972262
1785161425,25,,Aggregated,7.600000,0.000000,15,19,26,33,61,100,190,710,8200,8700,8800,77945,24,15,99.32236118256543,3.2871540170162916,8849.846384022385,1478.2127910706267
1785161426,25,,Aggregated,7.800000,0.000000,15,19,26,33,61,100,190,710,8200,8700,8800,77956,24,15,99.31034684557824,3.2871540170162916,8849.846384022385,1478.0613679511519
1785161427,25,,Aggregated,7.200000,0.000000,15,19,26,33,61,100,190,710,8200,8700,8800,77962,24,15,99.30402846776458,3.2871540170162916,8849.846384022385,1477.9754367512378
1785161428,25,,Aggregated,7.200000,0.000000,15,19,26,33,61,100,190,710,8200,8700,8800,77964,24,15,99.3019103737867,3.2871540170162916,8849.846384022385,1477.9501821353444
1785161429,25,,Aggregated,8.000000,0.000000,15,19,26,33,61,100,190,710,8200,8700,8800,77967,24,15,99.29853522387656,3.2871540170162916,8849.846384022385,1477.923916528788
1785161430,25,,Aggregated,8.000000,0.000000,15,19,26,33,61,100,190,710,8200,8700,8800,77978,24,15,99.28660181306171,3.2871540170162916,8849.846384022385,1477.8330811254457
1785161431,25,,Aggregated,7.100000,0.000000,15,19,26,33,61,100,190,710,8200,8700,8800,77990,24,15,99.37598995327558,3.2871540170162916,8849.846384022385,1477.6850365431465
1785161432,25,,Aggregated,7.200000,0.000000,15,19,26,33,61,100,190,710,8200,8700,8800,78000,24,15,99.36518205984687,3.2871540170162916,8849.846384022385,1477.8827948717949
1785161433,25,,Aggregated,6.900000,0.000000,15,19,26,33,61,100,190,710,8200,8700,8800,78006,24,15,99.35837178940743,3.2871540170162916,8849.846384022385,1477.9456323872523
1785161434,25,,Aggregated,7.800000,0.000000,15,19,26,33,61,100,190,710,8200,8700,8800,78021,24,15,99.34255856457688,3.2871540170162916,8849.846384022385,1477.9709180861562
1785161435,25,,Aggregated,8.000000,0.000000,15,19,26,33,61,100,190,710,8200,8700,8800,78027,24,15,99.43915599448663,3.2871540170162916,8849.846384022385,1477.8757737706178
1785161436,25,,Aggregated,7.300000,0.000000,15,19,26,33,61,100,190,710,8200,8700,8800,78042,24,15,99.42310458396183,3.2871540170162916,8849.846384022385,1477.8369852130904
1785161437,25,,Aggregated,7.300000,0.000000,15,19,26,33,61,100,190,710,8200,8700,8800,78044,24,15,99.42114887193976,3.2871540170162916,8849.846384022385,1477.8315437445544
1785161438,25,,Aggregated,8.000000,0.000000,15,19,26,33,61,100,190,710,8200,8700,8800,78051,24,15,99.41345233758496,3.2871540170162916,8849.846384022385,1478.0384492191004
1785161439,25,,Aggregated,8.300000,0.000000,15,19,26,33,61,100,190,710,8200,8700,8800,78063,24,15,99.40033850365054,3.2871540170162916,8849.846384022385,1478.1063756196918
1785161440,25,,Aggregated,8.200000,0.000000,15,19,26,33,61,100,190,710,8200,8700,8800,78068,24,15,99.39473348038642,3.2871540170162916,8849.846384022385,1478.2170031254805
1785161441,25,,Aggregated,8.700000,0.000000,15,19,26,33,61,100,190,710,8200,8700,8800,78071,24,15,99.3913560010123,3.2871540170162916,8849.846384022385,1478.2518476771145
1785161442,25,,Aggregated,9.600000,0.000000,15,19,26,33,61,100,190,710,8200,8700,8800,78072,24,15,99.39064160108528,3.2871540170162916,8849.846384022385,1478.2654857055027
1785161443,25,,Aggregated,8.900000,0.000000,15,19,26,33,61,100,190,710,8200,8700,8800,78083,24,15,99.37864155494503,3.2871540170162916,8849.846384022385,1478.1041071680136
1785161444,25,,Aggregated,8.000000,0.000000,15,19,26,33,61,100,190,710,8200,8700,8800,78084,24,15,99.37907443652772,3.2871540170162916,8849.846384022385,1478.1159904717997
1785161445,25,,Aggregated,7.100000,0.000000,15,19,26,33,61,100,190,710,8200,8700,8800,78113,24,15,99.35109002855103,3.2871540170162916,8849.846384022385,1477.9178753856593
1785161446,25,,Aggregated,7.400000,0.000000,15,19,26,33,61,100,190,710,8200,8700,8800,78117,24,15,99.34655560934394,3.2871540170162916,8849.846384022385,1478.0950881370252
1785161447,25,,Aggregated,6.100000,0.000000,15,19,26,33,61,100,190,710,8200,8700,8800,78121,24,15,99.44487022320466,3.2871540170162916,8849.846384022385,1478.1398599608299
1785161449,25,,Aggregated,8.600000,0.000000,15,19,26,33,61,100,190,710,8200,8700,8800,78131,24,15,99.43519379018724,3.2871540170162916,8849.846384022385,1477.9997184216252
1785161450,25,,Aggregated,7.300000,0.000000,15,19,26,33,61,100,190,710,8200,8700,8800,78135,24,15,99.43087749350526,3.2871540170162916,8849.846384022385,1478.0737953541948
1785161451,25,,Aggregated,7.500000,0.000000,15,19,26,33,61,100,190,710,8200,8700,8800,78140,24,15,99.52816898007391,3.2871540170162916,8849.846384022385,1478.000012797543
1785161452,25,,Aggregated,8.000000,0.000000,15,19,26,33,61,100,190,710,8200,8700,8800,78144,24,15,99.5239416592082,3.2871540170162916,8849.846384022385,1477.950923935299
1785161453,25,,Aggregated,7.200000,0.000000,15,19,26,33,61,100,190,710,8200,8700,8800,78147,24,15,99.62324101341179,3.2871540170162916,8849.846384022385,1477.9152750585436
1785161454,25,,Aggregated,7.200000,0.000000,15,19,26,33,61,100,190,710,8200,8700,8800,78160,24,15,99.71124369959037,3.2871540170162916,8849.846384022385,1477.8214559877174
1785161455,25,,Aggregated,7.400000,0.000000,15,19,26,33,61,100,190,710,8200,8700,8800,78176,24,15,99.69422914422901,3.2871540170162916,8849.846384022385,1477.9366557511257
1785161456,25,,Aggregated,7.400000,0.000000,15,19,26,33,61,100,190,710,8200,8700,8800,78186,24,15,99.78620760414198,3.2871540170162916,8849.846384022385,1477.7974957153453
1785161457,25,,Aggregated,8.800000,0.000000,15,19,26,33,61,100,190,710,8200,8700,8800,78190,24,15,99.88423640893534,3.2871540170162916,8849.846384022385,1477.879895127254
1785161458,25,,Aggregated,7.300000,0.000000,15,19,26,33,61,100,190,710,8200,8700,8800,78196,24,15,99.87741886336053,3.2871540170162916,8849.846384022385,1477.8687017238733
1785161459,25,,Aggregated,7.300000,0.000000,15,19,26,33,61,100,190,710,8200,8700,8800,78216,24,15,99.85549278664332,3.2871540170162916,8849.846384022385,1477.7050475606013
1785161460,25,,Aggregated,7.200000,0.000000,15,19,26,33,61,100,190,710,8200,8700,8800,78224,24,15,99.949782538452,3.2871540170162916,8849.846384022385,1477.591595929638
1785161461,25,,Aggregated,8.500000,0.000000,15,19,26,33,61,100,190,710,8200,8700,8800,78231,24,15,99.94228994552743,3.2871540170162916,8849.846384022385,1477.5277319732586
1785161462,25,,Aggregated,8.900000,0.000000,15,19,26,33,61,100,190,710,8200,8700,8800,78237,24,15,99.93560245658519,3.2871540170162916,8849.846384022385,1477.612587394711
1785161463,25,,Aggregated,8.900000,0.000000,15,19,26,33,61,100,190,710,8200,8700,8800,78239,24,15,99.93331606538858,3.2871540170162916,8849.846384022385,1477.5823949692608
1785161464,25,,Aggregated,9.100000,0.000000,15,19,26,33,61,100,190,710,8200,8700,8800,78248,24,15,99.92338977753045,3.2871540170162916,8849.846384022385,1477.4585931908803
1785161465,25,,Aggregated,9.300000,0.000000,15,19,26,33,61,100,190,710,8200,8700,8800,78265,24,15,99.90649682369174,3.2871540170162916,8849.846384022385,1477.228301284099
1785161466,25,,Aggregated,8.600000,0.000000,15,19,26,33,61,100,190,710,8200,8700,8800,78274,24,15,99.89662993860402,3.2871540170162916,8849.846384022385,1477.303536295577
1785161467,25,,Aggregated,9.000000,0.000000,15,19,26,33,61,100,190,710,8200,8700,8800,78291,24,15,99.87794917839491,3.2871540170162916,8849.846384022385,1477.0683092564918
1785161468,25,,Aggregated,9.000000,0.000000,15,19,26,33,61,100,190,710,8200,8700,8800,78295,24,15,99.87360431686437,3.2871540170162916,8849.846384022385,1477.0887029823105
1785161469,25,,Aggregated,10.100000,0.000000,15,19,26,33,61,100,190,710,8200,8700,8800,78301,24,15,99.86692989047364,3.2871540170162916,8849.846384022385,1477.0100126435166
1785161470,25,,Aggregated,10.000000,0.000000,15,19,26,33,61,100,190,710,8200,8700,8800,78314,24,15,99.85267253188444,3.2871540170162916,8849.846384022385,1476.8389049212146
1785161471,25,,Aggregated,10.000000,0.000000,15,19,26,33,61,100,190,710,8200,8700,8800,78323,24,15,99.84272516425803,3.2871540170162916,8849.846384022385,1476.7182436832093
1785161472,25,,Aggregated,8.400000,0.000000,15,19,26,33,61,100,190,710,8200,8700,8800,78332,24,15,99.83304890758563,3.2871540170162916,8849.846384022385,1476.9015855589032
1785161473,25,,Aggregated,9.300000,0.000000,15,19,26,33,61,100,190,710,8200,8700,8800,78340,24,15,99.8241146915354,3.2871540170162916,8849.846384022385,1476.9335333163135
1785161474,25,,Aggregated,9.500000,0.000000,15,19,26,33,61,100,190,710,8200,8700,8800,78349,24,15,99.81422028136355,3.2871540170162916,8849.846384022385,1476.8115993822512
1785161475,25,,Aggregated,9.700000,0.000000,15,19,26,32,61,100,190,710,8200,8700,8800,78366,24,15,99.79586468223101,3.2871540170162916,8849.846384022385,1476.7677691856163
1785161476,25,,Aggregated,9.900000,0.000000,15,19,26,32,61,100,190,710,8200,8700,8800,78373,24,15,99.78870460229899,3.2871540170162916,8849.846384022385,1476.7008408508032
1785161477,25,,Aggregated,8.900000,0.000000,15,19,26,32,61,100,190,710,8200,8700,8800,78387,24,15,99.77327979199596,3.2871540170162916,8849.846384022385,1476.596565757077
1785161478,25,,Aggregated,9.400000,0.000000,15,19,26,32,61,100,190,710,8200,8700,8800,78404,24,15,99.75491928725204,3.2871540170162916,8849.846384022385,1476.8059537778686
1785161479,25,,Aggregated,8.700000,0.000000,15,19,26,32,61,100,190,710,8200,8700,8800,78409,24,15,99.74976304567029,3.2871540170162916,8849.846384022385,1476.8915175553827
1785161480,25,,Aggregated,10.000000,0.000000,15,19,26,32,61,100,190,710,8200,8700,8800,78416,24,15,99.74196996310421,3.2871540170162916,8849.846384022385,1476.9646118139156
1785161481,25,,Aggregated,10.900000,0.000000,15,19,26,32,61,100,190,710,8200,8700,8800,78419,24,15,99.73882375199805,3.2871540170162916,8849.846384022385,1476.9391856565373
1785161482,25,,Aggregated,10.400000,0.000000,15,19,26,32,61,100,190,710,8200,8700,8800,78433,24,15,99.82672533361021,3.2871540170162916,8849.846384022385,1476.8926089783638
1785161483,25,,Aggregated,10.400000,0.000000,15,19,26,32,61,100,190,710,8200,8700,8800,78439,24,15,99.82116483520991,3.2871540170162916,8849.846384022385,1476.8132816583586
1785161484,25,,Aggregated,9.400000,0.000000,15,19,26,32,61,100,190,710,8200,8700,8800,78446,24,15,99.8138725919998,3.2871540170162916,8849.846384022385,1476.8874002498535
1785161485,25,,Aggregated,10.300000,0.000000,15,19,26,32,61,100,190,710,8200,8700,8800,78450,24,15,99.8094028831205,3.2871540170162916,8849.846384022385,1477.0566220522626
1785161486,25,,Aggregated,10.300000,0.000000,15,19,26,32,61,100,190,710,8200,8700,8800,78453,24,15,99.80601746712144,3.2871540170162916,8849.846384022385,1477.0168126139217
1785161487,25,,Aggregated,9.600000,0.000000,15,19,26,32,61,100,190,710,8200,8700,8800,78467,24,15,99.79053475519841,3.2871540170162916,8849.846384022385,1477.0516013101048
1785161488,25,,Aggregated,8.700000,0.000000,15,19,26,32,61,100,190,710,8200,8700,8800,78477,24,15,99.77984653486658,3.2871540170162916,8849.846384022385,1477.071447685309
1785161489,25,,Aggregated,8.700000,0.000000,15,19,26,32,61,100,190,710,8200,8700,8800,78494,24,15,99.76157590213707,3.2871540170162916,8849.846384022385,1476.8351848548934
1785161490,25,,Aggregated,7.900000,0.000000,15,19,26,32,61,100,190,710,8200,8700,8800,78499,24,15,99.75753176114564,3.2871540170162916,8849.846384022385,1476.9752480923323
1785161491,25,,Aggregated,8.100000,0.000000,15,19,26,32,61,100,190,710,8200,8700,8800,78503,24,15,99.75334643496991,3.2871540170162916,8849.846384022385,1476.9990955759652
1785161492,25,,Aggregated,8.400000,0.000000,15,19,26,32,61,100,190,710,8200,8700,8800,78505,24,15,99.75129360732934,3.2871540170162916,8849.846384022385,1476.9964460862366
1785161493,25,,Aggregated,8.300000,0.000000,15,19,26,32,61,100,190,710,8200,8700,8800,78510,24,15,99.74567562400647,3.2871540170162916,8849.846384022385,1476.9381734810852
1785161494,25,,Aggregated,8.000000,0.000000,15,19,26,32,61,100,190,710,8200,8700,8800,78524,24,15,99.73087593910873,3.2871540170162916,8849.846384022385,1477.1182695736336
1785161495,25,,Aggregated,6.600000,0.000000,15,19,26,32,61,100,190,710,8200,8700,8800,78526,24,15,99.72859576148716,3.2871540170162916,8849.846384022385,1477.0882000865956
1785161496,25,,Aggregated,7.700000,0.000000,15,19,26,32,61,100,190,710,8200,8700,8800,78528,24,15,99.72630820391917,3.2871540170162916,8849.846384022385,1477.1347162795437
1785161497,25,,Aggregated,7.600000,0.000000,15,19,26,32,61,100,190,710,8200,8700,8800,78532,24,15,99.7217324364495,3.2871540170162916,8849.846384022385,1477.1458768400144
1785161498,25,,Aggregated,7.300000,0.000000,15,19,26,32,61,100,190,710,8200,8700,8800,78555,24,15,99.79924121785933,3.2871540170162916,8849.846384022385,1476.9177773534466
1785161499,25,,Aggregated,6.500000,0.000000,15,19,26,32,61,100,190,710,8200,8700,8800,78562,24,15,99.7913752830352,3.2871540170162916,8849.846384022385,1477.0395356533693
1785161500,25,,Aggregated,6.000000,0.000000,15,19,26,32,61,100,190,710,8200,8700,8800,78566,24,15,99.78702879806625,3.2871540170162916,8849.846384022385,1477.1434971870783
1785161501,25,,Aggregated,6.900000,0.000000,15,19,26,32,61,100,190,710,8200,8700,8800,78575,24,15,99.77736320243773,3.2871540170162916,8849.846384022385,1477.1881387209671
1785161502,25,,Aggregated,6.800000,0.000000,15,19,26,32,61,100,190,710,8200,8700,8800,78581,24,15,99.77073361381298,3.2871540170162916,8849.846384022385,1477.2702688945164
1785161503,25,,Aggregated,6.600000,0.000000,15,19,26,32,61,100,190,710,8200,8700,8800,78589,24,15,99.76188275542148,3.2871540170162916,8849.846384022385,1477.3993815928438
1785161504,25,,Aggregated,7.100000,0.000000,15,19,26,32,61,100,190,710,8200,8700,8800,78593,24,15,99.7574617748762,3.2871540170162916,8849.846384022385,1477.3352461415138
1785161505,25,,Aggregated,7.600000,0.000000,15,19,26,32,61,100,190,710,8200,8700,8800,78605,24,15,99.74465738712061,3.2871540170162916,8849.846384022385,1477.164811398766
1785161506,25,,Aggregated,7.200000,0.000000,15,19,26,32,61,100,190,710,8200,8700,8800,78623,24,15,99.72506657732595,3.2871540170162916,8849.846384022385,1477.3795454256388
1785161507,25,,Aggregated,6.900000,0.000000,15,19,26,32,61,100,190,710,8200,8700,8800,78628,24,15,99.71968240617181,3.2871540170162916,8849.846384022385,1477.3842015566975
1785161508,25,,Aggregated,7.900000,0.000000,15,19,26,32,61,100,190,710,8200,8700,8800,78632,24,15,99.81718913120666,3.2871540170162916,8849.846384022385,1477.3254908942924
1785161510,25,,Aggregated,9.400000,0.000000,15,19,26,32,61,100,190,710,8200,8700,8800,78640,24,15,99.80881078930128,3.2871540170162916,8849.846384022385,1477.2482197355037
1785161511,25,,Aggregated,7.600000,0.000000,15,19,26,32,61,100,190,710,8200,8700,8800,78661,24,15,99.78690535606647,3.2871540170162916,8849.846384022385,1477.1190297606183
1785161512,25,,Aggregated,7.600000,0.000000,15,19,26,32,61,100,190,710,8200,8700,8800,78666,24,15,99.78137979166617,3.2871540170162916,8849.846384022385,1477.0925812930618
1785161513,25,,Aggregated,7.600000,0.000000,15,19,26,32,61,100,190,710,8200,8700,8800,78668,24,15,99.77914277203192,3.2871540170162916,8849.846384022385,1477.0646768698837
1785161514,25,,Aggregated,9.400000,0.000000,15,19,26,32,61,100,190,710,8200,8700,8800,78671,24,15,99.7757422035062,3.2871540170162916,8849.846384022385,1477.025536728909
1785161515,25,,Aggregated,9.100000,0.000000,15,19,26,32,61,100,190,710,8200,8700,8800,78675,24,15,99.77133122734159,3.2871540170162916,8849.846384022385,1476.9649443914839
1785161516,25,,Aggregated,8.200000,0.000000,15,19,26,32,61,100,190,710,8200,8700,8800,78691,24,15,99.75379913087761,3.2871540170162916,8849.846384022385,1476.7508355466318
1785161517,25,,Aggregated,8.200000,0.000000,15,19,26,32,61,100,190,710,8200,8700,8800,78696,24,15,99.74826741314388,3.2871540170162916,8849.846384022385,1476.6683567144455
1785161518,25,,Aggregated,8.200000,0.000000,15,19,26,32,61,100,190,710,8200,8700,8800,78705,24,15,99.73833824376663,3.2871540170162916,8849.846384022385,1476.697643097643
1785161519,25,,Aggregated,8.500000,0.000000,15,19,26,32,61,100,190,710,8200,8700,8800,78709,24,15,99.7338051297535,3.2871540170162916,8849.846384022385,1476.6251889872822
1785161520,25,,Aggregated,7.300000,0.000000,15,19,26,32,61,100,190,710,8200,8700,8800,78711,24,15,99.73158924232453,3.2871540170162916,8849.846384022385,1476.6006276124049
1785161521,25,,Aggregated,7.700000,0.000000,15,19,26,32,61,100,190,710,8200,8700,8800,78713,24,15,99.83122949337191,3.2871540170162916,8849.846384022385,1476.5650908998514
1785161522,25,,Aggregated,7.100000,0.000000,15,19,26,32,61,100,190,710,8200,8700,8800,78719,24,15,99.82461011617114,3.2871540170162916,8849.846384022385,1476.4764796300767
1785161523,25,,Aggregated,5.300000,0.000000,15,19,26,32,61,100,190,710,8200,8700,8800,78723,24,15,99.8203493445774,3.2871540170162916,8849.846384022385,1476.5872997726206
1785161524,25,,Aggregated,5.200000,0.000000,15,19,26,32,61,100,190,710,8200,8700,8800,78726,24,15,99.81699838300179,3.2871540170162916,8849.846384022385,1476.548205167289
1785161525,25,,Aggregated,5.400000,0.000000,15,19,26,32,61,100,190,710,8200,8700,8800,78748,24,15,99.7932477584699,3.2871540170162916,8849.846384022385,1476.256158886575
1785161526,25,,Aggregated,5.200000,0.000000,15,19,26,32,61,100,190,710,8200,8700,8800,78757,24,15,99.78521506221576,3.2871540170162916,8849.846384022385,1476.3560699366406
1785161527,25,,Aggregated,5.200000,0.000000,15,19,26,32,61,100,190,710,8200,8700,8800,78761,24,15,99.78083022805501,3.2871540170162916,8849.846384022385,1476.4593390129633
1785161528,25,,Aggregated,6.500000,0.000000,15,19,26,32,61,100,190,710,8200,8700,8800,78772,24,15,99.76878035224607,3.2871540170162916,8849.846384022385,1476.3230462600925
1785161529,25,,Aggregated,6.500000,0.000000,15,19,26,32,61,100,190,710,8200,8700,8800,78776,24,15,99.76471444606409,3.2871540170162916,8849.846384022385,1476.427985680918
1785161530,25,,Aggregated,5.700000,0.000000,15,19,26,32,61,100,190,710,8200,8700,8800,78790,24,15,99.75090071776505,3.2871540170162916,8849.846384022385,1476.2485213859627
1785161531,25,,Aggregated,5.700000,0.000000,15,19,26,32,61,100,190,710,8200,8700,8800,78792,24,15,99.74870500941238,3.2871540170162916,8849.846384022385,1476.2287414965986
1785161532,25,,Aggregated,7.500000,0.000000,15,19,26,32,61,100,190,710,8200,8700,8800,78796,24,15,99.94780719200108,3.2871540170162916,8849.846384022385,1476.1577618153206
1785161533,25,,Aggregated,7.900000,0.000000,15,19,26,32,61,100,190,710,8200,8700,8800,78808,24,15,99.93481149146277,3.2871540170162916,8849.846384022385,1476.1509998984875
1785161534,25,,Aggregated,7.600000,0.000000,15,19,26,32,61,100,190,710,8200,8700,8800,78811,24,15,100.0332464039034,3.2871540170162916,8849.846384022385,1476.2512593419701
1785161535,25,,Aggregated,8.500000,0.000000,15,19,26,32,61,100,190,710,8200,8700,8800,78818,24,15,100.02572215920162,3.2871540170162916,8849.846384022385,1476.236912887919
1785161536,25,,Aggregated,8.700000,0.000000,15,19,26,32,61,100,190,710,8200,8700,8800,78823,24,15,100.22363230909816,3.2871540170162916,8849.846384022385,1476.1530137142713
1785161537,25,,Aggregated,7.200000,0.000000,15,19,26,32,61,100,190,710,8200,8700,8800,78836,24,15,100.31116133494943,3.2871540170162916,8849.846384022385,1476.0139910700696
1785161538,25,,Aggregated,6.700000,0.000000,15,19,26,32,61,100,190,710,8200,8700,8800,78839,24,15,100.40964071922357,3.2871540170162916,8849.846384022385,1475.9628483364831
1785161539,25,,Aggregated,6.700000,0.000000,15,19,26,32,61,100,190,710,8200,8700,8800,78844,24,15,100.40414955689741,3.2871540170162916,8849.846384022385,1475.9914895236163
1785161540,25,,Aggregated,7.600000,0.000000,15,19,26,32,61,100,190,710,8200,8700,8800,78850,24,15,100.39775755405827,3.2871540170162916,8849.846384022385,1476.161407736208
1785161541,25,,Aggregated,6.700000,0.000000,15,19,26,32,61,100,190,710,8200,8700,8800,78856,24,15,100.39111746960532,3.2871540170162916,8849.846384022385,1476.085396165162
1785161542,25,,Aggregated,6.000000,0.000000,15,19,26,32,61,100,190,710,8200,8700,8800,78866,24,15,100.38020537587681,3.2871540170162916,8849.846384022385,1475.9413435447468
1785161543,25,,Aggregated,5.800000,0.000000,15,19,26,32,61,100,190,720,8200,8700,8800,78874,24,15,100.47307406855074,3.2871540170162916,8849.846384022385,1476.0427897659558
1785161544,25,,Aggregated,6.600000,0.000000,15,19,26,32,61,100,190,720,8200,8700,8800,78879,24,15,100.46869140440289,3.2871540170162916,8849.846384022385,1476.192979119918
1785161545,25,,Aggregated,6.100000,0.000000,15,19,26,32,61,100,190,720,8200,8700,8800,78886,24,15,100.46101542960243,3.2871540170162916,8849.846384022385,1476.0983951524986
1785161546,25,,Aggregated,6.700000,0.000000,15,19,26,32,61,100,190,720,8200,8700,8800,78890,24,15,100.55813620355767,3.2871540170162916,8849.846384022385,1476.0275066548359
1785161547,25,,Aggregated,6.700000,0.000000,15,19,26,32,61,100,190,720,8200,8700,8800,78898,24,15,100.54928214114216,3.2871540170162916,8849.846384022385,1475.9109102892342
1785161548,25,,Aggregated,6.700000,0.000000,15,19,26,32,61,100,190,720,8200,8700,8800,78901,24,15,100.54609731741036,3.2871540170162916,8849.846384022385,1475.8719407865553
1785161549,25,,Aggregated,6.400000,0.000000,15,19,26,32,61,100,190,720,8200,8700,8800,78912,24,15,100.63574865693084,3.2871540170162916,8849.846384022385,1475.8065059813464
1785161550,25,,Aggregated,6.000000,0.000000,15,19,26,32,61,100,190,720,8200,8700,8800,78914,24,15,100.7354579614101,3.2871540170162916,8849.846384022385,1475.7837772765288
1785161551,25,,Aggregated,6.000000,0.000000,15,19,26,32,61,100,190,720,8200,8700,8800,78923,24,15,100.72534968164521,3.2871540170162916,8849.846384022385,1475.7263915461906
1785161552,25,,Aggregated,6.600000,0.000000,15,19,26,32,61,100,190,720,8200,8700,8800,78925,24,15,100.72324464070184,3.2871540170162916,8849.846384022385,1475.6986126069053
1785161553,25,,Aggregated,6.800000,0.000000,15,19,26,32,61,100,190,720,8200,8700,8800,78936,24,15,100.71100109754273,3.2871540170162916,8849.846384022385,1475.6290159116247
1785161554,25,,Aggregated,6.300000,0.000000,15,19,26,32,61,100,190,720,8200,8700,8800,78947,24,15,100.80072346615013,3.2871540170162916,8849.846384022385,1475.4838309245442
1785161555,25,,Aggregated,6.200000,0.000000,15,19,26,32,61,100,190,720,8200,8700,8800,78958,24,15,100.78851934530883,3.2871540170162916,8849.846384022385,1475.7113528711466
1785161556,25,,Aggregated,6.200000,0.000000,15,19,26,32,61,100,190,720,8200,8700,8800,78967,24,15,100.77976768567055,3.2871540170162916,8849.846384022385,1475.5778363113707
1785161557,25,,Aggregated,6.900000,0.000000,15,19,26,32,61,100,190,720,8200,8700,8800,78972,24,15,100.77409677303513,3.2871540170162916,8849.846384022385,1475.5741528643064
1785161558,25,,Aggregated,7.300000,0.000000,15,19,26,32,61,100,190,720,8200,8700,8800,78984,24,15,100.76073400295239,3.2871540170162916,8849.846384022385,1475.5489719436848
1785161559,25,,Aggregated,7.700000,0.000000,15,19,26,32,61,100,190,720,8200,8700,8800,78991,24,15,100.75298641020083,3.2871540170162916,8849.846384022385,1475.6691648415642
1785161560,25,,Aggregated,7.600000,0.000000,15,19,26,32,61,100,190,720,8200,8700,8800,78998,24,15,100.7453693001541,3.2871540170162916,8849.846384022385,1475.6391301045596
1785161561,25,,Aggregated,8.200000,0.000000,15,19,26,32,61,100,190,720,8200,8700,8800,79002,24,15,100.74084261763609,3.2871540170162916,8849.846384022385,1475.684185210501
1785161562,25,,Aggregated,7.900000,0.000000,15,19,26,32,61,100,190,720,8200,8700,8800,79020,24,15,100.72088833938437,3.2871540170162916,8849.846384022385,1475.4540496076943
1785161563,25,,Aggregated,8.000000,0.000000,15,19,26,32,61,100,190,720,8200,8700,8800,79026,24,15,100.71407960546864,3.2871540170162916,8849.846384022385,1475.5151216055476
1785161564,25,,Aggregated,7.900000,0.000000,15,19,26,32,61,100,190,720,8200,8700,8800,79035,24,15,100.70440523712783,3.2871540170162916,8849.846384022385,1475.5884101980134
1785161566,25,,Aggregated,9.000000,0.000000,15,19,26,32,61,100,190,720,8200,8700,8800,79039,24,15,100.70002944654895,3.2871540170162916,8849.846384022385,1475.6452890345272
1785161567,25,,Aggregated,8.700000,0.000000,15,19,26,32,61,100,190,720,8200,8700,8800,79044,24,15,100.69474259789057,3.2871540170162916,8849.846384022385,1475.5833333333333
1785161568,25,,Aggregated,8.700000,0.000000,15,19,26,32,61,100,190,720,8200,8700,8800,79050,24,15,100.68837237342306,3.2871540170162916,8849.846384022385,1475.6517267552183
1785161569,25,,Aggregated,7.700000,0.000000,15,19,26,32,60,100,190,720,8200,8700,8800,79064,24,15,100.67268904353153,3.2871540170162916,8849.846384022385,1475.629768288981
1785161570,25,,Aggregated,7.500000,0.000000,15,19,26,32,60,100,190,720,8200,8700,8800,79074,24,15,100.66305828999268,3.2871540170162916,8849.846384022385,1475.6700306042442
1785161571,25,,Aggregated,8.000000,0.000000,15,19,26,32,60,100,190,720,8200,8700,8800,79079,24,15,100.6574732243504,3.2871540170162916,8849.846384022385,1475.7806876667637
1785161572,25,,Aggregated,8.000000,0.000000,15,19,26,32,60,100,190,720,8200,8700,8800,79081,24,15,100.65524437766979,3.2871540170162916,8849.846384022385,1475.7482454698347
1785161573,25,,Aggregated,8.300000,0.000000,15,19,26,32,60,100,190,720,8200,8700,8800,79087,24,15,100.64852491396054,3.2871540170162916,8849.846384022385,1475.8588769329979
1785161574,25,,Aggregated,7.900000,0.000000,15,19,26,32,60,100,190,720,8200,8700,8800,79093,24,15,100.64188444221632,3.2871540170162916,8849.846384022385,1475.8941372814281
1785161575,25,,Aggregated,6.700000,0.000000,15,19,26,32,60,100,190,720,8200,8700,8800,79101,24,15,100.63322180719747,3.2871540170162916,8849.846384022385,1475.7710648411523
1785161576,25,,Aggregated,6.700000,0.000000,15,19,26,32,60,100,190,720,8200,8700,8800,79103,24,15,100.6314351627907,3.2871540170162916,8849.846384022385,1475.7424117922203
1785161577,25,,Aggregated,6.400000,0.000000,15,19,26,32,60,100,190,720,8200,8700,8800,79119,24,15,100.61837466879582,3.2871540170162916,8849.846384022385,1475.8458524501068
1785161578,25,,Aggregated,6.400000,0.000000,15,19,26,32,60,100,190,720,8200,8700,8800,79125,24,15,100.61194982487373,3.2871540170162916,8849.846384022385,1475.9205181674565
1785161579,25,,Aggregated,6.400000,0.000000,15,19,26,32,60,100,190,720,8200,8700,8800,79127,24,15,100.60976677706947,3.2871540170162916,8849.846384022385,1476.0387351978466
1785161580,25,,Aggregated,7.400000,0.000000,15,19,26,32,60,100,190,720,8200,8700,8800,79129,24,15,100.60747017154232,3.2871540170162916,8849.846384022385,1476.0127513301065
1785161581,25,,Aggregated,7.500000,0.000000,15,19,26,32,60,100,190,720,8200,8700,8800,79131,24,15,100.60529709640907,3.2871540170162916,8849.846384022385,1476.130960053582
1785161582,25,,Aggregated,5.500000,0.000000,15,19,26,32,60,100,190,720,8200,8700,8800,79147,24,15,100.58752821060678,3.2871540170162916,8849.846384022385,1475.9117717664599
1785161583,25,,Aggregated,5.300000,0.000000,15,19,26,32,60,100,190,720,8200,8700,8800,79153,24,15,100.58084907819094,3.2871540170162916,8849.846384022385,1475.8194509367934
1785161584,25,,Aggregated,5.500000,0.000000,15,19,26,32,60,100,190,720,8200,8700,8800,79166,24,15,100.56656405948534,3.2871540170162916,8849.846384022385,1475.790314023697
1785161585,25,,Aggregated,5.500000,0.000000,15,19,26,32,60,100,190,720,8200,8700,8800,79170,24,15,100.56216617328234,3.2871540170162916,8849.846384022385,1475.952595680182
1785161586,25,,Aggregated,7.300000,0.000000,15,19,26,32,60,100,190,720,8200,8700,8800,79174,24,15,100.55822597728634,3.2871540170162916,8849.846384022385,1476.0449516255337
1785161587,25,,Aggregated,7.300000,0.000000,15,19,26,32,60,100,190,720,8200,8700,8800,79183,24,15,100.54855543072922,3.2871540170162916,8849.846384022385,1475.9146912847455
1785161588,25,,Aggregated,7.000000,0.000000,15,19,26,32,60,100,190,720,8200,8700,8800,79189,24,15,100.54186173873009,3.2871540170162916,8849.846384022385,1475.899821944967
1785161589,25,,Aggregated,6.500000,0.000000,15,19,26,32,60,100,190,720,8200,8700,8800,79195,24,15,100.53518197445239,3.2871540170162916,8849.846384022385,1475.8098491066355
1785161590,25,,Aggregated,6.300000,0.000000,15,19,26,32,60,100,190,720,8200,8700,8800,79201,24,15,100.52862073340867,3.2871540170162916,8849.846384022385,1475.721417658868
1785161591,25,,Aggregated,6.700000,0.000000,15,19,26,32,60,100,190,720,8200,8700,8800,79212,24,15,100.51657734327729,3.2871540170162916,8849.846384022385,1475.623201030147
1785161592,25,,Aggregated,6.800000,0.000000,15,19,26,32,60,100,190,720,8200,8700,8800,79222,24,15,100.50579814054959,3.2871540170162916,8849.846384022385,1475.6795965767085
1785161593,25,,Aggregated,7.100000,0.000000,15,19,26,32,60,100,190,720,8200,8700,8800,79229,24,15,100.49788882537625,3.2871540170162916,8849.846384022385,1475.9477337843466
1785161594,25,,Aggregated,8.100000,0.000000,15,19,26,32,60,100,190,720,8200,8700,8800,79233,24,15,100.49353408599919,3.2871540170162916,8849.846384022385,1475.8822334128456
1785161595,25,,Aggregated,7.700000,0.000000,15,19,26,32,60,100,190,720,8200,8700,8800,79245,24,15,100.48076963537882,3.2871540170162916,8849.846384022385,1475.7402612152187
1785161596,25,,Aggregated,7.700000,0.000000,15,19,26,32,60,100,190,720,8200,8700,8800,79246,24,15,100.47964898052399,3.2871540170162916,8849.846384022385,1475.8752618428691
1785161597,25,,Aggregated,6.700000,0.000000,15,19,26,32,60,100,190,720,8200,8700,8800,79249,24,15,100.47631675419936,3.2871540170162916,8849.846384022385,1475.8335120947897
1785161598,25,,Aggregated,7.300000,0.000000,15,19,26,32,60,100,190,720,8200,8700,8800,79257,24,15,100.46739002915226,3.2871540170162916,8849.846384022385,1475.7305979282587
1785161599,25,,Aggregated,6.600000,0.000000,15,19,26,32,60,100,190,720,8200,8700,8800,79263,24,15,100.46065595751523,3.2871540170162916,8849.846384022385,1475.743083153552
1785161600,25,,Aggregated,6.100000,0.000000,15,19,26,32,60,100,190,720,8200,8700,8800,79270,24,15,100.45294253699791,3.2871540170162916,8849.846384022385,1475.6469660653463
1785161601,25,,Aggregated,6.500000,0.000000,15,19,26,32,60,100,190,720,8200,8700,8800,79277,24,15,100.4453576885578,3.2871540170162916,8849.846384022385,1475.9245808998826
1785161602,25,,Aggregated,6.900000,0.000000,15,19,26,32,60,100,190,720,8200,8700,8800,79291,24,15,100.43007786735629,3.2871540170162916,8849.846384022385,1475.7250507623817
1785161603,25,,Aggregated,6.900000,0.000000,15,19,26,32,60,100,190,710,8200,8700,8800,79304,24,15,100.41653153092349,3.2871540170162916,8849.846384022385,1475.7405679410874
1785161604,25,,Aggregated,6.200000,0.000000,15,19,26,32,60,100,190,710,8200,8700,8800,79310,24,15,100.4097413475286,3.2871540170162916,8849.846384022385,1475.7253183709495
1785161605,25,,Aggregated,6.200000,0.000000,15,19,26,32,60,100,190,710,8200,8700,8800,79311,24,15,100.40875308028346,3.2871540170162916,8849.846384022385,1475.7070141594481
1785161606,25,,Aggregated,7.400000,0.000000,15,19,26,32,60,100,190,710,8200,8700,8800,79312,24,15,100.40768283440306,3.2871540170162916,8849.846384022385,1475.6897443009884
1785161607,25,,Aggregated,7.400000,0.000000,15,19,26,32,60,100,190,710,8200,8700,8800,79316,24,15,100.40325569850013,3.2871540170162916,8849.846384022385,1475.7884033486307
1785161608,25,,Aggregated,6.500000,0.000000,15,19,26,32,60,100,190,710,8200,8700,8800,79322,24,15,100.39650773949514,3.2871540170162916,8849.846384022385,1475.867665969088
1785161609,25,,Aggregated,6.300000,0.000000,15,19,26,32,60,100,190,720,8200,8700,8800,79327,24,15,100.49204485625837,3.2871540170162916,8849.846384022385,1475.8020976464509
1785161610,25,,Aggregated,7.100000,0.000000,15,19,26,32,60,100,190,720,8200,8700,8800,79352,24,15,100.46471888403666,3.2871540170162916,8849.846384022385,1475.598056759754
1785161611,25,,Aggregated,6.600000,0.000000,15,19,26,32,60,100,190,720,8200,8700,8800,79358,24,15,100.55947270290575,3.2871540170162916,8849.846384022385,1475.7115098666802
1785161612,25,,Aggregated,6.900000,0.000000,15,19,26,32,60,100,190,720,8200,8700,8800,79380,24,15,100.53950848610641,3.2871540170162916,8849.846384022385,1475.4926303854875
1785161613,25,,Aggregated,6.900000,0.000000,15,19,26,32,60,100,190,720,8200,8700,8800,79381,24,15,100.53865050684789,3.2871540170162916,8849.846384022385,1475.4832264647712
1785161614,25,,Aggregated,9.000000,0.000000,15,19,26,32,60,100,190,720,8200,8700,8800,79383,24,15,100.53653922958533,3.2871540170162916,8849.846384022385,1475.7527682249347
1785161615,25,,Aggregated,8.200000,0.000000,15,19,26,32,60,100,190,720,8200,8700,8800,79388,24,15,100.53117151070805,3.2871540170162916,8849.846384022385,1475.6861742328815
1785161616,25,,Aggregated,7.600000,0.000000,15,19,26,32,60,100,190,720,8200,8700,8800,79395,24,15,100.52362278569402,3.2871540170162916,8849.846384022385,1475.6133887524404
1785161617,25,,Aggregated,7.500000,0.000000,15,19,26,32,60,100,190,720,8200,8700,8800,79408,24,15,100.50956156263804,3.2871540170162916,8849.846384022385,1475.4418068708442
1785161618,25,,Aggregated,7.700000,0.000000,15,19,26,32,60,100,190,720,8200,8700,8800,79415,24,15,100.6027375134036,3.2871540170162916,8849.846384022385,1475.5906818611093
1785161619,25,,Aggregated,8.500000,0.000000,15,19,26,32,60,100,190,720,8200,8700,8800,79419,24,15,100.5983077054986,3.2871540170162916,8849.846384022385,1475.6424910915523
1785161620,25,,Aggregated,8.800000,0.000000,15,19,26,32,60,100,190,720,8200,8700,8800,79422,24,15,100.69591717381878,3.2871540170162916,8849.846384022385,1475.6016343078743
1785161621,25,,Aggregated,9.000000,0.000000,15,19,26,32,60,100,190,720,8200,8700,8800,79426,24,15,100.69143870475715,3.2871540170162916,8849.846384022385,1475.5780097197392
1785161622,25,,Aggregated,8.400000,0.000000,15,19,26,32,60,100,190,720,8200,8700,8800,79431,24,15,100.6858634078,3.2871540170162916,8849.846384022385,1475.5173546851984
1785161623,25,,Aggregated,7.000000,0.000000,15,19,26,32,60,100,190,720,8200,8700,8800,79449,24,15,100.76764809595156,3.2871540170162916,8849.846384022385,1475.28146358041
1785161624,25,,Aggregated,5.700000,0.000000,15,19,26,32,60,100,190,720,8200,8700,8800,79454,24,15,100.76231340914623,3.2871540170162916,8849.846384022385,1475.3080272862285
1785161625,25,,Aggregated,5.200000,0.000000,15,19,26,32,60,100,190,720,8200,8700,8800,79456,24,15,100.76006852579064,3.2871540170162916,8849.846384022385,1475.2723142368104
1785161627,25,,Aggregated,6.800000,0.000000,15,19,26,32,60,100,190,720,8200,8700,8800,79462,24,15,100.8557547649805,3.2871540170162916,8849.846384022385,1475.2884271727366
1785161628,25,,Aggregated,6.800000,0.000000,15,19,26,32,60,100,190,720,8200,8700,8800,79466,24,15,100.95213818954123,3.2871540170162916,8849.846384022385,1475.300895980671
1785161629,25,,Aggregated,6.800000,0.000000,15,19,26,32,60,100,190,720,8200,8700,8800,79482,24,15,100.93463856023911,3.2871540170162916,8849.846384022385,1475.085704939483
1785161630,25,,Aggregated,6.400000,0.000000,15,19,26,32,60,100,190,720,8200,8700,8800,79486,24,15,101.03108263915558,3.2871540170162916,8849.846384022385,1475.0313136904613
1785161631,25,,Aggregated,6.700000,0.000000,15,19,26,32,60,100,190,720,8200,8700,8800,79490,24,15,101.02655891637656,3.2871540170162916,8849.846384022385,1475.0412001509624
1785161632,25,,Aggregated,6.700000,0.000000,15,19,26,32,60,100,190,720,8200,8700,8800,79493,24,15,101.02313505379743,3.2871540170162916,8849.846384022385,1475.0701319613047
1785161633,25,,Aggregated,6.600000,0.000000,15,19,26,32,60,100,190,720,8200,8700,8800,79501,24,15,101.01410717404164,3.2871540170162916,8849.846384022385,1475.4723462597956
1785161634,25,,Aggregated,6.600000,0.000000,15,19,26,32,60,100,190,720,8200,8700,8800,79505,24,15,101.0096842933783,3.2871540170162916,8849.846384022385,1475.5643418652915
1785161635,25,,Aggregated,6.600000,0.000000,15,19,26,32,60,100,190,720,8200,8700,8800,79511,24,15,101.00298135643892,3.2871540170162916,8849.846384022385,1475.6920803410849
1785161636,25,,Aggregated,5.500000,0.000000,15,19,26,32,60,100,190,720,8200,8700,8800,79518,24,15,100.99549140445752,3.2871540170162916,8849.846384022385,1475.595626147539
1785161637,25,,Aggregated,5.600000,0.000000,15,19,26,32,60,100,190,720,8200,8700,8800,79524,24,15,100.98905408479017,3.2871540170162916,8849.846384022385,1475.6821462703083
1785161638,25,,Aggregated,5.600000,0.000000,15,19,26,32,60,100,190,720,8200,8700,8800,79525,24,15,100.98794057160436,3.2871540170162916,8849.846384022385,1475.66740018862
1785161639,25,,Aggregated,6.200000,0.000000,15,19,26,32,60,100,190,720,8200,8700,8800,79536,24,15,100.97577659610593,3.2871540170162916,8849.846384022385,1475.5035329913499
1785161640,25,,Aggregated,5.900000,0.000000,15,19,26,32,60,100,190,720,8200,8700,8800,79552,24,15,100.95875415033845,3.2871540170162916,8849.846384022385,1475.384025543041
1785161641,25,,Aggregated,4.600000,0.000000,15,19,26,32,60,100,190,720,8200,8700,8800,79559,24,15,101.05211370253215,3.2871540170162916,8849.846384022385,1475.281790872183
1785161642,25,,Aggregated,4.600000,0.000000,15,19,26,32,60,100,190,720,8200,8700,8800,79562,24,15,101.04870565618693,3.2871540170162916,8849.846384022385,1475.3098966843468
1785161643,25,,Aggregated,6.900000,0.000000,15,19,26,32,60,100,190,720,8200,8700,8800,79570,24,15,101.03974470149352,3.2871540170162916,8849.846384022385,1475.2616061329647
1785161644,25,,Aggregated,6.900000,0.000000,15,19,26,32,60,100,190,720,8200,8700,8800,79572,24,15,101.03747992673303,3.2871540170162916,8849.846384022385,1475.2324184386468
1785161645,25,,Aggregated,7.000000,0.000000,15,19,26,32,60,100,190,720,8200,8700,8800,79577,24,15,101.13301268170433,3.2871540170162916,8849.846384022385,1475.3140103296178
1785161646,25,,Aggregated,6.700000,0.000000,15,19,26,32,60,100,190,720,8200,8700,8800,79590,24,15,101.11915624616762,3.2871540170162916,8849.846384022385,1475.1919462244
1785161647,25,,Aggregated,6.500000,0.000000,15,19,26,32,60,100,190,720,8200,8700,8800,79595,24,15,101.11377520159208,3.2871540170162916,8849.846384022385,1475.1245053081225
1785161648,25,,Aggregated,7.200000,0.000000,15,19,26,32,60,100,190,720,8200,8700,8800,79598,24,15,101.11037468569315,3.2871540170162916,8849.846384022385,1475.159199979899
1785161649,25,,Aggregated,7.000000,0.000000,15,19,26,32,60,100,190,720,8200,8700,8800,79604,24,15,101.10375111289905,3.2871540170162916,8849.846384022385,1475.149690970303
1785161650,25,,Aggregated,7.100000,0.000000,15,19,26,32,60,100,190,720,8200,8700,8800,79613,24,15,101.09384118709072,3.2871540170162916,8849.846384022385,1475.4162511147676
1785161651,25,,Aggregated,7.100000,0.000000,15,19,26,32,60,100,190,720,8200,8700,8800,79620,24,15,101.08618427137183,3.2871540170162916,8849.846384022385,1475.3271037427783
1785161652,25,,Aggregated,6.300000,0.000000,15,19,26,32,60,100,190,720,8200,8700,8800,79639,24,15,101.16615312131371,3.2871540170162916,8849.846384022385,1475.2920679566544
1785161653,25,,Aggregated,5.700000,0.000000,15,19,26,32,60,100,190,720,8200,8700,8800,79643,24,15,101.16166436913642,3.2871540170162916,8849.846384022385,1475.396582248283
1785161654,25,,Aggregated,6.400000,0.000000,15,19,26,32,60,100,190,720,8200,8700,8800,79651,24,15,101.15313278694973,3.2871540170162916,8849.846384022385,1475.4630575887309
1785161655,25,,Aggregated,7.100000,0.000000,15,19,26,32,60,100,190,720,8200,8700,8800,79658,24,15,101.14558015403341,3.2871540170162916,8849.846384022385,1475.7508850335182
1785161656,25,,Aggregated,7.100000,0.000000,15,19,26,32,60,100,190,720,8200,8700,8800,79661,24,15,101.14215495952686,3.2871540170162916,8849.846384022385,1475.7794905913809
1785161657,25,,Aggregated,8.000000,0.000000,15,19,26,32,60,100,190,720,8200,8700,8800,79668,24,15,101.23549694283626,3.2871540170162916,8849.846384022385,1475.8298187478033
1785161658,25,,Aggregated,7.100000,0.000000,15,19,26,32,60,100,190,720,8200,8700,8800,79673,24,15,101.22988985717751,3.2871540170162916,8849.846384022385,1475.9119902601885
1785161659,25,,Aggregated,7.200000,0.000000,15,19,26,32,60,100,190,720,8200,8700,8800,79684,24,15,101.21778260919183,3.2871540170162916,8849.846384022385,1475.7524471663069
1785161660,25,,Aggregated,7.600000,0.000000,15,19,26,32,60,100,190,720,8200,8700,8800,79687,24,15,101.21436681376858,3.2871540170162916,8849.846384022385,1475.7852598290813
1785161661,25,,Aggregated,7.500000,0.000000,15,19,26,32,60,100,190,720,8200,8700,8800,79693,24,15,101.2077708238777,3.2871540170162916,8849.846384022385,1475.8510785137967
1785161662,25,,Aggregated,7.500000,0.000000,15,19,26,32,60,100,190,720,8200,8700,8800,79695,24,15,101.2056206571597,3.2871540170162916,8849.846384022385,1476.1195558065124
1785161663,25,,Aggregated,7.500000,0.000000,15,19,26,32,60,100,190,720,8200,8700,8800,79703,24,15,101.19672215571042,3.2871540170162916,8849.846384022385,1476.1090423196115
1785161664,25,,Aggregated,6.900000,0.000000,15,19,26,32,60,100,190,720,8200,8700,8800,79714,24,15,101.18479438917315,3.2871540170162916,8849.846384022385,1476.0557116692175
1785161665,25,,Aggregated,5.700000,0.000000,15,19,26,32,60,100,190,720,8200,8700,8800,79725,24,15,101.27312531931324,3.2871540170162916,8849.846384022385,1476.0605832549388
1785161666,25,,Aggregated,6.700000,0.000000,15,19,26,32,60,100,190,720,8200,8700,8800,79726,24,15,101.27195772610234,3.2871540170162916,8849.846384022385,1476.042370117653
1785161667,25,,Aggregated,5.900000,0.000000,15,19,26,32,60,100,190,720,8200,8700,8800,79736,24,15,101.26162049161732,3.2871540170162916,8849.846384022385,1475.902402929668
1785161668,25,,Aggregated,6.500000,0.000000,15,19,26,32,60,100,190,720,8200,8700,8800,79749,24,15,101.24739616824748,3.2871540170162916,8849.846384022385,1475.7422663607067
1785161669,25,,Aggregated,6.700000,0.000000,15,19,26,32,60,100,190,720,8200,8700,8800,79767,24,15,101.22770242339858,3.2871540170162916,8849.846384022385,1476.0114959820478
1785161670,25,,Aggregated,6.500000,0.000000,15,19,26,32,60,100,190,720,8200,8700,8800,79773,24,15,101.22132259947695,3.2871540170162916,8849.846384022385,1476.0544419791158
1785161671,25,,Aggregated,8.600000,0.000000,15,19,26,32,60,100,190,720,8200,8700,8800,79777,24,15,101.21696139435109,3.2871540170162916,8849.846384022385,1476.088233450744
1785161672,25,,Aggregated,8.200000,0.000000,15,19,26,32,60,100,190,720,8200,8700,8800,79779,24,15,101.2146857281013,3.2871540170162916,8849.846384022385,1476.129708319232
1785161673,25,,Aggregated,8.300000,0.000000,15,19,26,32,60,100,190,720,8200,8700,8800,79787,24,15,101.2057872029725,3.2871540170162916,8849.846384022385,1476.0249288731247
1785161674,25,,Aggregated,8.200000,0.000000,15,19,26,32,60,100,190,720,8200,8700,8800,79802,24,15,101.1894813887958,3.2871540170162916,8849.846384022385,1475.8284378837623
1785161675,25,,Aggregated,8.200000,0.000000,15,19,26,32,60,100,190,720,8200,8700,8800,79815,24,15,101.17530025332799,3.2871540170162916,8849.846384022385,1475.996354068784
1785161676,25,,Aggregated,8.000000,0.000000,15,19,26,32,60,100,190,720,8200,8700,8800,79826,24,15,101.163416034306,3.2871540170162916,8849.846384022385,1476.2732317791197
1785161677,25,,Aggregated,8.900000,0.000000,15,19,26,32,60,100,190,720,8200,8700,8800,79831,24,15,101.15775468481083,3.2871540170162916,8849.846384022385,1476.2127619596397
1785161678,25,,Aggregated,9.000000,0.000000,15,19,26,32,60,100,190,720,8200,8700,8800,79836,24,15,101.15214054099695,3.2871540170162916,8849.846384022385,1476.179568114635
1785161679,25,,Aggregated,9.400000,0.000000,15,19,26,32,60,100,190,720,8200,8700,8800,79844,24,15,101.14326532858051,3.2871540170162916,8849.846384022385,1476.2130404288362
1785161680,25,,Aggregated,9.400000,0.000000,15,19,26,32,60,100,190,720,8200,8700,8800,79847,24,15,101.1399916835991,3.2871540170162916,8849.846384022385,1476.345373025912
1785161681,25,,Aggregated,7.600000,0.000000,15,19,26,32,60,100,190,720,8200,8700,8800,79857,24,15,101.12891279447335,3.2871540170162916,8849.846384022385,1476.2349073969722
1785161682,25,,Aggregated,7.700000,0.000000,15,19,26,32,60,100,190,720,8200,8700,8800,79862,24,15,101.12394378697572,3.2871540170162916,8849.846384022385,1476.181563196514
1785161683,25,,Aggregated,7.400000,0.000000,15,19,26,32,60,100,190,720,8200,8700,8800,79865,24,15,101.12058332516781,3.2871540170162916,8849.846384022385,1476.43624866963
1785161684,25,,Aggregated,8.100000,0.000000,15,19,26,32,60,100,190,720,8200,8700,8800,79881,24,15,101.10330919329078,3.2871540170162916,8849.846384022385,1476.4825803382532
1785161685,25,,Aggregated,8.300000,0.000000,15,19,26,32,60,100,190,720,8200,8700,8800,79885,24,15,101.09890429586638,3.2871540170162916,8849.846384022385,1476.4547286724667
1785161686,25,,Aggregated,7.500000,0.000000,15,19,26,32,60,100,190,720,8200,8700,8800,79891,24,15,101.09230622065762,3.2871540170162916,8849.846384022385,1476.3671877933684
1785161688,25,,Aggregated,7.800000,0.000000,15,19,26,32,60,100,190,720,8200,8700,8800,79901,24,15,101.08177245061324,3.2871540170162916,8849.846384022385,1476.3781429519029
1785161689,25,,Aggregated,7.000000,0.000000,15,19,26,32,60,100,190,720,8200,8700,8800,79913,24,15,101.06864785383786,3.2871540170162916,8849.846384022385,1476.2075256841815
1785161690,25,,Aggregated,6.500000,0.000000,15,19,26,32,60,100,190,720,8200,8700,8800,79924,24,15,101.05668609871805,3.2871540170162916,8849.846384022385,1476.0825158900957
1785161691,25,,Aggregated,7.700000,0.000000,15,19,26,32,60,100,190,720,8200,8700,8800,79933,26,15,101.04839905934145,3.2871540170162916,8849.846384022385,1476.1981784744723
1785161692,25,,Aggregated,7.700000,0.000000,15,19,26,32,60,100,190,720,8200,8700,8800,79934,26,15,101.04735702586197,3.2871540170162916,8849.846384022385,1476.2119623689543
1785161693,25,,Aggregated,8.000000,0.000000,15,19,26,32,60,100,190,720,8200,8700,8800,79937,26,15,101.04398346181797,3.2871540170162916,8849.846384022385,1476.2456309343609
1785161694,25,,Aggregated,8.500000,0.200000,15,19,26,32,60,100,190,720,8200,8700,8800,79939,26,15,101.04171301480311,3.2871540170162916,8849.846384022385,1476.3612879820864
1785161695,25,,Aggregated,7.600000,0.200000,15,19,26,32,60,100,190,720,8200,8700,8800,79941,26,15,101.03965090570016,3.2871540170162916,8849.846384022385,1476.3669581316221
1785161696,25,,Aggregated,7.400000,0.200000,15,19,26,32,60,100,190,720,8200,8700,8800,79948,26,15,101.03204591772915,3.2871540170162916,8849.846384022385,1476.646094961725
1785161697,25,,Aggregated,6.000000,0.200000,15,19,26,32,60,100,190,730,8200,8700,8800,79957,30,15,101.23074861421439,3.2871540170162916,8849.846384022385,1476.6552772115012
1785161698,25,,Aggregated,6.200000,0.200000,15,19,26,32,60,100,190,730,8200,8700,8800,79977,30,15,101.21076872064481,3.2871540170162916,8849.846384022385,1476.5541218100204
1785161699,25,,Aggregated,6.400000,0.400000,15,19,26,32,60,100,190,730,8200,8700,8800,79981,30,15,101.20624862974596,3.2871540170162916,8849.846384022385,1476.6459409109664
1785161700,25,,Aggregated,6.400000,0.400000,15,19,26,32,60,100,190,730,8200,8700,8800,79989,30,15,101.19751981625892,3.2871540170162916,8849.846384022385,1476.6156971583594
1785161701,25,,Aggregated,6.500000,0.600000,15,19,26,32,60,100,190,730,8200,8700,8800,79999,30,15,101.28664598543554,3.2871540170162916,8849.846384022385,1476.4736309203865
1785161702,25,,Aggregated,6.500000,0.600000,15,19,26,32,60,100,190,730,8200,8700,8800,80004,30,15,101.28188846472612,3.2871540170162916,8849.846384022385,1476.4819134043298
1785161703,25,,Aggregated,5.800000,0.400000,15,19,26,32,60,100,190,730,8200,8700,8800,80009,30,15,101.37646344895802,3.2871540170162916,8849.846384022385,1476.4046794735593
1785161704,25,,Aggregated,6.600000,0.400000,15,19,26,32,60,100,190,730,8200,8700,8800,80012,30,15,101.37305079422576,3.2871540170162916,8849.846384022385,1476.3668949657551
1785161705,25,,Aggregated,7.000000,0.400000,15,19,26,32,60,100,190,730,8200,8700,8800,80019,30,15,101.36563895121962,3.2871540170162916,8849.846384022385,1476.2959172196604
1785161706,25,,Aggregated,7.000000,0.400000,15,19,26,32,60,100,190,730,8200,8700,8800,80024,30,15,101.46026474317486,3.2871540170162916,8849.846384022385,1476.2865390382885
1785161707,25,,Aggregated,7.500000,0.400000,15,19,26,32,60,100,190,730,8200,8700,8800,80033,30,15,101.45070996566754,3.2871540170162916,8849.846384022385,1476.378706283658
1785161708,25,,Aggregated,7.500000,0.400000,15,19,26,32,60,100,190,730,8200,8700,8800,80047,30,15,101.4367665193911,3.2871540170162916,8849.846384022385,1476.3454095718764
1785161709,25,,Aggregated,7.200000,0.200000,15,19,26,32,60,100,190,730,8200,8700,8800,80053,30,15,101.43046627157575,3.2871540170162916,8849.846384022385,1476.2915193684184
1785161710,25,,Aggregated,7.400000,0.000000,15,19,26,32,60,100,190,730,8200,8700,8800,80059,30,15,101.42380268624743,3.2871540170162916,8849.846384022385,1476.2310795788105
1785161711,25,,Aggregated,7.000000,0.000000,15,19,26,32,60,100,190,730,8200,8700,8800,80067,30,15,101.4150892503454,3.2871540170162916,8849.846384022385,1476.1179137472368
1785161712,25,,Aggregated,6.800000,0.000000,15,19,26,32,60,100,190,730,8200,8700,8800,80068,30,15,101.41403488126936,3.2871540170162916,8849.846384022385,1476.101126542439
1785161713,25,,Aggregated,7.100000,0.000000,15,19,26,32,60,100,190,730,8200,8700,8800,80088,30,15,101.49286701717585,3.2871540170162916,8849.846384022385,1475.996329038058
1785161714,25,,Aggregated,6.700000,0.000000,15,19,26,32,60,100,190,730,8200,8700,8800,80103,30,15,101.48614884561464,3.2871540170162916,8849.846384022385,1475.9503139707626
1785161715,25,,Aggregated,6.300000,0.000000,15,19,26,32,60,100,190,730,8200,8700,8800,80109,30,15,101.4793253046635,3.2871540170162916,8849.846384022385,1475.9344767753935
1785161716,25,,Aggregated,8.600000,0.000000,15,19,26,32,60,100,190,730,8200,8700,8800,80120,30,15,101.46748290200605,3.2871540170162916,8849.846384022385,1475.804081377933
1785161717,25,,Aggregated,8.900000,0.000000,15,19,26,32,60,100,190,730,8200,8700,8800,80127,30,15,101.45996058963526,3.2871540170162916,8849.846384022385,1475.7175858324908
1785161718,25,,Aggregated,9.100000,0.000000,15,19,26,32,60,100,190,730,8200,8700,8800,80135,30,15,101.4514626002814,3.2871540170162916,8849.846384022385,1475.7536906470332
1785161719,25,,Aggregated,9.300000,0.000000,15,19,26,32,60,100,190,730,8200,8700,8800,80139,30,15,101.44691492797426,3.2871540170162916,8849.846384022385,1475.8417624377644
1785161720,25,,Aggregated,8.400000,0.000000,15,19,26,32,60,100,190,730,8200,8700,8800,80151,30,15,101.43390425797688,3.2871540170162916,8849.846384022385,1475.9835186086261
1785161721,25,,Aggregated,8.800000,0.000000,15,19,26,32,60,100,190,730,8200,8700,8800,80154,30,15,101.43059572232613,3.2871540170162916,8849.846384022385,1475.9720787484093
1785161722,25,,Aggregated,8.600000,0.000000,15,19,26,32,60,100,190,730,8200,8700,8800,80156,30,15,101.42833666740226,3.2871540170162916,8849.846384022385,1475.9427366635061
1785161723,25,,Aggregated,9.000000,0.000000,15,19,26,32,60,100,190,730,8200,8700,8800,80162,30,15,101.42190358223925,3.2871540170162916,8849.846384022385,1475.8688904967441
1785161724,25,,Aggregated,8.700000,0.000000,15,19,26,32,60,100,190,730,8200,8700,8800,80168,30,15,101.41512239412859,3.2871540170162916,8849.846384022385,1475.7885939526993
1785161725,25,,Aggregated,8.600000,0.000000,15,19,26,32,60,100,190,730,8200,8700,8800,80171,30,15,101.4117369224822,3.2871540170162916,8849.846384022385,1475.756071397388
1785161726,25,,Aggregated,7.000000,0.000000,15,19,26,32,60,100,190,730,8200,8700,8800,80180,30,15,101.40309526901446,3.2871540170162916,8849.846384022385,1475.7113245198304
1785161727,25,,Aggregated,6.300000,0.000000,15,19,26,32,60,100,190,730,8200,8700,8800,80184,30,15,101.3987895476694,3.2871540170162916,8849.846384022385,1475.6512895340716
1785161728,25,,Aggregated,6.500000,0.000000,15,19,26,32,60,100,190,730,8200,8700,8800,80190,30,15,101.49224028549635,3.2871540170162916,8849.846384022385,1475.7152138670658
1785161729,25,,Aggregated,6.000000,0.000000,15,19,26,32,60,100,190,730,8200,8700,8800,80195,30,15,101.4866120909343,3.2871540170162916,8849.846384022385,1475.6363863083734
1785161730,25,,Aggregated,5.600000,0.000000,15,19,26,32,60,100,190,730,8200,8700,8800,80202,30,15,101.47927770149886,3.2871540170162916,8849.846384022385,1475.7376499339168
1785161731,25,,Aggregated,5.400000,0.000000,15,19,26,32,60,100,190,730,8200,8700,8800,80211,30,15,101.56948923215542,3.2871540170162916,8849.846384022385,1475.6270087643838
1785161732,25,,Aggregated,5.600000,0.000000,15,19,26,32,60,100,190,730,8200,8700,8800,80223,30,15,101.65662196343672,3.2871540170162916,8849.846384022385,1475.4886503870462
1785161733,25,,Aggregated,5.200000,0.000000,15,19,26,32,60,100,190,730,8200,8700,8800,80228,30,15,101.85115589584109,3.2871540170162916,8849.846384022385,1475.4145310864037
1785161734,25,,Aggregated,5.800000,0.000000,15,19,26,32,60,100,190,730,8200,8700,8800,80234,30,15,101.84449228405943,3.2871540170162916,8849.846384022385,1475.636114365481
1785161735,25,,Aggregated,6.700000,0.000000,15,19,26,32,60,100,190,730,8200,8700,8800,80239,30,15,101.93874905402961,3.2871540170162916,8849.846384022385,1475.5617966325601
1785161736,25,,Aggregated,6.300000,0.000000,15,19,26,32,60,100,190,730,8200,8700,8800,80247,30,15,101.93053700979382,3.2871540170162916,8849.846384022385,1475.5038319189503
1785161737,25,,Aggregated,6.600000,0.000000,15,19,26,32,60,100,190,730,8200,8700,8800,80257,30,15,101.91940529713526,3.2871540170162916,8849.846384022385,1475.448596384116
1785161739,25,,Aggregated,6.700000,0.000000,15,19,26,32,60,100,190,730,8200,8700,8800,80267,30,15,101.90831235325703,3.2871540170162916,8849.846384022385,1475.4551434587065
1785161740,25,,Aggregated,6.700000,0.000000,15,19,26,32,60,100,190,730,8200,8700,8800,80279,30,15,101.89537316888638,3.2871540170162916,8849.846384022385,1475.3004646296042
1785161741,25,,Aggregated,7.200000,0.000000,15,19,26,32,60,100,190,730,8200,8700,8800,80286,30,15,101.98817473291075,3.2871540170162916,8849.846384022385,1475.2866626809157
1785161742,25,,Aggregated,8.000000,0.000000,15,19,26,32,60,100,190,730,8200,8700,8800,80293,30,15,101.98056737811147,3.2871540170162916,8849.846384022385,1475.4141456914053
1785161743,25,,Aggregated,8.000000,0.000000,15,19,26,32,60,100,190,730,8200,8700,8800,80304,30,15,101.96860341582364,3.2871540170162916,8849.846384022385,1475.3470935445307
1785161744,25,,Aggregated,8.000000,0.000000,15,19,26,32,60,100,190,730,8200,8700,8800,80309,30,15,101.96320882601253,3.2871540170162916,8849.846384022385,1475.2826955882902
1785161745,25,,Aggregated,8.100000,0.000000,15,19,26,32,60,100,190,730,8200,8700,8800,80315,30,15,101.95662827967733,3.2871540170162916,8849.846384022385,1475.370976778933
1785161746,25,,Aggregated,8.100000,0.000000,15,19,26,32,60,100,190,730,8200,8700,8800,80323,30,15,102.04820794074664,3.2871540170162916,8849.846384022385,1475.359398926833
1785161747,25,,Aggregated,8.000000,0.000000,15,19,26,32,60,100,190,730,8200,8700,8800,80329,30,15,102.04149144580099,3.2871540170162916,8849.846384022385,1475.2974890761743
1785161748,25,,Aggregated,8.200000,0.000000,15,19,26,32,60,100,190,730,8200,8700,8800,80337,30,15,102.03312201140855,3.2871540170162916,8849.846384022385,1475.2821738426876
1785161749,25,,Aggregated,8.200000,0.000000,15,19,26,32,60,100,190,730,8200,8700,8800,80346,30,15,102.02333824656549,3.2871540170162916,8849.846384022385,1475.2483259900928
1785161750,25,,Aggregated,7.800000,0.000000,15,19,26,32,60,100,190,730,8200,8700,8800,80359,30,15,102.00908625653065,3.2871540170162916,8849.846384022385,1475.0718650057865
1785161751,25,,Aggregated,8.000000,0.000000,15,19,26,32,60,100,190,730,8200,8700,8800,80365,31,15,102.1021983166018,3.2871540170162916,8849.846384022385,1475.1213214707896
1785161752,25,,Aggregated,7.900000,0.000000,15,19,26,32,60,100,190,730,8200,8700,8800,80371,33,15,102.09554659250414,3.2871540170162916,8849.846384022385,1475.1994500503913
1785161753,25,,Aggregated,7.800000,0.100000,15,19,26,32,60,100,190,730,8200,8700,8800,80376,33,15,102.08988261219632,3.2871540170162916,8849.846384022385,1475.2719966159052
1785161754,25,,Aggregated,7.800000,0.100000,15,19,26,32,60,100,190,730,8200,8700,8800,80379,33,15,102.08662424569675,3.2871540170162916,8849.846384022385,1475.3350253175581
1785161755,25,,Aggregated,7.800000,0.100000,15,19,26,32,60,100,190,730,8200,8700,8800,80379,33,15,102.08662424569675,3.2871540170162916,8849.846384022385,1475.3350253175581
1785161756,25,,Aggregated,7.300000,0.300000,15,19,26,32,60,100,190,730,8200,8700,8800,80396,33,15,102.16797929472922,3.2871540170162916,8849.846384022385,1475.3981790138812
1785161757,25,,Aggregated,6.500000,0.300000,15,19,26,32,60,100,190,730,8200,8700,8800,80400,33,15,102.16351637190186,3.2871540170162916,8849.846384022385,1475.5654850746268
1785161758,25,,Aggregated,6.300000,0.300000,15,19,26,32,60,100,190,740,8200,8700,8800,80417,38,15,102.42368594041736,3.2871540170162916,8849.846384022385,1475.3192732879863
1785161759,25,,Aggregated,7.200000,0.300000,15,19,26,32,60,100,190,740,8200,8700,8800,80424,38,15,102.41629338528162,3.2871540170162916,8849.846384022385,1475.2534193773004
1785161760,25,,Aggregated,6.900000,0.700000,15,19,26,32,60,100,190,740,8200,8700,8800,80435,38,15,102.40824262762031,3.2871540170162916,8849.846384022385,1475.1699633244234
1785161761,25,,Aggregated,7.700000,0.800000,15,19,26,32,60,100,190,740,8200,8700,8800,80440,38,15,102.4027341165299,3.2871540170162916,8849.846384022385,1475.0926529090004
1785161762,25,,Aggregated,6.800000,0.800000,15,19,26,32,60,100,190,740,8200,8700,8800,80444,38,15,102.49813952589157,3.2871540170162916,8849.846384022385,1475.035092735319
1785161763,25,,Aggregated,6.800000,0.800000,15,19,26,32,60,100,190,740,8200,8700,8800,80444,38,15,102.49813952589157,3.2871540170162916,8849.846384022385,1475.035092735319
1785161764,25,,Aggregated,7.400000,0.500000,15,19,26,32,60,100,190,740,8200,8700,8800,80463,38,15,102.4772717652309,3.2871540170162916,8849.846384022385,1474.781638765644
1785161765,25,,Aggregated,7.200000,0.500000,15,19,26,32,60,100,190,740,8200,8700,8800,80474,38,15,102.46516479575857,3.2871540170162916,8849.846384022385,1474.707880806223
1785161766,25,,Aggregated,7.600000,0.500000,15,19,26,32,60,100,190,740,8200,8700,8800,80482,38,15,102.4562624643458,3.2871540170162916,8849.846384022385,1474.6545438731641
1785161767,25,,Aggregated,8.800000,0.500000,15,19,26,32,60,100,190,740,8200,8700,8800,80488,38,15,102.44970903711807,3.2871540170162916,8849.846384022385,1474.673193519531
1785161768,25,,Aggregated,9.300000,0.500000,15,19,26,32,60,100,190,740,8200,8700,8800,80493,38,15,102.44409379721617,3.2871540170162916,8849.846384022385,1474.7534568223323
1785161769,25,,Aggregated,8.600000,0.500000,15,19,26,32,60,100,190,740,8200,8700,8800,80501,38,15,102.43635967629605,3.2871540170162916,8849.846384022385,1474.6613955106147
1785161770,25,,Aggregated,8.800000,0.100000,15,19,26,32,60,100,190,740,8200,8700,8800,80523,38,15,102.41229364447167,3.2871540170162916,8849.846384022385,1474.4348695403799
1785161771,25,,Aggregated,7.600000,0.000000,15,19,26,32,60,100,190,740,8200,8700,8800,80535,38,15,102.39887534708785,3.2871540170162916,8849.846384022385,1474.436369280437
1785161772,25,,Aggregated,7.600000,0.000000,15,19,26,32,60,100,190,740,8200,8700,8800,80547,38,15,102.38558296545544,3.2871540170162916,8849.846384022385,1474.6767601524575
1785161773,25,,Aggregated,8.900000,0.000000,15,19,26,32,60,100,190,740,8200,8700,8800,80556,38,15,102.37538368384793,3.2871540170162916,8849.846384022385,1474.7648964695368
1785161774,25,,Aggregated,9.800000,0.000000,15,19,26,32,60,100,190,740,8200,8700,8800,80560,38,15,102.37096281639646,3.2871540170162916,8849.846384022385,1474.7174528301887
1785161775,25,,Aggregated,10.800000,0.000000,15,19,26,32,60,100,190,740,8200,8700,8800,80562,38,15,102.36873548846813,3.2871540170162916,8849.846384022385,1474.833594002135
1785161776,25,,Aggregated,10.200000,0.000000,15,19,26,32,60,100,190,740,8200,8700,8800,80574,38,15,102.3554839018477,3.2871540170162916,8849.846384022385,1474.667200337578
1785161777,25,,Aggregated,9.400000,0.000000,15,19,26,32,60,100,190,740,8200,8700,8800,80580,38,15,102.34889721132207,3.2871540170162916,8849.846384022385,1474.7395135269298
1785161778,25,,Aggregated,9.000000,0.000000,15,19,26,32,60,100,190,740,8200,8700,8800,80584,38,15,102.344432725757,3.2871540170162916,8849.846384022385,1474.6851980542044
1785161779,25,,Aggregated,9.200000,0.000000,15,19,26,32,60,100,190,740,8200,8700,8800,80599,38,15,102.32842856703863,3.2871540170162916,8849.846384022385,1474.5414335165449
1785161780,25,,Aggregated,8.900000,0.000000,15,19,26,32,60,100,190,740,8200,8700,8800,80603,38,15,102.32393383548435,3.2871540170162916,8849.846384022385,1474.4775504633822
1785161781,25,,Aggregated,9.100000,0.000000,15,19,26,32,60,100,190,740,8200,8700,8800,80608,38,15,102.31833015634872,3.2871540170162916,8849.846384022385,1474.5077039499802
1785161782,25,,Aggregated,9.900000,0.000000,15,19,26,32,60,100,190,740,8200,8700,8800,80612,38,15,102.31395768296304,3.2871540170162916,8849.846384022385,1474.65786731504
1785161783,25,,Aggregated,7.800000,0.000000,15,19,26,32,60,100,190,740,8200,8700,8800,80619,38,15,102.30633622639111,3.2871540170162916,8849.846384022385,1474.6301244123595
1785161784,25,,Aggregated,6.700000,0.000000,15,19,26,32,60,100,190,740,8200,8700,8800,80627,38,15,102.29764381853786,3.2871540170162916,8849.846384022385,1474.5244148982351
1785161785,25,,Aggregated,6.000000,0.000000,15,19,26,32,60,100,190,740,8200,8700,8800,80637,38,15,102.28680648375759,3.2871540170162916,8849.846384022385,1474.4191872217468
1785161786,25,,Aggregated,6.200000,0.000000,15,19,26,32,60,100,190,740,8200,8700,8800,80642,38,15,102.28109361601443,3.2871540170162916,8849.846384022385,1474.5631928771609
1785161787,25,,Aggregated,6.700000,0.000000,15,19,26,32,60,100,190,740,8200,8700,8800,80647,38,15,102.27562263264191,3.2871540170162916,8849.846384022385,1474.5706473892396
1785161788,25,,Aggregated,6.800000,0.000000,15,19,26,32,60,100,190,740,8200,8700,8800,80663,38,15,102.25827801914056,3.2871540170162916,8849.846384022385,1474.6807334217672
1785161789,25,,Aggregated,6.500000,0.000000,15,19,26,32,60,100,190,740,8200,8700,8800,80674,38,15,102.24580006914468,3.2871540170162916,8849.846384022385,1474.5115526687657
1785161790,25,,Aggregated,7.300000,0.000000,15,19,26,32,60,100,190,740,8200,8700,8800,80677,38,15,102.24244846592158,3.2871540170162916,8849.846384022385,1474.4648040953432
1785161791,25,,Aggregated,7.400000,0.000000,15,19,26,32,60,100,190,740,8200,8700,8800,80694,38,15,102.22372762551936,3.2871540170162916,8849.846384022385,1474.408617741096
1785161792,25,,Aggregated,7.300000,0.000000,15,19,26,32,60,100,190,740,8200,8700,8800,80706,38,15,102.21094275584804,3.2871540170162916,8849.846384022385,1474.2466111565434
1785161793,25,,Aggregated,7.900000,0.000000,15,19,26,32,60,100,190,740,8200,8700,8800,80715,38,15,102.20138541799398,3.2871540170162916,8849.846384022385,1474.348200458403
1785161794,25,,Aggregated,8.600000,0.000000,15,19,26,32,60,100,190,740,8200,8700,8800,80721,38,15,102.19495817396982,3.2871540170162916,8849.846384022385,1474.3468614115286
1785161795,25,,Aggregated,9.400000,0.000000,15,19,26,32,60,100,190,740,8200,8700,8800,80725,38,15,102.19040742322812,3.2871540170162916,8849.846384022385,1474.2913719417777
1785161797,25,,Aggregated,9.600000,0.000000,15,19,26,32,60,100,190,740,8200,8700,8800,80732,38,15,102.18278648057459,3.2871540170162916,8849.846384022385,1474.4856066987068
1785161798,25,,Aggregated,8.800000,0.000000,15,19,26,32,60,100,190,740,8200,8700,8800,80739,38,15,102.17507740275381,3.2871540170162916,8849.846384022385,1474.701383470194
1785161799,25,,Aggregated,9.000000,0.000000,15,19,26,32,60,100,190,740,8200,8700,8800,80747,38,15,102.16659566539884,3.2871540170162916,8849.846384022385,1474.5965175176786
1785161800,25,,Aggregated,9.000000,0.000000,15,19,26,32,60,100,190,740,8200,8700,8800,80762,38,15,102.15024195010457,3.2871540170162916,8849.846384022385,1474.6527946311385
1785161801,25,,Aggregated,8.200000,0.000000,15,19,26,32,60,100,190,740,8200,8700,8800,80768,38,15,102.14352898435574,3.2871540170162916,8849.846384022385,1474.8597464342313
1785161802,25,,Aggregated,8.800000,0.000000,15,19,26,32,60,100,190,740,8200,8700,8800,80779,38,15,102.13150521097792,3.2871540170162916,8849.846384022385,1474.8947746320207
1785161803,25,,Aggregated,8.800000,0.000000,15,19,26,32,60,100,190,740,8200,8700,8800,80789,38,15,102.12074510556397,3.2871540170162916,8849.846384022385,1474.808488779413
1785161804,25,,Aggregated,8.500000,0.000000,15,19,26,32,60,100,190,740,8200,8700,8800,80790,38,15,102.11965329455737,3.2871540170162916,8849.846384022385,1474.8024631761357
1785161805,25,,Aggregated,8.300000,0.000000,15,19,26,32,60,100,190,740,8200,8700,8800,80796,38,15,102.11283240033532,3.2871540170162916,8849.846384022385,1474.937880588148
1785161806,25,,Aggregated,7.500000,0.000000,15,19,26,32,60,100,190,740,8200,8700,8800,80797,38,15,102.11171017759807,3.2871540170162916,8849.846384022385,1475.0702996398381
1785161807,25,,Aggregated,7.400000,0.000000,15,19,26,32,60,100,190,740,8200,8700,8800,80808,38,15,102.09993493311958,3.2871540170162916,8849.846384022385,1475.0765642015642
1785161808,25,,Aggregated,7.100000,0.000000,15,19,26,32,60,100,190,740,8200,8700,8800,80815,38,15,102.09349593202836,3.2871540170162916,8849.846384022385,1475.0722514384706
1785161809,25,,Aggregated,7.100000,0.000000,15,19,26,32,60,100,190,740,8200,8700,8800,80821,38,15,102.28824136125273,3.2871540170162916,8849.846384022385,1475.1411885524801
1785161810,25,,Aggregated,7.100000,0.000000,15,19,26,32,60,100,190,740,8200,8700,8800,80821,38,15,102.28824136125273,3.2871540170162916,8849.846384022385,1475.1411885524801
1785161811,25,,Aggregated,7.500000,0.000000,15,19,26,32,60,100,190,740,8200,8700,8800,80826,38,15,102.28250796092385,3.2871540170162916,8849.846384022385,1475.277311756118
1785161812,25,,Aggregated,5.900000,0.000000,15,19,26,32,60,100,190,740,8200,8700,8800,80836,38,15,102.37072175088991,3.2871540170162916,8849.846384022385,1475.196657429858
1785161813,25,,Aggregated,5.800000,0.000000,15,19,26,32,60,100,190,740,8200,8700,8800,80846,38,15,102.36021192820854,3.2871540170162916,8849.846384022385,1475.06923038864
1785161814,25,,Aggregated,5.600000,0.000000,15,19,26,32,60,100,190,740,8200,8700,8800,80855,38,15,102.35038375369427,3.2871540170162916,8849.846384022385,1475.0512398738483
1785161815,25,,Aggregated,5.600000,0.000000,15,19,26,32,60,100,190,740,8200,8700,8800,80860,38,15,102.34498296950252,3.2871540170162916,8849.846384022385,1475.0754142963146
1785161816,25,,Aggregated,6.400000,0.000000,15,19,26,32,60,100,190,740,8200,8700,8800,80869,38,15,102.33532726171018,3.2871540170162916,8849.846384022385,1475.26864435074
1785161817,25,,Aggregated,6.500000,0.000000,15,19,26,32,60,100,190,740,8200,8700,8800,80879,38,15,102.32461597355393,3.2871540170162916,8849.846384022385,1475.3350560714152
1785161818,25,,Aggregated,6.500000,0.000000,15,19,26,32,60,100,190,740,8200,8700,8800,80880,38,15,102.3234880350662,3.2871540170162916,8849.846384022385,1475.327794263106
1785161819,25,,Aggregated,6.900000,0.000000,15,19,26,32,60,100,190,740,8200,8700,8800,80889,38,15,102.41329934634224,3.2871540170162916,8849.846384022385,1475.245744167934
1785161820,25,,Aggregated,6.600000,0.000000,15,19,26,32,60,100,190,740,8200,8700,8800,80894,38,15,102.40811419304254,3.2871540170162916,8849.846384022385,1475.1797043043985
1785161821,25,,Aggregated,6.700000,0.000000,15,19,26,32,60,100,190,740,8200,8700,8800,80896,38,15,102.40581800755386,3.2871540170162916,8849.846384022385,1475.2193309928798
1785161822,25,,Aggregated,6.700000,0.000000,15,19,26,32,60,100,190,740,8200,8700,8800,80902,38,15,102.39936119706152,3.2871540170162916,8849.846384022385,1475.3250970309757
1785161823,25,,Aggregated,7.000000,0.000000,15,19,26,32,60,100,190,740,8200,8700,8800,80910,38,15,102.39058895058275,3.2871540170162916,8849.846384022385,1475.4971202570757
1785161824,25,,Aggregated,6.900000,0.000000,15,19,26,32,60,100,190,740,8200,8700,8800,80912,38,15,102.38834058831132,3.2871540170162916,8849.846384022385,1475.472142574649
1785161825,25,,Aggregated,6.600000,0.000000,15,19,26,32,60,100,190,740,8200,8700,8800,80914,38,15,102.38608933237968,3.2871540170162916,8849.846384022385,1475.524136737771
1785161826,25,,Aggregated,5.600000,0.000000,15,19,26,32,60,100,190,740,8200,8700,8800,80916,38,15,102.38386536535643,3.2871540170162916,8849.846384022385,1475.564474269613
1785161827,25,,Aggregated,5.200000,0.000000,15,19,26,32,60,100,190,740,8200,8700,8800,80918,38,15,102.38161601432736,3.2871540170162916,8849.846384022385,1475.6845572060604
1785161828,25,,Aggregated,4.800000,0.000000,15,19,26,32,60,100,190,740,8200,8700,8800,80921,38,15,102.37860385919072,3.2871540170162916,8849.846384022385,1475.6464823716958
1785161829,25,,Aggregated,4.400000,0.000000,15,19,26,32,60,100,190,740,8200,8700,8800,80930,38,15,102.56708586926197,3.2871540170162916,8849.846384022385,1475.530223650068
1785161830,25,,Aggregated,3.800000,0.000000,15,19,26,32,60,100,190,740,8200,8700,8800,80935,38,15,102.6605430908211,3.2871540170162916,8849.846384022385,1475.7518502502007
1785161831,25,,Aggregated,4.000000,0.000000,15,19,26,32,60,100,190,750,8200,8700,8800,80955,38,15,102.93682025644331,3.2871540170162916,8849.846384022385,1475.5556543758878
1785161832,25,,Aggregated,4.300000,0.000000,15,19,26,32,60,100,190,750,8200,8700,8800,80959,38,15,103.13054170588188,3.2871540170162916,8849.846384022385,1475.596499462691
1785161833,25,,Aggregated,4.900000,0.000000,15,19,26,32,60,100,190,750,8200,8700,8800,80965,38,15,103.12375057481088,3.2871540170162916,8849.846384022385,1475.8078181930464
1785161834,25,,Aggregated,5.500000,0.000000,15,19,26,32,60,100,190,750,8200,8700,8800,80973,38,15,103.11585822388082,3.2871540170162916,8849.846384022385,1475.8329690143628
1785161835,25,,Aggregated,5.400000,0.000000,15,19,26,32,60,100,190,750,8200,8700,8800,80984,38,15,103.20706348516161,3.2871540170162916,8849.846384022385,1475.6881112318483
1785161836,25,,Aggregated,6.000000,0.000000,15,19,26,32,60,100,190,750,8200,8700,8800,80992,38,15,103.19827694689867,3.2871540170162916,8849.846384022385,1475.7329365863295
1785161837,25,,Aggregated,7.100000,0.000000,15,19,26,32,60,100,190,750,8200,8700,8800,81007,38,15,103.18188564777783,3.2871540170162916,8849.846384022385,1475.6047502067722
1785161838,25,,Aggregated,7.200000,0.000000,15,19,26,32,60,100,190,750,8200,8700,8800,81015,38,15,103.1739512375646,3.2871540170162916,8849.846384022385,1475.4964636178486
1785161839,25,,Aggregated,8.400000,0.000000,15,19,26,32,60,100,190,750,8200,8700,8800,81028,38,15,103.16067716607353,3.2871540170162916,8849.846384022385,1475.3285901169966
1785161840,25,,Aggregated,9.600000,0.000000,15,19,26,32,60,100,190,750,8200,8700,8800,81047,38,15,103.13954624944101,3.2871540170162916,8849.846384022385,1475.0834454082199
1785161841,25,,Aggregated,9.700000,0.000000,15,19,26,32,60,100,190,750,8200,8700,8800,81051,38,15,103.1353257447799,3.2871540170162916,8849.846384022385,1475.0317331063159
1785161842,25,,Aggregated,10.200000,0.000000,15,19,26,32,60,100,190,750,8200,8700,8800,81054,38,15,103.13186811989623,3.2871540170162916,8849.846384022385,1474.998877291682
1785161843,25,,Aggregated,10.500000,0.000000,15,19,26,32,60,100,190,750,8200,8700,8800,81066,38,15,103.11971288790919,3.2871540170162916,8849.846384022385,1474.9998396368392
1785161844,25,,Aggregated,9.400000,0.000000,15,19,26,32,60,100,190,750,8200,8700,8800,81074,38,15,103.11197472537015,3.2871540170162916,8849.846384022385,1475.0492142980488
1785161845,25,,Aggregated,9.600000,0.000000,15,19,26,32,60,100,190,750,8200,8700,8800,81079,38,15,103.10657783148055,3.2871540170162916,8849.846384022385,1475.0608665622417
1785161846,25,,Aggregated,9.700000,0.000000,15,19,26,32,59,100,190,750,8200,8700,8800,81085,38,15,103.09985933238796,3.2871540170162916,8849.846384022385,1475.0082629339581
1785161847,25,,Aggregated,9.100000,0.000000,15,19,26,32,59,100,190,750,8200,8700,8800,81097,38,15,103.08661894765156,3.2871540170162916,8849.846384022385,1474.8421766526506
1785161848,25,,Aggregated,9.200000,0.000000,15,19,26,32,59,100,190,750,8200,8700,8800,81102,38,15,103.08097484358906,3.2871540170162916,8849.846384022385,1474.9359325294074
1785161849,25,,Aggregated,8.600000,0.000000,15,19,26,32,59,100,190,750,8200,8700,8800,81114,38,15,103.06788868882431,3.2871540170162916,8849.846384022385,1474.7962867075967
1785161850,25,,Aggregated,8.300000,0.000000,15,19,26,32,59,100,190,750,8200,8700,8800,81121,38,15,103.06020139591736,3.2871540170162916,8849.846384022385,1474.7113324539885
1785161852,25,,Aggregated,7.700000,0.000000,15,19,26,32,59,100,190,750,8200,8700,8800,81123,38,15,103.05793462986335,3.2871540170162916,8849.846384022385,1474.685662512481
1785161853,25,,Aggregated,7.900000,0.000000,15,19,26,32,59,100,190,750,8200,8700,8800,81134,38,15,103.04601569711491,3.2871540170162916,8849.846384022385,1474.9197746937166
1785161854,25,,Aggregated,7.200000,0.000000,15,19,26,32,59,100,190,750,8200,8700,8800,81137,38,15,103.04256444017881,3.2871540170162916,8849.846384022385,1474.9520563984372
1785161855,25,,Aggregated,7.200000,0.000000,15,19,26,32,59,100,190,750,8200,8700,8800,81147,38,15,103.03156936436369,3.2871540170162916,8849.846384022385,1474.8967059780398
1785161856,25,,Aggregated,7.000000,0.000000,15,19,26,32,59,100,190,750,8200,8700,8800,81161,38,15,103.01609778993769,3.2871540170162916,8849.846384022385,1474.894703120957
1785161857,25,,Aggregated,7.000000,0.000000,15,19,26,32,59,100,190,750,8200,8700,8800,81167,38,15,103.00960497573077,3.2871540170162916,8849.846384022385,1474.8129658605098
1785161858,25,,Aggregated,8.100000,0.000000,15,19,26,32,59,100,190,750,8200,8700,8800,81179,38,15,102.99689817373408,3.2871540170162916,8849.846384022385,1474.6702472314269
1785161859,25,,Aggregated,8.000000,0.000000,15,19,26,32,59,100,190,750,8200,8700,8800,81186,38,15,102.99084870658773,3.2871540170162916,8849.846384022385,1474.6523538541128
1785161860,25,,Aggregated,7.900000,0.000000,15,19,26,32,59,100,190,750,8200,8700,8800,81189,38,15,102.98756429431205,3.2871540170162916,8849.846384022385,1474.756284718373
1785161861,25,,Aggregated,8.200000,0.000000,15,19,26,32,59,100,190,750,8200,8700,8800,81196,38,15,102.98019296843415,3.2871540170162916,8849.846384022385,1474.6518794029262
1785161862,25,,Aggregated,8.200000,0.000000,15,19,26,32,59,100,190,750,8200,8700,8800,81197,38,15,102.97904271772343,3.2871540170162916,8849.846384022385,1474.63401357193
1785161863,25,,Aggregated,7.400000,0.000000,15,19,26,32,59,100,190,750,8200,8700,8800,81203,38,15,102.97424390324048,3.2871540170162916,8849.846384022385,1474.7141977513147
1785161864,25,,Aggregated,7.400000,0.000000,15,19,26,32,59,100,190,750,8200,8700,8800,81211,38,15,102.96549714665456,3.2871540170162916,8849.846384022385,1474.7536048072307
1785161865,25,,Aggregated,6.500000,0.000000,15,19,26,32,59,100,190,750,8200,8700,8800,81219,38,15,102.95655831457033,3.2871540170162916,8849.846384022385,1474.7959467612259
1785161866,25,,Aggregated,7.400000,0.000000,15,19,26,32,59,100,190,750,8200,8700,8800,81231,38,15,102.94324729801741,3.2871540170162916,8849.846384022385,1474.6397188265564
1785161867,25,,Aggregated,7.000000,0.000000,15,19,26,32,59,100,190,750,8200,8700,8800,81235,38,15,102.93872582869717,3.2871540170162916,8849.846384022385,1474.664516526128
1785161868,25,,Aggregated,7.000000,0.000000,15,19,26,32,59,100,190,750,8200,8700,8800,81238,38,15,102.93531486327056,3.2871540170162916,8849.846384022385,1474.7613185947464
1785161869,25,,Aggregated,6.600000,0.000000,15,19,26,32,59,100,190,750,8200,8700,8800,81244,38,15,102.9287111232016,3.2871540170162916,8849.846384022385,1474.6785978041455
1785161870,25,,Aggregated,6.200000,0.000000,15,19,26,32,59,100,190,750,8200,8700,8800,81247,38,15,102.9253839484945,3.2871540170162916,8849.846384022385,1474.663679889719
1785161871,25,,Aggregated,6.200000,0.000000,15,19,26,32,59,100,190,750,8200,8700,8800,81253,38,15,102.91876176978866,3.2871540170162916,8849.846384022385,1474.5858614451158
1785161872,25,,Aggregated,5.800000,0.000000,15,19,26,32,59,100,190,750,8200,8700,8800,81264,38,15,102.9066519624623,3.2871540170162916,8849.846384022385,1474.6096549517622
1785161873,25,,Aggregated,5.800000,0.000000,15,19,26,32,59,100,190,750,8200,8700,8800,81275,38,15,102.8942967255828,3.2871540170162916,8849.846384022385,1474.609486311904
1785161874,25,,Aggregated,6.400000,0.000000,15,19,26,32,59,100,190,750,8200,8700,8800,81287,38,15,102.8807551232503,3.2871540170162916,8849.846384022385,1474.5953842557851
1785161875,25,,Aggregated,7.000000,0.000000,15,19,26,32,59,100,190,750,8200,8700,8800,81294,38,15,102.87399280901757,3.2871540170162916,8849.846384022385,1474.4989913154723
1785161876,25,,Aggregated,6.700000,0.000000,15,19,26,32,59,100,190,750,8200,8700,8800,81302,38,15,102.86518944947684,3.2871540170162916,8849.846384022385,1474.6717669922018
1785161877,25,,Aggregated,7.400000,0.000000,15,19,26,32,59,100,190,750,8200,8700,8800,81305,38,15,102.8618479448067,3.2871540170162916,8849.846384022385,1474.6271816001477
1785161878,25,,Aggregated,7.400000,0.000000,15,19,26,32,59,100,190,750,8200,8700,8800,81310,38,15,102.85683016356549,3.2871540170162916,8849.846384022385,1474.585782806543
1785161879,25,,Aggregated,7.000000,0.000000,15,19,26,32,59,100,190,750,8200,8700,8800,81320,38,15,102.84578672077278,3.2871540170162916,8849.846384022385,1474.630767338908
1785161880,25,,Aggregated,7.200000,0.000000,15,19,26,32,59,100,190,750,8200,8700,8800,81333,38,15,102.83249439224427,3.2871540170162916,8849.846384022385,1474.538391550785
1785161881,25,,Aggregated,7.100000,0.000000,15,19,26,32,59,100,190,750,8200,8700,8800,81347,38,15,102.81709155981424,3.2871540170162916,8849.846384022385,1474.643797558607
1785161882,25,,Aggregated,7.500000,0.000000,15,19,26,32,59,100,190,750,8200,8700,8800,81349,38,15,102.81490295477931,3.2871540170162916,8849.846384022385,1474.79327342684
1785161883,25,,Aggregated,8.000000,0.000000,15,19,26,32,59,100,190,750,8200,8700,8800,81357,38,15,102.80634668598205,3.2871540170162916,8849.846384022385,1474.681576262645
1785161884,25,,Aggregated,8.700000,0.000000,15,19,26,32,59,100,190,750,8200,8700,8800,81361,38,15,102.80212056758458,3.2871540170162916,8849.846384022385,1474.701011541156
1785161885,25,,Aggregated,8.000000,0.000000,15,19,26,32,59,100,190,750,8200,8700,8800,81378,38,15,102.78410907490257,3.2871540170162916,8849.846384022385,1474.4782742264495
1785161886,25,,Aggregated,7.900000,0.000000,15,19,26,32,59,100,190,750,8200,8700,8800,81389,38,15,102.77233392458862,3.2871540170162916,8849.846384022385,1474.6349629556819
1785161887,25,,Aggregated,7.500000,0.000000,15,19,26,32,59,100,190,750,8200,8700,8800,81396,38,15,102.76474596333686,3.2871540170162916,8849.846384022385,1474.5878298687896
1785161888,25,,Aggregated,9.200000,0.000000,15,19,26,32,59,100,190,740,8200,8700,8800,81402,38,15,102.75821665666648,3.2871540170162916,8849.846384022385,1474.5462887889732
1785161889,25,,Aggregated,8.700000,0.000000,15,19,26,32,59,100,190,740,8200,8700,8800,81409,38,15,102.75108141047859,3.2871540170162916,8849.846384022385,1474.6258644621603
1785161890,25,,Aggregated,8.800000,0.000000,15,19,26,32,59,100,190,740,8200,8700,8800,81417,38,15,102.74262956868363,3.2871540170162916,8849.846384022385,1474.584484812754
1785161891,25,,Aggregated,9.300000,0.000000,15,19,26,32,59,100,190,740,8200,8700,8800,81421,38,15,102.7382965511642,3.2871540170162916,8849.846384022385,1474.5696441949865
1785161892,25,,Aggregated,8.800000,0.000000,15,19,26,32,59,100,190,740,8200,8700,8800,81427,38,15,102.73173253850858,3.2871540170162916,8849.846384022385,1474.6250997826273
1785161893,25,,Aggregated,8.400000,0.000000,15,19,26,32,59,100,190,740,8200,8700,8800,81435,38,15,102.7230052804835,3.2871540170162916,8849.846384022385,1474.6620863265182
1785161894,25,,Aggregated,7.400000,0.000000,15,19,26,32,59,100,190,740,8200,8700,8800,81443,38,15,102.71427154767389,3.2871540170162916,8849.846384022385,1474.5553454563315
1785161895,25,,Aggregated,7.800000,0.000000,15,19,26,32,59,100,190,740,8200,8700,8800,81444,38,15,102.71323568213874,3.2871540170162916,8849.846384022385,1474.5626688276607
1785161896,25,,Aggregated,7.800000,0.000000,15,19,26,32,59,100,190,740,8200,8700,8800,81455,38,15,102.70252978563485,3.2871540170162916,8849.846384022385,1474.4257442759806
1785161897,25,,Aggregated,7.700000,0.000000,15,19,26,32,59,100,190,740,8200,8700,8800,81464,38,15,102.69276500958684,3.2871540170162916,8849.846384022385,1474.4422321516251
1785161898,25,,Aggregated,6.100000,0.000000,15,19,26,32,59,100,190,740,8200,8700,8800,81468,38,15,102.68829631504701,3.2871540170162916,8849.846384022385,1474.3846663720724
1785161899,25,,Aggregated,6.500000,0.000000,15,19,26,32,59,100,190,740,8200,8700,8800,81473,38,15,102.6827207069756,3.2871540170162916,8849.846384022385,1474.3832803505456
1785161900,25,,Aggregated,6.800000,0.000000,15,19,26,32,59,100,190,740,8200,8700,8800,81478,38,15,102.6771969300938,3.2871540170162916,8849.846384022385,1474.4857630280567
1785161901,25,,Aggregated,6.100000,0.000000,15,19,26,32,59,100,190,740,8200,8700,8800,81482,38,15,102.67291858543238,3.2871540170162916,8849.846384022385,1474.5243121180138
1785161902,25,,Aggregated,6.400000,0.000000,15,19,26,32,59,100,190,740,8200,8700,8800,81490,38,15,102.66423106933492,3.2871540170162916,8849.846384022385,1474.5659467419316
1785161903,25,,Aggregated,6.100000,0.000000,15,19,26,32,59,100,190,740,8200,8700,8800,81502,38,15,102.65148184277986,3.2871540170162916,8849.846384022385,1474.4080513361635
1785161904,25,,Aggregated,6.000000,0.000000,15,19,26,32,59,100,190,740,8200,8700,8800,81507,38,15,102.74489495893896,3.2871540170162916,8849.846384022385,1474.35793244752
1785161905,25,,Aggregated,6.600000,0.000000,15,19,26,32,59,100,190,740,8200,8700,8800,81512,38,15,102.73990448901026,3.2871540170162916,8849.846384022385,1474.4782240651682
1785161906,25,,Aggregated,6.700000,0.000000,15,19,26,32,59,100,190,740,8200,8700,8800,81514,38,15,102.73766790925963,3.2871540170162916,8849.846384022385,1474.5916897710822
1785161908,25,,Aggregated,6.400000,0.000000,15,19,26,32,59,100,190,740,8200,8700,8800,81519,38,15,102.73195787191264,3.2871540170162916,8849.846384022385,1474.5198420000245
1785161909,25,,Aggregated,5.900000,0.000000,15,19,26,32,59,100,190,750,8200,8700,8800,81525,38,15,102.82375360156784,3.2871540170162916,8849.846384022385,1474.4419871205153
1785161910,25,,Aggregated,5.900000,0.000000,15,19,26,32,59,100,190,750,8200,8700,8800,81533,38,15,102.81544960056102,3.2871540170162916,8849.846384022385,1474.3671396857715
1785161911,25,,Aggregated,5.400000,0.000000,15,19,26,32,59,100,190,750,8200,8700,8800,81539,38,15,102.90734756183568,3.2871540170162916,8849.846384022385,1474.4247047425158
1785161912,25,,Aggregated,5.400000,0.000000,15,19,26,32,59,100,190,750,8200,8700,8800,81546,38,15,102.90001777534741,3.2871540170162916,8849.846384022385,1474.3344124788464
1785161913,25,,Aggregated,6.000000,0.000000,15,19,26,32,59,100,190,750,8200,8700,8800,81554,38,15,102.89122529998001,3.2871540170162916,8849.846384022385,1474.335679427128
1785161914,25,,Aggregated,6.000000,0.000000,15,19,26,32,59,100,190,750,8200,8700,8800,81564,38,15,102.97868087127637,3.2871540170162916,8849.846384022385,1474.2413810014223
1785161915,25,,Aggregated,6.400000,0.000000,15,19,26,32,59,100,190,750,8200,8700,8800,81567,38,15,102.97566190491078,3.2871540170162916,8849.846384022385,1474.262924957397
1785161916,25,,Aggregated,6.000000,0.000000,15,19,26,32,59,100,190,750,8200,8700,8800,81570,38,15,102.97224219852541,3.2871540170162916,8849.846384022385,1474.3593477994361
1785161917,25,,Aggregated,6.000000,0.000000,15,19,26,32,59,100,190,750,8200,8700,8800,81574,38,15,103.06624932649933,3.2871540170162916,8849.846384022385,1474.5410424890283
1785161918,25,,Aggregated,6.000000,0.000000,15,19,26,32,59,100,190,750,8200,8700,8800,81577,38,15,103.06292693104642,3.2871540170162916,8849.846384022385,1474.643085673658
1785161919,25,,Aggregated,5.800000,0.000000,15,19,26,32,59,100,190,750,8200,8700,8800,81579,38,15,103.06074712486091,3.2871540170162916,8849.846384022385,1474.6130254109514
1785161920,25,,Aggregated,5.900000,0.000000,15,19,26,32,59,100,190,750,8200,8700,8800,81583,38,15,103.15456369100899,3.2871540170162916,8849.846384022385,1474.7067771471998
1785161921,25,,Aggregated,5.700000,0.000000,15,19,26,32,59,100,190,750,8200,8700,8800,81597,38,15,103.23739576725443,3.2871540170162916,8849.846384022385,1474.7213377942817
1785161922,25,,Aggregated,5.700000,0.000000,15,19,26,32,59,100,190,750,8200,8700,8800,81600,38,15,103.23417630291992,3.2871540170162916,8849.846384022385,1474.8847671568628
1785161923,25,,Aggregated,5.800000,0.000000,15,19,26,32,59,100,190,750,8200,8700,8800,81601,38,15,103.23303201990707,3.2871540170162916,8849.846384022385,1474.8757000526955
1785161924,25,,Aggregated,5.400000,0.000000,15,19,26,32,59,100,190,750,8200,8700,8800,81603,38,15,103.23083142993983,3.2871540170162916,8849.846384022385,1475.0638824553018
1785161925,25,,Aggregated,5.400000,0.000000,15,19,26,32,59,100,190,750,8200,8700,8800,81607,38,15,103.2265455885537,3.2871540170162916,8849.846384022385,1475.0178048451726
1785161926,25,,Aggregated,3.800000,0.000000,15,19,26,32,59,100,190,750,8200,8700,8800,81625,38,15,103.30523330121262,3.2871540170162916,8849.846384022385,1474.9113139356814
1785161927,25,,Aggregated,4.000000,0.000000,15,19,26,32,59,100,190,750,8200,8700,8800,81629,38,15,103.30068452617824,3.2871540170162916,8849.846384022385,1474.9265457129206
1785161928,25,,Aggregated,4.300000,0.000000,15,19,26,32,59,100,190,750,8200,8700,8800,81633,38,15,103.49308356082776,3.2871540170162916,8849.846384022385,1474.9178763490256
1785161929,25,,Aggregated,5.200000,0.000000,15,19,26,32,59,100,190,750,8200,8700,8800,81654,38,15,103.66902144891286,3.2871540170162916,8849.846384022385,1474.7074485022167
1785161930,25,,Aggregated,5.400000,0.000000,15,19,26,32,59,100,190,750,8200,8700,8800,81657,38,15,103.66569356008506,3.2871540170162916,8849.846384022385,1474.8135003735135
1785161931,25,,Aggregated,6.100000,0.000000,15,19,26,32,59,100,190,750,8200,8700,8800,81662,38,15,103.66018945685911,3.2871540170162916,8849.846384022385,1474.9189096519801
1785161932,25,,Aggregated,6.100000,0.000000,15,19,26,32,59,100,190,750,8200,8700,8800,81663,38,15,103.65907782976528,3.2871540170162916,8849.846384022385,1474.9019384543797
1785161933,25,,Aggregated,6.300000,0.000000,15,19,26,32,59,100,190,760,8200,8700,8800,81676,38,15,103.8412957616316,3.2871540170162916,8849.846384022385,1475.0129658651256
1785161934,25,,Aggregated,6.300000,0.000000,15,19,26,32,59,100,190,760,8200,8700,8800,81680,38,15,103.93501521868029,3.2871540170162916,8849.846384022385,1475.0731268364348
1785161935,25,,Aggregated,6.600000,0.000000,15,19,26,32,59,100,190,760,8200,8700,8800,81683,38,15,103.93188435259485,3.2871540170162916,8849.846384022385,1475.0415631159483
1785161936,25,,Aggregated,7.600000,0.000000,15,19,26,32,59,100,190,760,8200,8700,8800,81698,38,15,104.01354861002362,3.2871540170162916,8849.846384022385,1474.9908443291145
1785161937,25,,Aggregated,7.500000,0.000000,15,19,26,32,59,100,190,760,8200,8700,8800,81712,38,15,103.99843753680095,3.2871540170162916,8849.846384022385,1474.8156207166635
1785161938,25,,Aggregated,8.000000,0.000000,15,19,26,32,59,100,190,760,8200,8700,8800,81723,38,15,103.98623933294088,3.2871540170162916,8849.846384022385,1474.8294849675121
1785161939,25,,Aggregated,7.400000,0.000000,15,19,26,32,59,100,190,760,8200,8700,8800,81726,38,15,103.98292160497067,3.2871540170162916,8849.846384022385,1474.7837285563958
1785161940,25,,Aggregated,9.100000,0.000000,15,19,26,32,59,100,190,760,8200,8700,8800,81729,38,15,103.97948764175267,3.2871540170162916,8849.846384022385,1474.7371434864
1785161941,25,,Aggregated,9.100000,0.000000,15,19,26,32,59,100,190,760,8200,8700,8800,81737,38,15,103.97072583189029,3.2871540170162916,8849.846384022385,1474.7063997944626
1785161942,25,,Aggregated,7.000000,0.000000,15,19,26,32,59,100,190,760,8200,8700,8800,81741,38,15,103.96621766070022,3.2871540170162916,8849.846384022385,1474.7945951236222
1785161943,25,,Aggregated,7.800000,0.000000,15,19,26,32,59,100,190,760,8200,8700,8800,81754,38,15,103.95173986456535,3.2871540170162916,8849.846384022385,1474.8005357536022
1785161944,25,,Aggregated,7.600000,0.000000,15,19,26,32,59,100,190,760,8200,8700,8800,81759,38,15,103.94704844865724,3.2871540170162916,8849.846384022385,1474.9749874631539
1785161945,25,,Aggregated,7.800000,0.000000,15,19,26,32,59,100,190,760,8200,8700,8800,81765,38,15,103.94038993831992,3.2871540170162916,8849.846384022385,1474.9081024888399
1785161946,25,,Aggregated,7.700000,0.000000,15,19,26,32,59,100,190,760,8200,8700,8800,81771,38,15,103.93391144871492,3.2871540170162916,8849.846384022385,1474.9765197930806
1785161947,25,,Aggregated,7.800000,0.000000,15,19,26,32,59,100,190,760,8200,8700,8800,81777,38,15,103.92758042220125,3.2871540170162916,8849.846384022385,1474.91031708182
1785161948,25,,Aggregated,7.300000,0.000000,15,19,26,32,59,100,190,760,8200,8700,8800,81783,38,15,103.92105238452407,3.2871540170162916,8849.846384022385,1474.8346722423976
1785161949,25,,Aggregated,7.300000,0.000000,15,19,26,32,59,100,190,760,8200,8700,8800,81789,38,15,103.91428320226701,3.2871540170162916,8849.846384022385,1474.7637457359792
1785161950,25,,Aggregated,5.500000,0.000000,15,19,26,32,59,100,190,760,8200,8700,8800,81799,38,15,103.90364756913922,3.2871540170162916,8849.846384022385,1474.8331153192582
1785161951,25,,Aggregated,6.400000,0.000000,15,19,26,32,59,100,190,760,8200,8700,8800,81807,38,15,103.89486965846343,3.2871540170162916,8849.846384022385,1474.9429144205264
1785161952,25,,Aggregated,6.700000,0.000000,15,19,26,32,59,100,190,760,8200,8700,8800,81814,38,15,103.88744111050323,3.2871540170162916,8849.846384022385,1474.8517735350918
1785161953,25,,Aggregated,6.300000,0.000000,15,19,26,32,59,100,190,760,8200,8700,8800,81817,38,15,103.88401660002854,3.2871540170162916,8849.846384022385,1474.8139262011562
1785161954,25,,Aggregated,6.800000,0.000000,15,19,26,32,59,100,190,760,8200,8700,8800,81823,38,15,103.87734338381449,3.2871540170162916,8849.846384022385,1475.081810737812
1785161955,25,,Aggregated,7.200000,0.000000,15,19,26,32,59,100,190,760,8200,8700,8800,81826,38,15,103.87402721606776,3.2871540170162916,8849.846384022385,1475.2060836408966
1785161956,25,,Aggregated,6.500000,0.000000,15,19,26,32,59,100,190,760,8200,8700,8800,81835,38,15,103.86492451214451,3.2871540170162916,8849.846384022385,1475.3963829657237
1785161957,25,,Aggregated,6.400000,0.000000,15,19,26,32,59,100,190,760,8200,8700,8800,81842,38,15,103.85766759022667,3.2871540170162916,8849.846384022385,1475.332616504973
1785161958,25,,Aggregated,6.000000,0.000000,15,19,26,32,59,100,190,760,8200,8700,8800,81846,38,15,103.85325340548953,3.2871540170162916,8849.846384022385,1475.429391784571
1785161959,25,,Aggregated,6.400000,0.000000,15,19,26,32,59,100,190,760,8200,8700,8800,81850,38,15,103.84916846064661,3.2871540170162916,8849.846384022385,1475.5202810018327
1785161960,25,,Aggregated,6.500000,0.000000,15,19,26,32,59,100,190,760,8200,8700,8800,81857,38,15,103.84167359749192,3.2871540170162916,8849.846384022385,1475.4538035842995
1785161962,25,,Aggregated,5.900000,0.000000,15,19,26,32,59,100,190,760,8200,8700,8800,81860,38,15,103.83860602221279,3.2871540170162916,8849.846384022385,1475.5871121426826
1785161963,25,,Aggregated,5.700000,0.000000,15,19,26,32,59,100,190,760,8200,8700,8800,81874,38,15,103.82313721361079,3.2871540170162916,8849.846384022385,1475.6288076800938
1785161964,25,,Aggregated,5.300000,0.000000,15,19,26,32,59,100,190,760,8200,8700,8800,81881,38,15,103.816783048378,3.2871540170162916,8849.846384022385,1475.5469522844128
1785161965,25,,Aggregated,5.700000,0.000000,15,19,26,32,59,100,190,760,8200,8700,8800,81888,38,15,103.80911074475027,3.2871540170162916,8849.846384022385,1475.6823466197734
1785161966,25,,Aggregated,5.700000,0.000000,15,19,26,32,59,100,190,760,8200,8700,8800,81894,38,15,103.80259035051064,3.2871540170162916,8849.846384022385,1475.600129435612
1785161967,25,,Aggregated,6.000000,0.000000,15,19,26,32,59,100,190,750,8200,8700,8800,81908,38,15,103.79026546226454,3.2871540170162916,8849.846384022385,1475.432241050935
1785161968,25,,Aggregated,6.800000,0.000000,15,19,26,32,59,100,190,750,8200,8700,8800,81912,38,15,103.78599832230752,3.2871540170162916,8849.846384022385,1475.5647890418986
1785161969,25,,Aggregated,6.800000,0.000000,15,19,26,32,59,100,190,750,8200,8700,8800,81913,38,15,103.7848585430505,3.2871540170162916,8849.846384022385,1475.5557481718408
1785161970,25,,Aggregated,6.800000,0.000000,15,19,26,32,59,100,190,750,8200,8700,8800,81921,38,15,103.77588717599754,3.2871540170162916,8849.846384022385,1475.5842213840162
1785161971,25,,Aggregated,6.700000,0.000000,15,19,26,32,59,100,190,750,8200,8700,8800,81926,38,15,103.77039810078425,3.2871540170162916,8849.846384022385,1475.6570807802163
1785161972,25,,Aggregated,7.000000,0.000000,15,19,26,32,59,100,190,750,8200,8700,8800,81928,38,15,103.76817336065587,3.2871540170162916,8849.846384022385,1475.6531710770432
1785161973,25,,Aggregated,7.000000,0.000000,15,19,26,32,59,100,190,750,8200,8700,8800,81934,38,15,103.76139062612829,3.2871540170162916,8849.846384022385,1475.6541728708473
1785161974,25,,Aggregated,6.700000,0.000000,15,19,26,32,59,100,190,750,8200,8700,8800,81938,38,15,103.7585471667492,3.2871540170162916,8849.846384022385,1475.6193585393835
1785161975,25,,Aggregated,6.100000,0.000000,15,19,26,32,59,100,190,750,8200,8700,8800,81945,38,15,103.75097821671994,3.2871540170162916,8849.846384022385,1475.6088229910306
1785161976,25,,Aggregated,5.700000,0.000000,15,19,26,32,59,100,190,750,8200,8700,8800,81947,38,15,103.74874236265124,3.2871540170162916,8849.846384022385,1475.6860165716867
1785161977,25,,Aggregated,5.700000,0.000000,15,19,26,32,59,100,190,750,8200,8700,8800,81957,38,15,103.73754842470504,3.2871540170162916,8849.846384022385,1475.765535585734
1785161978,25,,Aggregated,5.100000,0.000000,15,19,26,32,59,100,190,750,8200,8700,8800,81962,38,15,103.73190319977714,3.2871540170162916,8849.846384022385,1475.690661526073
1785161979,25,,Aggregated,4.900000,0.000000,15,19,26,32,59,100,190,750,8200,8700,8800,81980,38,15,103.7123372669947,3.2871540170162916,8849.846384022385,1475.5361917540863
1785161980,25,,Aggregated,4.900000,0.000000,15,19,26,32,59,100,190,750,8200,8700,8800,81989,38,15,103.70221191927153,3.2871540170162916,8849.846384022385,1475.5491102464964
1785161981,25,,Aggregated,6.600000,0.000000,15,19,26,32,59,100,190,750,8200,8700,8800,81993,38,15,103.69782274944329,3.2871540170162916,8849.846384022385,1475.589977193175
1785161982,25,,Aggregated,6.600000,0.000000,15,19,26,32,59,100,190,750,8200,8700,8800,81999,38,15,103.69095203732734,3.2871540170162916,8849.846384022385,1475.8545957877534
1785161983,25,,Aggregated,6.700000,0.000000,15,19,26,32,59,100,190,750,8200,8700,8800,82006,38,15,103.68323493475148,3.2871540170162916,8849.846384022385,1475.9098968368169
1785161984,25,,Aggregated,7.200000,0.000000,15,19,26,32,59,100,190,750,8200,8700,8800,82010,38,15,103.67882566122762,3.2871540170162916,8849.846384022385,1475.8505182294841
1785161985,25,,Aggregated,7.000000,0.000000,15,19,26,32,59,100,190,750,8200,8700,8800,82015,38,15,103.673462946958,3.2871540170162916,8849.846384022385,1475.8149972565993
1785161986,25,,Aggregated,7.200000,0.000000,15,19,26,32,59,100,190,750,8200,8700,8800,82024,38,15,103.66351621472693,3.2871540170162916,8849.846384022385,1475.779454793719
1785161987,25,,Aggregated,7.100000,0.000000,15,19,26,32,59,100,190,750,8200,8700,8800,82033,38,15,103.65364263232512,3.2871540170162916,8849.846384022385,1475.6519205685518
1785161988,25,,Aggregated,7.600000,0.000000,15,19,26,32,59,100,190,750,8200,8700,8800,82039,38,15,103.64717219207293,3.2871540170162916,8849.846384022385,1475.7404770901644
1785161989,25,,Aggregated,7.300000,0.000000,15,19,26,32,59,100,190,750,8200,8700,8800,82044,38,15,103.64162540026824,3.2871540170162916,8849.846384022385,1475.7741455804203
1785161990,25,,Aggregated,7.800000,0.000000,15,19,26,32,59,100,190,750,8200,8700,8800,82055,38,15,103.62940219333497,3.2871540170162916,8849.846384022385,1475.6960087746024
1785161991,25,,Aggregated,6.300000,0.000000,15,19,26,32,59,100,190,750,8200,8700,8800,82060,38,15,103.6238482683423,3.2871540170162916,8849.846384022385,1475.6254569826956
1785161992,25,,Aggregated,6.500000,0.000000,15,19,26,32,59,100,190,750,8200,8700,8800,82068,38,15,103.61488171388565,3.2871540170162916,8849.846384022385,1475.6362284934444
1785161993,25,,Aggregated,6.600000,0.000000,15,19,26,32,59,100,190,750,8200,8700,8800,82070,38,15,103.612594176317,3.2871540170162916,8849.846384022385,1475.6063482393079
1785161994,25,,Aggregated,6.500000,0.000000,15,19,26,32,59,100,190,750,8200,8700,8800,82080,38,15,103.60150432065672,3.2871540170162916,8849.846384022385,1475.4725389863547
1785161995,25,,Aggregated,6.500000,0.000000,15,19,26,32,59,100,190,750,8200,8700,8800,82090,38,15,103.59124043489092,3.2871540170162916,8849.846384022385,1475.408904860519
1785161996,25,,Aggregated,6.400000,0.000000,15,19,26,32,59,100,190,750,8200,8700,8800,82105,38,15,103.57938649667787,3.2871540170162916,8849.846384022385,1475.3714390110224
1785161997,25,,Aggregated,7.000000,0.000000,15,19,26,32,59,100,190,750,8200,8700,8800,82111,38,15,103.57289899542077,3.2871540170162916,8849.846384022385,1475.5796178343949
1785161998,25,,Aggregated,7.500000,0.000000,15,19,26,32,59,100,190,750,8200,8700,8800,82114,38,15,103.5694586607389,3.2871540170162916,8849.846384022385,1475.6074481817961
1785161999,25,,Aggregated,7.600000,0.000000,15,19,26,32,59,100,190,750,8200,8700,8800,82119,38,15,103.56419737975749,3.2871540170162916,8849.846384022385,1475.6910337437134
1785162000,25,,Aggregated,7.500000,0.000000,15,19,26,32,59,100,190,750,8200,8700,8800,82140,38,15,103.5414634256044,3.2871540170162916,8849.846384022385,1475.6565376186998
1785162001,25,,Aggregated,7.200000,0.000000,15,19,26,32,59,100,190,750,8200,8700,8800,82145,38,15,103.53580992045019,3.2871540170162916,8849.846384022385,1475.5819830787023
1785162002,25,,Aggregated,7.100000,0.000000,15,19,26,32,59,100,190,750,8200,8700,8800,82150,38,15,103.53037416249087,3.2871540170162916,8849.846384022385,1475.5188557516738
1785162003,25,,Aggregated,8.400000,0.000000,15,19,26,32,59,100,190,750,8200,8700,8800,82151,38,15,103.52923819837412,3.2871540170162916,8849.846384022385,1475.5755377293033
1785162004,25,,Aggregated,8.100000,0.000000,15,19,26,32,59,100,190,750,8200,8700,8800,82152,38,15,103.52810734289605,3.2871540170162916,8849.846384022385,1475.7057649235564
1785162005,25,,Aggregated,8.100000,0.000000,15,19,26,32,59,100,190,750,8200,8700,8800,82157,38,15,103.52254630846839,3.2871540170162916,8849.846384022385,1475.806224667405
1785162006,25,,Aggregated,7.800000,0.000000,15,19,26,32,59,100,190,750,8200,8700,8800,82165,38,15,103.51382182036673,3.2871540170162916,8849.846384022385,1475.7695734193392
1785162007,25,,Aggregated,6.800000,0.000000,15,19,26,32,59,100,190,750,8200,8700,8800,82182,38,15,103.69138858424749,3.2871540170162916,8849.846384022385,1475.7439220267213
1785162008,25,,Aggregated,6.400000,0.000000,15,19,26,32,59,100,190,750,8200,8700,8800,82190,38,15,103.68256933880853,3.2871540170162916,8849.846384022385,1475.6450784767003
1785162009,25,,Aggregated,6.100000,0.000000,15,19,26,32,59,100,190,760,8200,8700,8800,82193,38,15,103.77688544682418,3.2871540170162916,8849.846384022385,1475.608068813646
1785162010,25,,Aggregated,7.100000,0.000000,15,19,26,32,59,100,190,750,8200,8700,8800,82206,38,15,103.76262716903828,3.2871540170162916,8849.846384022385,1475.5808943386128
1785162011,25,,Aggregated,7.600000,0.000000,15,19,26,32,59,100,190,750,8200,8700,8800,82210,38,15,103.75809651380513,3.2871540170162916,8849.846384022385,1475.526468799416
1785162012,25,,Aggregated,7.100000,0.000000,15,19,26,32,59,100,190,750,8200,8700,8800,82211,38,15,103.75697949310876,3.2871540170162916,8849.846384022385,1475.5100898906474
1785162013,25,,Aggregated,6.600000,0.000000,15,19,26,32,59,100,190,750,8200,8700,8800,82213,38,15,103.75495786285593,3.2871540170162916,8849.846384022385,1475.6583022149782
1785162014,25,,Aggregated,6.500000,0.000000,15,19,26,32,59,100,190,750,8200,8700,8800,82215,38,15,103.75269702555278,3.2871540170162916,8849.846384022385,1475.632560968193
1785162015,25,,Aggregated,6.100000,0.000000,15,19,26,32,59,100,190,750,8200,8700,8800,82221,38,15,103.74588216552446,3.2871540170162916,8849.846384022385,1475.831733985235
1785162016,25,,Aggregated,6.200000,0.000000,15,19,26,32,59,100,190,760,8200,8700,8800,82232,38,15,103.92947821681885,3.2871540170162916,8849.846384022385,1476.3216630995232
1785162017,25,,Aggregated,6.400000,0.000000,15,19,26,32,59,100,190,760,8200,8700,8800,82234,38,15,103.92721246140734,3.2871540170162916,8849.846384022385,1476.295218522752
1785162018,25,,Aggregated,6.200000,0.000000,15,19,26,32,59,100,190,760,8200,8700,8800,82237,38,15,103.9237850063399,3.2871540170162916,8849.846384022385,1476.4707248562083
1785162019,25,,Aggregated,6.500000,0.000000,15,19,26,32,59,100,190,760,8200,8700,8800,82239,38,15,104.01909946095375,3.2871540170162916,8849.846384022385,1476.5844550638992
1785162021,25,,Aggregated,5.100000,0.000000,15,19,26,32,59,100,190,760,8200,8700,8800,82244,38,15,104.01349932712488,3.2871540170162916,8849.846384022385,1476.6764870385682
1785162022,25,,Aggregated,4.700000,0.000000,15,19,26,32,59,100,190,760,8200,8700,8800,82247,38,15,104.01013246483265,3.2871540170162916,8849.846384022385,1476.804588617214
1785162023,25,,Aggregated,4.500000,0.000000,15,19,26,32,59,100,190,760,8200,8700,8800,82252,38,15,104.10233077977772,3.2871540170162916,8849.846384022385,1476.7432402859506
1785162024,25,,Aggregated,3.800000,0.000000,15,19,26,32,59,100,190,760,8200,8700,8800,82258,38,15,104.09774632124277,3.2871540170162916,8849.846384022385,1476.7037248656666
1785162025,25,,Aggregated,4.100000,0.000000,15,19,26,32,59,100,190,760,8200,8700,8800,82267,38,15,104.18583861786936,3.2871540170162916,8849.846384022385,1476.8005761727059
1785162026,25,,Aggregated,4.100000,0.000000,15,19,26,32,59,100,190,760,8200,8700,8800,82271,38,15,104.18129126408407,3.2871540170162916,8849.846384022385,1476.8903866490016
1785162027,25,,Aggregated,5.000000,0.000000,15,19,26,32,59,100,190,760,8200,8700,8800,82280,38,15,104.17125118152371,3.2871540170162916,8849.846384022385,1476.7768230432669
1785162028,25,,Aggregated,5.000000,0.000000,15,19,26,32,59,100,190,760,8200,8700,8800,82293,38,15,104.15674605075715,3.2871540170162916,8849.846384022385,1476.8988127787297
1785162029,25,,Aggregated,4.700000,0.000000,15,19,26,32,59,100,190,760,8200,8700,8800,82299,38,15,104.15012038642418,3.2871540170162916,8849.846384022385,1476.8948103865175
1785162030,25,,Aggregated,5.900000,0.000000,15,19,26,32,59,100,190,760,8200,8700,8800,82304,38,15,104.24190492759035,3.2871540170162916,8849.846384022385,1476.976100797045
1785162031,25,,Aggregated,5.900000,0.000000,15,19,26,32,59,100,190,760,8200,8700,8800,82309,38,15,104.23622450525998,3.2871540170162916,8849.846384022385,1476.901031478939
1785162032,25,,Aggregated,5.900000,0.000000,15,19,26,32,59,100,190,760,8200,8700,8800,82320,38,15,104.32157772246443,3.2871540170162916,8849.846384022385,1476.9203231292518
1785162033,25,,Aggregated,6.500000,0.000000,15,19,26,32,59,100,190,760,8200,8700,8800,82329,38,15,104.50647277580998,3.2871540170162916,8849.846384022385,1476.831444569957
1785162034,25,,Aggregated,7.300000,0.000000,15,19,26,32,59,100,190,760,8200,8700,8800,82339,38,15,104.59278555069453,3.2871540170162916,8849.846384022385,1476.6988304448682
1785162035,25,,Aggregated,7.500000,0.000000,15,19,26,32,59,100,190,770,8200,8700,8800,82345,38,15,104.68443465825199,3.2871540170162916,8849.846384022385,1476.7643087011961
1785162036,25,,Aggregated,8.000000,0.000000,15,19,26,32,59,100,190,770,8200,8700,8800,82352,38,15,104.676906654226,3.2871540170162916,8849.846384022385,1476.7085680979212
1785162037,25,,Aggregated,8.000000,0.000000,15,19,26,32,59,100,190,770,8200,8700,8800,82359,38,15,104.66930867233062,3.2871540170162916,8849.846384022385,1476.752898893867
1785162038,25,,Aggregated,7.600000,0.000000,15,19,26,32,59,100,190,770,8200,8700,8800,82364,38,15,104.7612582228849,3.2871540170162916,8849.846384022385,1476.6976106065756
1785162039,25,,Aggregated,8.000000,0.000000,15,19,26,32,59,100,190,770,8200,8700,8800,82376,38,15,104.74798648202314,3.2871540170162916,8849.846384022385,1476.6082718267457
1785162040,25,,Aggregated,8.000000,0.000000,15,19,26,32,59,100,190,770,8200,8700,8800,82379,38,15,104.74493829464043,3.2871540170162916,8849.846384022385,1476.5677053618033
1785162041,25,,Aggregated,7.800000,0.000000,15,19,26,32,59,100,190,770,8200,8700,8800,82389,38,15,104.73407372125754,3.2871540170162916,8849.846384022385,1476.8837951668306
1785162042,25,,Aggregated,7.600000,0.000000,15,19,26,32,59,100,190,770,8200,8700,8800,82392,38,15,104.73072479949253,3.2871540170162916,8849.846384022385,1477.0586221963297
1785162043,25,,Aggregated,7.500000,0.000000,15,19,26,32,59,100,190,770,8200,8700,8800,82398,38,15,104.72435552231863,3.2871540170162916,8849.846384022385,1476.978373261487
1785162044,25,,Aggregated,7.100000,0.000000,15,19,26,32,59,100,190,770,8200,8700,8800,82407,38,15,104.71450728050277,3.2871540170162916,8849.846384022385,1476.8603759389373
1785162045,25,,Aggregated,6.500000,0.000000,15,19,26,32,59,100,190,770,8200,8700,8800,82414,38,15,104.70872804062627,3.2871540170162916,8849.846384022385,1476.806452787148
1785162046,25,,Aggregated,6.500000,0.000000,15,19,26,32,59,100,190,770,8200,8700,8800,82421,38,15,104.70111119327493,3.2871540170162916,8849.846384022385,1476.7413644580872
1785162047,25,,Aggregated,6.900000,0.000000,15,19,26,32,59,100,190,770,8200,8700,8800,82423,38,15,104.69890305602685,3.2871540170162916,8849.846384022385,1476.8803853293377
1785162048,25,,Aggregated,7.000000,0.000000,15,19,26,32,59,100,190,770,8200,8700,8800,82427,38,15,104.69436179865733,3.2871540170162916,8849.846384022385,1477.178788503767
1785162049,25,,Aggregated,6.300000,0.000000,15,19,26,32,59,100,190,770,8200,8700,8800,82448,38,15,104.67148717745135,3.2871540170162916,8849.846384022385,1476.9146128468853
1785162050,25,,Aggregated,6.100000,0.000000,15,19,26,32,59,100,190,770,8200,8700,8800,82451,38,15,104.66806494929672,3.2871540170162916,8849.846384022385,1476.88028040897
1785162051,25,,Aggregated,6.000000,0.000000,15,19,26,32,59,100,190,770,8200,8700,8800,82458,38,15,104.66060681562084,3.2871540170162916,8849.846384022385,1476.920759659463
1785162052,25,,Aggregated,7.000000,0.000000,15,19,26,32,59,100,190,770,8200,8700,8800,82470,38,15,104.64718029870185,3.2871540170162916,8849.846384022385,1476.7534861161635
1785162053,25,,Aggregated,6.800000,0.000000,15,19,26,32,59,100,190,770,8200,8700,8800,82482,38,15,104.63422945242468,3.2871540170162916,8849.846384022385,1476.7414587425135
1785162054,25,,Aggregated,7.700000,0.000000,15,19,26,32,59,100,190,770,8200,8700,8800,82493,38,15,104.62217663583434,3.2871540170162916,8849.846384022385,1476.9143927363534
1785162055,25,,Aggregated,8.900000,0.000000,15,19,26,32,59,100,190,760,8200,8700,8800,82502,38,15,104.61227747016787,3.2871540170162916,8849.846384022385,1476.8284162808175
1785162056,25,,Aggregated,8.900000,0.000000,15,19,26,32,59,100,190,760,8200,8700,8800,82504,38,15,104.61011249574297,3.2871540170162916,8849.846384022385,1476.9724498206147
1785162057,25,,Aggregated,8.200000,0.000000,15,19,26,32,59,100,190,760,8200,8700,8800,82516,38,15,104.59676287922856,3.2871540170162916,8849.846384022385,1476.887027970333
1785162058,25,,Aggregated,8.300000,0.000000,15,19,26,32,59,100,190,760,8200,8700,8800,82520,38,15,104.59230700162972,3.2871540170162916,8849.846384022385,1476.8283567619972
1785162059,25,,Aggregated,8.200000,0.000000,15,19,26,32,59,100,190,760,8200,8700,8800,82524,38,15,104.58786936617749,3.2871540170162916,8849.846384022385,1476.8030027628326
1785162060,25,,Aggregated,9.200000,0.000000,15,19,26,32,59,100,190,760,8200,8700,8800,82535,38,15,104.57741221328781,3.2871540170162916,8849.846384022385,1476.6838432180286
1785162061,25,,Aggregated,8.700000,0.000000,15,19,26,32,59,100,190,760,8200,8700,8800,82549,38,15,104.56189871438889,3.2871540170162916,8849.846384022385,1476.5046578395861
1785162062,25,,Aggregated,7.500000,0.000000,15,19,26,32,59,100,190,760,8200,8700,8800,82555,38,15,104.55516148302459,3.2871540170162916,8849.846384022385,1476.6283084004604
1785162063,25,,Aggregated,8.700000,0.000000,15,19,26,32,59,100,190,760,8200,8700,8800,82568,38,15,104.54244764054681,3.2871540170162916,8849.846384022385,1476.454425443271
1785162064,25,,Aggregated,8.200000,0.000000,15,19,26,32,59,100,190,760,8200,8700,8800,82572,38,15,104.5389503699874,3.2871540170162916,8849.846384022385,1476.6473259700624
1785162065,25,,Aggregated,7.600000,0.000000,15,19,26,32,59,100,190,760,8200,8700,8800,82573,38,15,104.53786883366917,3.2871540170162916,8849.846384022385,1476.6310416237752
1785162066,25,,Aggregated,8.000000,0.000000,15,19,26,32,59,100,190,760,8200,8700,8800,82582,38,15,104.52789290506207,3.2871540170162916,8849.846384022385,1476.502433944443
1785162067,25,,Aggregated,7.900000,0.000000,15,19,26,32,59,100,190,760,8200,8700,8800,82589,38,15,104.5200832259967,3.2871540170162916,8849.846384022385,1476.5517441790068
1785162068,25,,Aggregated,6.900000,0.000000,15,19,26,32,59,100,190,760,8200,8700,8800,82600,38,15,104.50819697523643,3.2871540170162916,8849.846384022385,1476.498171912833
1785162069,25,,Aggregated,8.100000,0.000000,15,19,26,32,59,100,190,760,8200,8700,8800,82608,38,15,104.49918728046502,3.2871540170162916,8849.846384022385,1476.7613669378268
1785162070,25,,Aggregated,7.400000,0.000000,15,19,26,32,59,100,190,760,8200,8700,8800,82610,38,15,104.49692060525064,3.2871540170162916,8849.846384022385,1476.7357704878343
1785162071,25,,Aggregated,8.000000,0.000000,15,19,26,32,59,100,190,760,8200,8700,8800,82627,38,15,104.4784280202196,3.2871540170162916,8849.846384022385,1476.5182325390006
1785162072,25,,Aggregated,8.400000,0.000000,15,19,26,32,59,100,190,760,8200,8700,8800,82631,38,15,104.47394711864385,3.2871540170162916,8849.846384022385,1476.5461509602933
1785162073,25,,Aggregated,7.100000,0.000000,15,19,26,32,59,100,190,760,8200,8700,8800,82638,38,15,104.4660802025558,3.2871540170162916,8849.846384022385,1476.4564002032962
1785162074,25,,Aggregated,7.700000,0.000000,15,19,26,32,59,100,190,760,8200,8700,8800,82648,38,15,104.45511947141743,3.2871540170162916,8849.846384022385,1476.402006098151
1785162075,25,,Aggregated,7.600000,0.000000,15,19,26,32,59,100,190,760,8200,8700,8800,82653,38,15,104.44958863095988,3.2871540170162916,8849.846384022385,1476.4999818518384
1785162076,25,,Aggregated,7.000000,0.000000,15,19,26,32,59,100,190,760,8200,8700,8800,82658,38,15,104.4440010914768,3.2871540170162916,8849.846384022385,1476.5713058627114
1785162077,25,,Aggregated,7.600000,0.000000,15,19,26,32,59,100,190,760,8200,8700,8800,82665,38,15,104.43636986662135,3.2871540170162916,8849.846384022385,1476.5636242666183
1785162078,25,,Aggregated,8.000000,0.000000,15,19,26,32,59,100,190,760,8200,8700,8800,82670,38,15,104.4308144694365,3.2871540170162916,8849.846384022385,1476.4893794605057
1785162079,25,,Aggregated,7.300000,0.000000,15,19,26,32,59,100,190,760,8200,8700,8800,82676,38,15,104.42425421095886,3.2871540170162916,8849.846384022385,1476.4338864966858
1785162081,25,,Aggregated,7.400000,0.000000,15,19,26,32,59,100,190,760,8200,8700,8800,82682,38,15,104.4180553755247,3.2871540170162916,8849.846384022385,1476.34434338792
1785162082,25,,Aggregated,6.900000,0.000000,15,19,26,32,59,100,190,760,8200,8700,8800,82688,38,15,104.41128712521477,3.2871540170162916,8849.846384022385,1476.622641737616
1785162083,25,,Aggregated,7.200000,0.000000,15,19,26,32,59,100,190,760,8200,8700,8800,82693,38,15,104.40566619867967,3.2871540170162916,8849.846384022385,1476.6411546321938
1785162084,25,,Aggregated,7.200000,0.000000,15,19,26,32,59,100,190,760,8200,8700,8800,82703,38,15,104.39487144327876,3.2871540170162916,8849.846384022385,1476.6126742681645
1785162085,25,,Aggregated,5.800000,0.000000,15,19,26,32,59,100,190,760,8200,8700,8800,82716,38,15,104.38080517543912,3.2871540170162916,8849.846384022385,1476.5154262778665
1785162086,25,,Aggregated,6.500000,0.000000,15,19,26,32,59,100,190,760,8200,8700,8800,82732,38,15,104.36312517485673,3.2871540170162916,8849.846384022385,1476.3342479330852
1785162087,25,,Aggregated,6.500000,0.000000,15,19,26,32,59,100,190,760,8200,8700,8800,82742,38,15,104.35210405705578,3.2871540170162916,8849.846384022385,1476.3866839090183
1785162088,25,,Aggregated,7.800000,0.000000,15,19,26,32,59,100,190,760,8200,8700,8800,82754,38,15,104.33885742575272,3.2871540170162916,8849.846384022385,1476.3386301568505
1785162089,25,,Aggregated,7.700000,0.000000,15,19,26,32,59,100,190,760,8200,8700,8800,82766,38,15,104.32660396056431,3.2871540170162916,8849.846384022385,1476.3619360607013
1785162090,25,,Aggregated,8.400000,0.000000,15,19,26,32,59,100,190,760,8200,8700,8800,82771,38,15,104.32100541896486,3.2871540170162916,8849.846384022385,1476.2834567662587
1785162091,25,,Aggregated,8.400000,0.000000,15,19,26,32,59,100,190,760,8200,8700,8800,82776,38,15,104.31543939702564,3.2871540170162916,8849.846384022385,1476.2154489223929
1785162092,25,,Aggregated,9.100000,0.000000,15,19,26,32,59,100,190,760,8200,8700,8800,82780,38,15,104.31094858139777,3.2871540170162916,8849.846384022385,1476.1774341628413
1785162093,25,,Aggregated,9.400000,0.000000,15,19,26,32,59,100,190,760,8200,8700,8800,82788,38,15,104.30215931460087,3.2871540170162916,8849.846384022385,1476.570275885394
1785162094,25,,Aggregated,9.200000,0.000000,15,19,26,32,59,100,190,760,8200,8700,8800,82796,38,15,104.29409996117127,3.2871540170162916,8849.846384022385,1476.6598144837915
1785162095,25,,Aggregated,9.200000,0.000000,15,19,26,32,59,100,190,760,8200,8700,8800,82800,38,15,104.28964716962714,3.2871540170162916,8849.846384022385,1476.5992028985506
1785162096,25,,Aggregated,9.400000,0.000000,15,19,26,32,59,100,190,760,8200,8700,8800,82801,38,15,104.28855853048053,3.2871540170162916,8849.846384022385,1476.5829639738652
1785162097,25,,Aggregated,8.700000,0.000000,15,19,26,32,59,100,190,760,8200,8700,8800,82807,38,15,104.2819012994644,3.2871540170162916,8849.846384022385,1476.5819314792227
1785162098,25,,Aggregated,7.000000,0.000000,15,19,26,32,59,100,190,760,8200,8700,8800,82817,38,15,104.27096561804517,3.2871540170162916,8849.846384022385,1476.474069333591
1785162099,25,,Aggregated,7.100000,0.000000,15,19,26,32,59,100,190,760,8200,8700,8800,82820,38,15,104.26764138499986,3.2871540170162916,8849.846384022385,1476.507111808742
1785162100,25,,Aggregated,7.100000,0.000000,15,19,26,32,59,100,190,760,8200,8700,8800,82822,38,15,104.26543077321236,3.2871540170162916,8849.846384022385,1476.5083431938374
1785162101,25,,Aggregated,5.700000,0.000000,15,19,26,32,59,100,190,760,8200,8700,8800,82828,38,15,104.2587872680477,3.2871540170162916,8849.846384022385,1476.5838967498914
1785162102,25,,Aggregated,5.200000,0.000000,15,19,26,32,59,100,190,760,8200,8700,8800,82844,38,15,104.24500465981455,3.2871540170162916,8849.846384022385,1476.3741007194244
1785162103,25,,Aggregated,4.700000,0.000000,15,19,26,32,59,100,190,760,8200,8700,8800,82849,38,15,104.23959057589403,3.2871540170162916,8849.846384022385,1476.4485630484376
1785162104,25,,Aggregated,6.200000,0.000000,15,19,26,32,59,100,190,760,8200,8700,8800,82855,38,15,104.23321125522067,3.2871540170162916,8849.846384022385,1476.385601351759
1785162105,25,,Aggregated,6.000000,0.000000,15,19,26,32,59,100,190,760,8200,8700,8800,82861,38,15,104.22691061977497,3.2871540170162916,8849.846384022385,1476.4527944388797
1785162106,25,,Aggregated,6.000000,0.000000,15,19,26,32,59,100,190,760,8200,8700,8800,82864,38,15,104.22356992565908,3.2871540170162916,8849.846384022385,1476.6218140567678
1785162107,25,,Aggregated,5.900000,0.000000,15,19,26,32,59,100,190,760,8200,8700,8800,82869,38,15,104.21811104505608,3.2871540170162916,8849.846384022385,1476.6286789993846
1785162108,25,,Aggregated,6.100000,0.000000,15,19,26,32,59,100,190,760,8200,8700,8800,82878,38,15,104.20898636011871,3.2871540170162916,8849.846384022385,1476.5433890779218
1785162109,25,,Aggregated,6.000000,0.000000,15,19,26,32,59,100,190,760,8200,8700,8800,82890,38,15,104.19594453713349,3.2871540170162916,8849.846384022385,1476.4576064664013
1785162110,25,,Aggregated,6.200000,0.000000,15,19,26,32,59,100,190,760,8200,8700,8800,82897,38,15,104.28531083328475,3.2871540170162916,8849.846384022385,1476.5321422970674
1785162111,25,,Aggregated,6.400000,0.000000,15,19,26,32,59,100,190,760,8200,8700,8800,82902,38,15,104.27967305876305,3.2871540170162916,8849.846384022385,1476.5966804178427
1785162112,25,,Aggregated,7.100000,0.000000,15,19,26,32,59,100,190,760,8200,8700,8800,82907,38,15,104.27416624033512,3.2871540170162916,8849.846384022385,1476.5560206013968
1785162113,25,,Aggregated,7.500000,0.000000,15,19,26,32,59,100,190,760,8200,8700,8800,82921,38,15,104.35541182573307,3.2871540170162916,8849.846384022385,1476.4051808347704
1785162114,25,,Aggregated,7.500000,0.000000,15,19,26,32,59,100,190,760,8200,8700,8800,82922,38,15,104.35429506533255,3.2871540170162916,8849.846384022385,1476.534188755698
1785162115,25,,Aggregated,6.200000,0.000000,15,19,26,32,59,100,190,760,8200,8700,8800,82924,38,15,104.35201582602802,3.2871540170162916,8849.846384022385,1476.5728136607013
1785162116,25,,Aggregated,6.900000,0.000000,15,19,26,32,59,100,190,760,8200,8700,8800,82927,38,15,104.44546777653485,3.2871540170162916,8849.846384022385,1476.5464203456052
1785162117,25,,Aggregated,6.300000,0.000000,15,19,26,32,59,100,190,760,8200,8700,8800,82931,38,15,104.4412140594797,3.2871540170162916,8849.846384022385,1476.4966538447625
1785162118,25,,Aggregated,6.200000,0.000000,15,19,26,32,59,100,190,760,8200,8700,8800,82935,38,15,104.53348888823534,3.2871540170162916,8849.846384022385,1476.5861578344486
1785162119,25,,Aggregated,6.100000,0.000000,15,19,26,32,59,100,190,760,8200,8700,8800,82939,38,15,104.5292458242634,3.2871540170162916,8849.846384022385,1476.810077285716
1785162120,25,,Aggregated,5.400000,0.000000,15,19,26,32,59,100,190,770,8200,8700,8800,82942,38,15,104.62253276916175,3.2871540170162916,8849.846384022385,1476.7674519543777
1785162121,25,,Aggregated,5.400000,0.000000,15,19,26,32,59,100,190,770,8200,8700,8800,82954,38,15,104.70627923385202,3.2871540170162916,8849.846384022385,1476.6912987921016
1785162122,25,,Aggregated,4.800000,0.000000,15,19,26,32,59,100,190,770,8200,8700,8800,82959,38,15,104.79799050274677,3.2871540170162916,8849.846384022385,1476.6916910763148
1785162123,25,,Aggregated,4.400000,0.000000,15,19,26,32,59,100,190,770,8200,8700,8800,82962,38,15,104.79466771854088,3.2871540170162916,8849.846384022385,1476.676743569345
1785162124,25,,Aggregated,5.100000,0.000000,15,19,26,32,59,100,190,770,8200,8700,8800,82965,38,15,104.88790325620745,3.2871540170162916,8849.846384022385,1476.6313264629664
1785162125,25,,Aggregated,5.200000,0.000000,15,19,26,32,59,100,190,770,8200,8700,8800,82972,38,15,104.97689523001931,3.2871540170162916,8849.846384022385,1476.5988526249819
1785162126,25,,Aggregated,4.000000,0.000000,15,19,26,32,59,100,190,770,8200,8700,8800,82979,38,15,104.96957187909771,3.2871540170162916,8849.846384022385,1476.6634208655203
1785162127,25,,Aggregated,4.600000,0.000000,15,19,26,32,59,100,190,780,8200,8700,8800,82990,38,15,105.05430901661623,3.2871540170162916,8849.846384022385,1476.6500060248222
1785162128,25,,Aggregated,4.800000,0.000000,15,19,26,32,59,100,190,780,8200,8700,8800,82992,38,15,105.14960426860256,3.2871540170162916,8849.846384022385,1476.643399363794
1785162129,25,,Aggregated,5.700000,0.000000,15,19,26,32,59,100,190,780,8200,8700,8800,83004,38,15,105.32999507275954,3.2871540170162916,8849.846384022385,1476.6262951183076
1785162130,25,,Aggregated,5.900000,0.000000,15,19,26,32,59,100,190,780,8200,8700,8800,83006,38,15,105.42436594718667,3.2871540170162916,8849.846384022385,1476.5925957159723
1785162131,25,,Aggregated,5.700000,0.000000,15,19,26,32,59,100,190,780,8200,8700,8800,83011,38,15,105.51557754447086,3.2871540170162916,8849.846384022385,1476.5953307392997
1785162132,25,,Aggregated,6.300000,0.000000,15,19,26,32,59,100,190,780,8200,8700,8800,83017,38,15,105.50877554881254,3.2871540170162916,8849.846384022385,1476.6449522386981
1785162134,25,,Aggregated,6.400000,0.000000,15,19,26,32,59,100,190,780,8200,8700,8800,83023,38,15,105.5020525180673,3.2871540170162916,8849.846384022385,1476.8712284547655
1785162135,25,,Aggregated,5.600000,0.000000,15,19,26,32,59,100,190,780,8200,8700,8800,83028,38,15,105.49712174915246,3.2871540170162916,8849.846384022385,1477.0138989256636
1785162136,25,,Aggregated,5.800000,0.000000,15,19,26,32,59,100,190,780,8200,8700,8800,83041,38,15,105.4829102739236,3.2871540170162916,8849.846384022385,1476.8486410327428
1785162137,25,,Aggregated,6.000000,0.000000,15,19,26,32,59,100,190,780,8200,8700,8800,83050,38,15,105.47308628359885,3.2871540170162916,8849.846384022385,1477.0210234798315
1785162138,25,,Aggregated,6.000000,0.000000,15,19,26,32,59,100,190,780,8200,8700,8800,83056,38,15,105.46632021546444,3.2871540170162916,8849.846384022385,1477.1484058948179
1785162139,25,,Aggregated,6.900000,0.000000,15,19,26,32,59,100,190,780,8200,8700,8800,83058,38,15,105.46411321278602,3.2871540170162916,8849.846384022385,1477.2609983385105
1785162140,25,,Aggregated,6.500000,0.000000,15,19,26,32,59,100,190,780,8200,8700,8800,83064,38,15,105.45757491230682,3.2871540170162916,8849.846384022385,1477.1785129538669
1785162141,25,,Aggregated,6.500000,0.000000,15,19,26,32,59,100,190,780,8200,8700,8800,83070,38,15,105.45086026382528,3.2871540170162916,8849.846384022385,1477.324822438907
1785162142,25,,Aggregated,6.500000,0.000000,15,19,26,32,59,100,190,780,8200,8700,8800,83075,38,15,105.44541255812257,3.2871540170162916,8849.846384022385,1477.438880529642
1785162143,25,,Aggregated,6.200000,0.000000,15,19,26,32,59,100,190,780,8200,8700,8800,83082,38,15,105.4376434808422,3.2871540170162916,8849.846384022385,1477.4446691220721
1785162144,25,,Aggregated,6.400000,0.000000,15,19,26,32,59,100,190,780,8200,8700,8800,83100,38,15,105.41772769438775,3.2871540170162916,8849.846384022385,1477.2828158844766
1785162145,25,,Aggregated,6.400000,0.000000,15,19,26,32,59,100,190,780,8200,8700,8800,83117,38,15,105.40027950710478,3.2871540170162916,8849.846384022385,1477.0669056871639
1785162146,25,,Aggregated,6.400000,0.000000,15,19,26,32,59,100,190,780,8200,8700,8800,83120,38,15,105.39704165510223,3.2871540170162916,8849.846384022385,1477.1667107795959
1785162147,25,,Aggregated,8.700000,0.000000,15,19,26,32,59,100,190,780,8200,8700,8800,83133,38,15,105.38476104705363,3.2871540170162916,8849.846384022385,1477.0052205502027
1785162148,25,,Aggregated,7.900000,0.000000,15,19,26,32,59,100,190,780,8200,8700,8800,83139,38,15,105.37842529724757,3.2871540170162916,8849.846384022385,1477.2264881704134
1785162149,25,,Aggregated,8.200000,0.000000,15,19,25,32,59,100,190,780,8200,8700,8800,83144,38,15,105.37277665077332,3.2871540170162916,8849.846384022385,1477.3160059655538
1785162150,25,,Aggregated,8.200000,0.000000,15,19,25,32,59,100,190,780,8200,8700,8800,83144,38,15,105.37277665077332,3.2871540170162916,8849.846384022385,1477.3160059655538
1785162151,25,,Aggregated,8.200000,0.000000,15,19,25,32,59,100,190,780,8200,8700,8800,83149,38,15,105.36738854735188,3.2871540170162916,8849.846384022385,1477.3289877208385
1785162152,25,,Aggregated,8.000000,0.000000,15,19,25,32,59,100,190,780,8200,8700,8800,83155,38,15,105.36082036743728,3.2871540170162916,8849.846384022385,1477.417810113643
1785162153,25,,Aggregated,8.100000,0.000000,15,19,25,32,59,100,190,780,8200,8700,8800,83161,38,15,105.35445107293178,3.2871540170162916,8849.846384022385,1477.5065355154459
1785162154,25,,Aggregated,7.600000,0.000000,15,19,25,32,59,100,190,780,8200,8700,8800,83176,38,15,105.34057325446415,3.2871540170162916,8849.846384022385,1477.4529912474752
1785162155,25,,Aggregated,7.900000,0.000000,15,19,25,32,59,100,190,780,8200,8700,8800,83187,38,15,105.32891637980711,3.2871540170162916,8849.846384022385,1477.3660908555423
1785162156,25,,Aggregated,7.100000,0.000000,15,19,25,32,59,100,190,780,8200,8700,8800,83208,38,15,105.30585919602669,3.2871540170162916,8849.846384022385,1477.257715604269
1785162157,25,,Aggregated,6.900000,0.000000,15,19,25,32,59,100,190,780,8200,8700,8800,83220,38,15,105.29293771801846,3.2871540170162916,8849.846384022385,1477.2766402307138
1785162158,25,,Aggregated,7.800000,0.000000,15,19,25,32,59,100,190,780,8200,8700,8800,83224,38,15,105.28845816966898,3.2871540170162916,8849.846384022385,1477.255575314813
1785162159,25,,Aggregated,8.400000,0.000000,15,19,25,32,59,100,190,780,8200,8700,8800,83232,38,15,105.2797763385787,3.2871540170162916,8849.846384022385,1477.226283160323
1785162160,25,,Aggregated,8.200000,0.000000,15,19,25,32,59,100,190,780,8200,8700,8800,83242,38,15,105.2688036988565,3.2871540170162916,8849.846384022385,1477.1160351745514
1785162161,25,,Aggregated,8.600000,0.000000,15,19,25,32,59,100,190,780,8200,8700,8800,83246,38,15,105.26438566999153,3.2871540170162916,8849.846384022385,1477.0542248276192
1785162162,25,,Aggregated,9.600000,0.000000,15,19,25,32,59,100,190,780,8200,8700,8800,83250,38,15,105.25982294912946,3.2871540170162916,8849.846384022385,1477.2037237237237
1785162163,25,,Aggregated,9.600000,0.000000,15,19,25,32,59,100,190,780,8200,8700,8800,83251,38,15,105.25869369103256,3.2871540170162916,8849.846384022385,1477.1923340260178
1785162164,25,,Aggregated,9.700000,0.000000,15,19,25,32,59,100,190,780,8200,8700,8800,83256,38,15,105.25302050321086,3.2871540170162916,8849.846384022385,1477.3990222926875
1785162165,25,,Aggregated,9.100000,0.000000,15,19,25,32,59,100,190,780,8200,8700,8800,83267,38,15,105.24125324232531,3.2871540170162916,8849.846384022385,1477.254830845353
1785162166,25,,Aggregated,8.700000,0.000000,15,19,25,32,59,100,190,780,8200,8700,8800,83271,38,15,105.2368488406153,3.2871540170162916,8849.846384022385,1477.3490530917127
1785162167,25,,Aggregated,7.200000,0.000000,15,19,25,32,59,100,190,780,8200,8700,8800,83274,38,15,105.23357798054853,3.2871540170162916,8849.846384022385,1477.3280135456446
1785162168,25,,Aggregated,7.200000,0.000000,15,19,25,32,59,100,190,780,8200,8700,8800,83281,38,15,105.22602679234323,3.2871540170162916,8849.846384022385,1477.504604891872
1785162169,25,,Aggregated,5.600000,0.000000,15,19,25,32,59,100,190,780,8200,8700,8800,83295,38,15,105.210897331786,3.2871540170162916,8849.846384022385,1477.3343538027493
1785162170,25,,Aggregated,5.700000,0.000000,15,19,25,32,59,100,190,780,8200,8700,8800,83300,38,15,105.20527909485241,3.2871540170162916,8849.846384022385,1477.2647178871548
1785162171,25,,Aggregated,5.700000,0.000000,15,19,25,32,59,100,190,780,8200,8700,8800,83311,38,15,105.1931981166136,3.2871540170162916,8849.846384022385,1477.1329116203142
1785162172,25,,Aggregated,5.500000,0.000000,15,19,25,32,59,100,190,780,8200,8700,8800,83321,38,15,105.18320511874064,3.2871540170162916,8849.846384022385,1476.9979596980354
1785162173,25,,Aggregated,5.900000,0.000000,15,19,25,32,59,100,190,780,8200,8700,8800,83323,38,15,105.18104882425688,3.2871540170162916,8849.846384022385,1476.9656757437922
1785162174,25,,Aggregated,6.300000,0.000000,15,19,25,32,59,100,190,780,8200,8700,8800,83324,38,15,105.17999533735187,3.2871540170162916,8849.846384022385,1476.949534347847
1785162175,25,,Aggregated,7.100000,0.000000,15,19,25,32,59,100,190,780,8200,8700,8800,83332,38,15,105.17096222593821,3.2871540170162916,8849.846384022385,1476.9192747083953
1785162176,25,,Aggregated,6.800000,0.000000,15,19,25,32,59,100,190,780,8200,8700,8800,83336,38,15,105.16660863134393,3.2871540170162916,8849.846384022385,1477.0007439761928
1785162177,25,,Aggregated,7.100000,0.000000,15,19,25,32,59,100,190,780,8200,8700,8800,83351,38,15,105.15118321303846,3.2871540170162916,8849.846384022385,1477.0511451572268
1785162178,25,,Aggregated,6.400000,0.000000,15,19,25,32,59,100,190,780,8200,8700,8800,83375,38,15,105.12549652334309,3.2871540170162916,8849.846384022385,1476.8988545727136
1785162179,25,,Aggregated,6.600000,0.000000,15,19,25,32,59,100,190,780,8200,8700,8800,83383,38,15,105.11715149413843,3.2871540170162916,8849.846384022385,1476.7960615473178
1785162180,25,,Aggregated,7.400000,0.000000,15,19,25,32,59,100,190,780,8200,8700,8800,83390,38,15,105.10992308455273,3.2871540170162916,8849.846384022385,1476.8583882959588
1785162181,25,,Aggregated,9.600000,0.000000,15,19,25,32,59,100,190,780,8200,8700,8800,83395,38,15,105.10436186032412,3.2871540170162916,8849.846384022385,1476.9235086036333
1785162182,25,,Aggregated,9.100000,0.000000,15,19,25,32,59,100,190,780,8200,8700,8800,83401,38,15,105.0977644595904,3.2871540170162916,8849.846384022385,1476.9740410786442
1785162183,25,,Aggregated,8.800000,0.000000,15,19,25,32,59,100,190,780,8200,8700,8800,83405,38,15,105.09336066512024,3.2871540170162916,8849.846384022385,1477.3426772975242
1785162184,25,,Aggregated,8.600000,0.000000,15,19,25,32,59,100,190,780,8200,8700,8800,83410,38,15,105.08776432647821,3.2871540170162916,8849.846384022385,1477.4852175998083
1785162185,25,,Aggregated,7.900000,0.000000,15,19,25,31,59,100,190,780,8200,8700,8800,83421,38,15,105.07588095227922,3.2871540170162916,8849.846384022385,1477.426607209216
1785162186,25,,Aggregated,8.200000,0.000000,15,19,25,31,59,100,190,780,8200,8700,8800,83428,38,15,105.0682881327383,3.2871540170162916,8849.846384022385,1477.3320108356907
1785162187,25,,Aggregated,8.300000,0.000000,15,19,25,31,59,100,190,780,8200,8700,8800,83432,38,15,105.0639493115457,3.2871540170162916,8849.846384022385,1477.4112211142008
1785162189,25,,Aggregated,8.700000,0.000000,15,19,25,31,59,100,190,780,8200,8700,8800,83439,38,15,105.05613310498664,3.2871540170162916,8849.846384022385,1477.488141037165
1785162190,25,,Aggregated,9.100000,0.000000,15,19,25,31,58,100,190,780,8200,8700,8800,83446,38,15,105.04850944800528,3.2871540170162916,8849.846384022385,1477.405795364667
1785162191,25,,Aggregated,5.800000,0.000000,15,19,25,31,58,100,190,780,8200,8700,8800,83469,38,15,105.0236820559804,3.2871540170162916,8849.846384022385,1477.124129916496
1785162192,25,,Aggregated,5.800000,0.000000,15,19,25,31,58,100,190,780,8200,8700,8800,83471,38,15,105.02144967480541,3.2871540170162916,8849.846384022385,1477.246552694948
1785162193,25,,Aggregated,7.800000,0.000000,15,19,25,31,58,100,190,780,8200,8700,8800,83478,38,15,105.01445563659925,3.2871540170162916,8849.846384022385,1477.3030379261602
1785162194,25,,Aggregated,7.400000,0.000000,15,19,25,31,58,100,190,780,8200,8700,8800,83485,38,15,105.00675056010553,3.2871540170162916,8849.846384022385,1477.3541714080375
1785162195,25,,Aggregated,7.400000,0.000000,15,19,25,31,58,100,190,780,8200,8700,8800,83490,38,15,105.00109098995412,3.2871540170162916,8849.846384022385,1477.4303868726793
1785162196,25,,Aggregated,7.900000,0.000000,15,19,25,31,58,100,190,780,8200,8700,8800,83494,38,15,104.9966832961694,3.2871540170162916,8849.846384022385,1477.7530960308525
1785162197,25,,Aggregated,8.000000,0.000000,15,19,25,31,58,100,190,770,8200,8700,8800,83510,38,15,104.979610188337,3.2871540170162916,8849.846384022385,1477.556675847204
1785162198,25,,Aggregated,8.000000,0.000000,15,19,25,31,58,100,190,770,8200,8700,8800,83514,38,15,104.97510588085687,3.2871540170162916,8849.846384022385,1477.5037837967286
1785162199,25,,Aggregated,7.600000,0.000000,15,19,25,31,58,100,190,770,8200,8700,8800,83517,38,15,104.97174332333041,3.2871540170162916,8849.846384022385,1477.4692098614653
1785162200,25,,Aggregated,8.200000,0.000000,15,19,25,31,58,100,190,780,8200,8700,8800,83530,38,15,105.05388016036996,3.2871540170162916,8849.846384022385,1477.3466898120437
1785162201,25,,Aggregated,7.700000,0.000000,15,19,25,31,58,100,190,780,8200,8700,8800,83538,38,15,105.04529469404268,3.2871540170162916,8849.846384022385,1477.2658430893725
1785162202,25,,Aggregated,7.700000,0.000000,15,19,25,31,58,100,190,780,8200,8700,8800,83542,38,15,105.13687309048036,3.2871540170162916,8849.846384022385,1477.5615379090757
1785162203,25,,Aggregated,8.200000,0.000000,15,19,25,31,58,100,190,780,8200,8700,8800,83555,38,15,105.21867332451873,3.2871540170162916,8849.846384022385,1477.5243731673747
1785162204,25,,Aggregated,7.100000,0.000000,15,19,25,31,58,100,190,780,8200,8700,8800,83565,38,15,105.20769193198608,3.2871540170162916,8849.846384022385,1477.430826302878
1785162205,25,,Aggregated,7.100000,0.000000,15,19,25,31,58,100,190,780,8200,8700,8800,83581,38,15,105.19037317123636,3.2871540170162916,8849.846384022385,1477.5067778562113
1785162206,25,,Aggregated,7.500000,0.000000,15,19,25,31,58,100,190,780,8200,8700,8800,83592,38,15,105.17838313610108,3.2871540170162916,8849.846384022385,1477.5154679873672
1785162207,25,,Aggregated,7.500000,0.000000,15,19,25,31,58,100,190,780,8200,8700,8800,83595,38,15,105.17499791327064,3.2871540170162916,8849.846384022385,1477.618458041749
1785162208,25,,Aggregated,9.200000,0.000000,15,19,25,31,58,100,190,780,8200,8700,8800,83601,38,15,105.16838858985913,3.2871540170162916,8849.846384022385,1477.5415963923876
1785162209,25,,Aggregated,9.100000,0.000000,15,19,25,31,58,100,190,780,8200,8700,8800,83605,38,15,105.16387374874084,3.2871540170162916,8849.846384022385,1477.4832844925543
1785162210,25,,Aggregated,9.100000,0.000000,15,19,25,31,58,100,190,780,8200,8700,8800,83614,38,15,105.15410462310652,3.2871540170162916,8849.846384022385,1477.3729279785682
1785162211,25,,Aggregated,8.700000,0.000000,15,19,25,31,58,100,190,780,8200,8700,8800,83620,38,15,105.14738469334381,3.2871540170162916,8849.846384022385,1477.5620784501316
1785162212,25,,Aggregated,8.600000,0.000000,15,19,25,31,58,100,190,780,8200,8700,8800,83625,38,15,105.14192626758664,3.2871540170162916,8849.846384022385,1477.5015844544096
1785162213,25,,Aggregated,8.000000,0.000000,15,19,25,31,58,100,190,780,8200,8700,8800,83633,38,15,105.22900408942616,3.2871540170162916,8849.846384022385,1477.5488981622086
1785162214,25,,Aggregated,7.900000,0.000000,15,19,25,31,58,100,190,780,8200,8700,8800,83640,38,15,105.22129649419666,3.2871540170162916,8849.846384022385,1477.7382831181253
1785162215,25,,Aggregated,7.900000,0.000000,15,19,25,31,58,100,190,780,8200,8700,8800,83641,38,15,105.22019106359896,3.2871540170162916,8849.846384022385,1477.8661661147046
1785162216,25,,Aggregated,7.600000,0.000000,15,19,25,31,58,100,190,780,8200,8700,8800,83643,38,15,105.31381021021265,3.2871540170162916,8849.846384022385,1477.8412419449326
1785162217,25,,Aggregated,6.000000,0.000000,15,19,25,31,58,100,190,780,8200,8700,8800,83647,38,15,105.40596259370548,3.2871540170162916,8849.846384022385,1477.8704675601039
1785162218,25,,Aggregated,5.800000,0.000000,15,19,25,31,58,100,190,780,8200,8700,8800,83655,38,15,105.39772804939442,3.2871540170162916,8849.846384022385,1477.7621182236567
1785162219,25,,Aggregated,5.100000,0.000000,15,19,25,31,58,100,190,780,8200,8700,8800,83659,38,15,105.48926823198772,3.2871540170162916,8849.846384022385,1477.8065121505158
1785162220,25,,Aggregated,5.100000,0.000000,15,19,25,31,58,100,190,780,8200,8700,8800,83663,38,15,105.48492717826123,3.2871540170162916,8849.846384022385,1477.8425229790946
1785162221,25,,Aggregated,5.400000,0.000000,15,19,25,31,58,100,190,780,8200,8700,8800,83678,38,15,105.46874928259848,3.2871540170162916,8849.846384022385,1477.7908291307153
1785162222,25,,Aggregated,4.700000,0.000000,15,19,25,31,58,100,190,800,8200,8700,8800,83686,38,15,105.55614055101482,3.2871540170162916,8849.846384022385,1477.6933178787372
1785162223,25,,Aggregated,5.300000,0.000000,15,19,25,31,58,100,190,800,8200,8700,8800,83695,38,15,105.64208694353283,3.2871540170162916,8849.846384022385,1477.7303423143558
1785162224,25,,Aggregated,6.200000,0.000000,15,19,25,31,58,100,190,800,8200,8700,8800,83708,38,15,105.6280013935116,3.2871540170162916,8849.846384022385,1477.7106369761552
1785162225,25,,Aggregated,5.800000,0.000000,15,19,25,31,58,100,190,800,8200,8700,8800,83719,38,15,105.6159562148466,3.2871540170162916,8849.846384022385,1477.6530895017856
1785162226,25,,Aggregated,6.500000,0.000000,15,19,25,31,58,100,190,800,8200,8700,8800,83729,38,15,105.70078750052559,3.2871540170162916,8849.846384022385,1477.8149625577757
1785162227,25,,Aggregated,7.600000,0.000000,15,19,25,31,58,100,190,800,8200,8700,8800,83740,38,15,105.69105301930827,3.2871540170162916,8849.846384022385,1477.7467518509673
1785162228,25,,Aggregated,8.000000,0.000000,15,19,25,31,58,100,190,800,8200,8700,8800,83764,38,15,105.66543015237033,3.2871540170162916,8849.846384022385,1477.7126211737739
1785162229,25,,Aggregated,8.300000,0.000000,15,19,25,31,58,100,190,800,8200,8700,8800,83774,38,15,105.65466107682484,3.2871540170162916,8849.846384022385,1477.7982309547115
1785162230,25,,Aggregated,8.300000,0.000000,15,19,25,31,58,100,190,800,8200,8700,8800,83774,38,15,105.65466107682484,3.2871540170162916,8849.846384022385,1477.7982309547115
1785162231,25,,Aggregated,10.700000,0.000000,15,19,25,31,58,100,190,800,8200,8700,8800,83782,38,15,105.64608246922607,3.2871540170162916,8849.846384022385,1477.9006827242129
1785162232,25,,Aggregated,11.300000,0.000000,15,19,25,31,58,100,190,800,8200,8700,8800,83786,38,15,105.64178457407998,3.2871540170162916,8849.846384022385,1477.866469338553
1785162233,25,,Aggregated,10.400000,0.000000,15,19,25,31,58,100,190,800,8200,8700,8800,83787,38,15,105.64064211047035,3.2871540170162916,8849.846384022385,1477.8547268669363
1785162234,25,,Aggregated,10.000000,0.000000,15,19,25,31,58,100,190,800,8200,8700,8800,83802,38,15,105.71979392745871,3.2871540170162916,8849.846384022385,1477.7983103028566
1785162235,25,,Aggregated,9.700000,0.000000,15,19,25,31,58,100,190,800,8200,8700,8800,83815,38,15,105.7055256446538,3.2871540170162916,8849.846384022385,1477.6301378034957
1785162236,25,,Aggregated,8.400000,0.000000,15,19,25,31,58,100,190,800,8200,8700,8800,83824,38,15,105.69586653234344,3.2871540170162916,8849.846384022385,1477.617078640962
1785162237,25,,Aggregated,8.500000,0.000000,15,19,25,31,58,100,190,800,8200,8700,8800,83827,38,15,105.78831025364637,3.2871540170162916,8849.846384022385,1477.6033378267146
1785162238,25,,Aggregated,9.300000,0.000000,15,19,25,31,58,100,190,800,8200,8700,8800,83831,38,15,105.78401039058856,3.2871540170162916,8849.846384022385,1477.5435936586705
1785162239,25,,Aggregated,9.500000,0.000000,15,19,25,31,58,100,190,800,8200,8700,8800,83846,38,15,105.76747178041212,3.2871540170162916,8849.846384022385,1477.493368795172
1785162240,25,,Aggregated,8.000000,0.000000,15,19,25,31,58,100,190,800,8200,8700,8800,83848,38,15,105.76522246536034,3.2871540170162916,8849.846384022385,1477.6764502432975
1785162241,25,,Aggregated,6.800000,0.000000,15,19,25,31,58,100,190,800,8200,8700,8800,83861,38,15,105.75091076964807,3.2871540170162916,8849.846384022385,1477.5008406768343
1785162243,25,,Aggregated,7.200000,0.000000,15,19,25,31,58,100,190,800,8200,8700,8800,83864,38,15,105.74751711308105,3.2871540170162916,8849.846384022385,1477.5315630067728
1785162244,25,,Aggregated,7.400000,0.000000,15,19,25,31,58,100,190,800,8200,8700,8800,83874,38,15,105.73671878203682,3.2871540170162916,8849.846384022385,1477.43285165844
1785162245,25,,Aggregated,7.900000,0.000000,15,19,25,31,58,100,190,800,8200,8700,8800,83878,38,15,105.73231488908263,3.2871540170162916,8849.846384022385,1477.5511218674742
1785162246,25,,Aggregated,7.800000,0.000000,15,19,25,31,58,100,190,800,8200,8700,8800,83882,38,15,105.72777326699789,3.2871540170162916,8849.846384022385,1477.772990629694
1785162247,25,,Aggregated,8.700000,0.000000,15,19,25,31,58,100,190,800,8200,8700,8800,83890,38,15,105.71902512621497,3.2871540170162916,8849.846384022385,1477.664417689832
1785162248,25,,Aggregated,7.600000,0.000000,15,19,25,31,58,100,190,800,8200,8700,8800,83895,38,15,105.71350496196483,3.2871540170162916,8849.846384022385,1477.6427319864115
1785162249,25,,Aggregated,6.600000,0.000000,15,19,25,31,58,100,190,800,8200,8700,8800,83896,38,15,105.7124240572756,3.2871540170162916,8849.846384022385,1477.6266925717555
1785162250,25,,Aggregated,6.800000,0.000000,15,19,25,31,58,100,190,800,8200,8700,8800,83903,38,15,105.70482930991673,3.2871540170162916,8849.846384022385,1477.7446694397102
1785162251,25,,Aggregated,6.400000,0.000000,15,19,25,31,58,100,190,800,8200,8700,8800,83908,38,15,105.69917453323438,3.2871540170162916,8849.846384022385,1477.6752276302618
1785162252,25,,Aggregated,6.400000,0.000000,15,19,25,31,58,100,190,800,8200,8700,8800,83910,38,15,105.69691644067107,3.2871540170162916,8849.846384022385,1477.6429269455368
1785162253,25,,Aggregated,5.500000,0.000000,15,19,25,31,58,100,190,800,8200,8700,8800,83911,38,15,105.69587734115638,3.2871540170162916,8849.846384022385,1477.7703995900417
1785162254,25,,Aggregated,4.800000,0.000000,15,19,25,31,58,100,190,800,8200,8700,8800,83918,38,15,105.68804936288511,3.2871540170162916,8849.846384022385,1477.9042636859792
1785162255,25,,Aggregated,4.800000,0.000000,15,19,25,31,58,100,190,800,8200,8700,8800,83924,38,15,105.6813477942115,3.2871540170162916,8849.846384022385,1477.8815356751347
1785162256,25,,Aggregated,4.200000,0.000000,15,19,25,31,58,100,190,800,8200,8700,8800,83932,38,15,105.67268750906214,3.2871540170162916,8849.846384022385,1477.9294309679265
1785162257,25,,Aggregated,4.200000,0.000000,15,19,25,31,58,100,190,800,8200,8700,8800,83935,38,15,105.66931369207862,3.2871540170162916,8849.846384022385,1478.0349079644964
1785162258,25,,Aggregated,4.800000,0.000000,15,19,25,31,58,100,190,800,8200,8700,8800,83941,38,15,105.66297244125901,3.2871540170162916,8849.846384022385,1477.9692998653816
1785162259,25,,Aggregated,4.800000,0.000000,15,19,25,31,58,100,190,800,8200,8700,8800,83950,38,15,105.65520986216282,3.2871540170162916,8849.846384022385,1477.9504943418701
1785162260,25,,Aggregated,4.300000,0.000000,15,19,25,31,58,100,190,800,8200,8700,8800,83961,38,15,105.6431106311367,3.2871540170162916,8849.846384022385,1477.8143066423697
1785162261,25,,Aggregated,5.400000,0.000000,15,19,25,31,58,100,190,800,8200,8700,8800,83971,38,15,105.63231646722525,3.2871540170162916,8849.846384022385,1477.6835455097594
1785162262,25,,Aggregated,5.400000,0.000000,15,19,25,31,58,100,190,800,8200,8700,8800,83974,38,15,105.62896136211536,3.2871540170162916,8849.846384022385,1477.6392931145353
1785162263,25,,Aggregated,5.800000,0.000000,15,19,25,31,58,100,190,800,8200,8700,8800,83977,38,15,105.62628521869492,3.2871540170162916,8849.846384022385,1477.599378401229
1785162264,25,,Aggregated,6.400000,0.000000,15,19,25,31,58,100,190,800,8200,8700,8800,83999,38,15,105.60306827052258,3.2871540170162916,8849.846384022385,1477.478327122942
1785162265,25,,Aggregated,6.400000,0.000000,15,19,25,31,58,100,190,800,8200,8700,8800,84013,38,15,105.58818849075178,3.2871540170162916,8849.846384022385,1477.4058776617903
1785162266,25,,Aggregated,7.200000,0.000000,15,19,25,31,58,100,190,800,8200,8700,8800,84020,38,15,105.58053556720454,3.2871540170162916,8849.846384022385,1477.3793620566532
1785162267,25,,Aggregated,8.600000,0.000000,15,19,25,31,58,100,190,800,8200,8700,8800,84028,38,15,105.57173533461025,3.2871540170162916,8849.846384022385,1477.300030942067
1785162268,25,,Aggregated,8.700000,0.000000,15,19,25,31,58,100,190,800,8200,8700,8800,84038,38,15,105.56097707996902,3.2871540170162916,8849.846384022385,1477.263011970775
1785162269,25,,Aggregated,8.800000,0.000000,15,19,25,31,58,100,190,800,8200,8700,8800,84045,38,15,105.55314131054675,3.2871540170162916,8849.846384022385,1477.2489975608305
1785162270,25,,Aggregated,9.800000,0.000000,15,19,25,31,58,100,190,800,8200,8700,8800,84050,38,15,105.54752727835574,3.2871540170162916,8849.846384022385,1477.182712671029
1785162271,25,,Aggregated,9.100000,0.000000,15,19,25,31,58,100,190,800,8200,8700,8800,84073,38,15,105.52230124794302,3.2871540170162916,8849.846384022385,1476.9535403756258
1785162272,25,,Aggregated,9.100000,0.000000,15,19,25,31,58,100,190,800,8200,8700,8800,84078,38,15,105.51670684978679,3.2871540170162916,8849.846384022385,1476.8991293798615
1785162273,25,,Aggregated,9.100000,0.000000,15,19,25,31,58,100,190,800,8200,8700,8800,84081,38,15,105.51341405747071,3.2871540170162916,8849.846384022385,1477.0016531677786
1785162274,25,,Aggregated,10.000000,0.000000,15,19,25,31,58,100,190,800,8200,8700,8800,84086,38,15,105.50792894187127,3.2871540170162916,8849.846384022385,1476.9367671193777
1785162275,25,,Aggregated,10.600000,0.000000,15,19,25,31,58,100,190,800,8200,8700,8800,84097,38,15,105.49598995453908,3.2871540170162916,8849.846384022385,1476.8175559175713
1785162276,25,,Aggregated,9.400000,0.000000,15,19,25,31,58,100,190,800,8200,8700,8800,84100,38,15,105.49266631313844,3.2871540170162916,8849.846384022385,1476.773923900119
1785162277,25,,Aggregated,8.400000,0.000000,15,19,25,31,58,100,190,780,8200,8700,8800,84108,38,15,105.48372747934616,3.2871540170162916,8849.846384022385,1476.9102106815046
1785162278,25,,Aggregated,8.000000,0.000000,15,19,25,31,58,100,190,780,8200,8700,8800,84113,38,15,105.47900541026489,3.2871540170162916,8849.846384022385,1476.8398107308026
1785162279,25,,Aggregated,8.000000,0.000000,15,19,25,31,58,100,190,780,8200,8700,8800,84115,38,15,105.47676955805136,3.2871540170162916,8849.846384022385,1476.816358556738
1785162280,25,,Aggregated,7.200000,0.000000,15,19,25,31,58,100,190,780,8200,8700,8800,84120,38,15,105.4713597037755,3.2871540170162916,8849.846384022385,1476.74328340466
1785162281,25,,Aggregated,7.400000,0.000000,15,19,25,31,58,100,190,780,8200,8700,8800,84130,38,15,105.46068192291267,3.2871540170162916,8849.846384022385,1476.7581837632235
1785162282,25,,Aggregated,6.700000,0.000000,15,19,25,31,58,100,190,780,8200,8700,8800,84132,38,15,105.45845204976324,3.2871540170162916,8849.846384022385,1476.7984357913754
1785162283,25,,Aggregated,5.500000,0.000000,15,19,25,31,58,100,190,780,8200,8700,8800,84137,38,15,105.45278358663639,3.2871540170162916,8849.846384022385,1476.7433709307438
1785162284,25,,Aggregated,5.700000,0.000000,15,19,25,31,58,100,190,780,8200,8700,8800,84143,38,15,105.44621867267941,3.2871540170162916,8849.846384022385,1476.8031208775537
1785162285,25,,Aggregated,5.100000,0.000000,15,19,25,31,58,100,190,780,8200,8700,8800,84148,38,15,105.44068353452298,3.2871540170162916,8849.846384022385,1476.7333626467653
1785162286,25,,Aggregated,5.800000,0.000000,15,19,25,31,58,100,190,780,8200,8700,8800,84154,38,15,105.43422500790452,3.2871540170162916,8849.846384022385,1477.0009744040688
1785162287,25,,Aggregated,4.900000,0.000000,15,19,25,31,58,100,190,780,8200,8700,8800,84161,38,15,105.42680637834684,3.2871540170162916,8849.846384022385,1477.1901831014366
1785162288,25,,Aggregated,5.300000,0.000000,15,19,25,31,58,100,190,780,8200,8700,8800,84169,38,15,105.4179316874012,3.2871540170162916,8849.846384022385,1477.3916525086433
1785162289,25,,Aggregated,5.000000,0.000000,15,19,25,31,58,100,190,780,8200,8700,8800,84172,38,15,105.41458328465345,3.2871540170162916,8849.846384022385,1477.361830537471
1785162290,25,,Aggregated,5.700000,0.000000,15,19,25,31,58,100,190,780,8200,8700,8800,84177,38,15,105.40966363279652,3.2871540170162916,8849.846384022385,1477.5760480891454
1785162291,25,,Aggregated,5.600000,0.000000,15,19,25,31,58,100,190,780,8200,8700,8800,84183,38,15,105.40308257468797,3.2871540170162916,8849.846384022385,1477.6405568820308
1785162292,25,,Aggregated,5.600000,0.000000,15,19,25,31,58,100,190,780,8200,8700,8800,84189,38,15,105.39654063275023,3.2871540170162916,8849.846384022385,1477.655798263431
1785162293,25,,Aggregated,5.600000,0.000000,15,19,25,31,58,100,190,780,8200,8700,8800,84192,38,15,105.39313222641965,3.2871540170162916,8849.846384022385,1477.690992018244
1785162294,25,,Aggregated,5.200000,0.000000,15,19,25,31,58,100,190,800,8200,8700,8800,84196,38,15,105.48402243045605,3.2871540170162916,8849.846384022385,1477.6421326428808
1785162295,25,,Aggregated,5.700000,0.000000,15,19,25,31,58,100,190,800,8200,8700,8800,84207,38,15,105.56728846865408,3.2871540170162916,8849.846384022385,1477.498153360172
1785162296,25,,Aggregated,5.200000,0.000000,15,19,25,31,58,100,190,800,8200,8700,8800,84214,38,15,105.55950767864819,3.2871540170162916,8849.846384022385,1477.6030588738215
1785162297,25,,Aggregated,5.300000,0.000000,15,19,25,31,58,100,190,800,8200,8700,8800,84219,38,15,105.55394299984286,3.2871540170162916,8849.846384022385,1477.9645329438724
1785162298,25,,Aggregated,5.700000,0.000000,15,19,25,31,58,100,190,800,8200,8700,8800,84221,38,15,105.55169490300243,3.2871540170162916,8849.846384022385,1478.0141057455978
1785162299,25,,Aggregated,5.900000,0.000000,15,19,25,31,58,100,190,800,8200,8700,8800,84225,38,15,105.54732609515898,3.2871540170162916,8849.846384022385,1477.9921163550014
1785162301,25,,Aggregated,5.400000,0.000000,15,19,25,31,58,100,190,800,8200,8700,8800,84229,38,15,105.54310979449717,3.2871540170162916,8849.846384022385,1478.010542687198
1785162302,25,,Aggregated,5.000000,0.000000,15,19,25,31,58,100,190,800,8200,8700,8800,84237,38,15,105.53438014962272,3.2871540170162916,8849.846384022385,1478.2057290739224
1785162303,25,,Aggregated,5.000000,0.000000,15,19,25,31,58,100,190,800,8200,8700,8800,84246,38,15,105.52433991235817,3.2871540170162916,8849.846384022385,1478.3772879424541
1785162304,25,,Aggregated,5.400000,0.000000,15,19,25,31,58,100,190,800,8200,8700,8800,84260,38,15,105.60417514345893,3.2871540170162916,8849.846384022385,1478.2345003560408
1785162305,25,,Aggregated,5.500000,0.000000,15,19,25,31,58,100,190,800,8200,8700,8800,84266,38,15,105.59802412918353,3.2871540170162916,8849.846384022385,1478.1744831842025
1785162306,25,,Aggregated,5.500000,0.000000,15,19,25,31,58,100,190,800,8200,8700,8800,84271,38,15,105.59248978117161,3.2871540170162916,8849.846384022385,1478.1700703682168
1785162307,25,,Aggregated,6.700000,0.000000,15,19,25,31,58,100,190,800,8200,8700,8800,84278,38,15,105.68009194165077,3.2871540170162916,8849.846384022385,1478.0842568641876
1785162308,25,,Aggregated,6.700000,0.000000,15,19,25,31,58,100,190,810,8200,8700,8800,84280,38,15,105.77300931007966,3.2871540170162916,8849.846384022385,1478.0776222116754
1785162309,25,,Aggregated,6.300000,0.000000,15,19,25,31,58,100,190,810,8200,8700,8800,84287,38,15,105.76512198840246,3.2871540170162916,8849.846384022385,1477.980957917591
1785162310,25,,Aggregated,6.100000,0.000000,15,19,25,31,58,100,190,810,8200,8700,8800,84294,38,15,105.75783042843106,3.2871540170162916,8849.846384022385,1478.1366289415616
1785162311,25,,Aggregated,6.000000,0.000000,15,19,25,31,58,100,190,800,8200,8700,8800,84305,38,15,105.7458255273849,3.2871540170162916,8849.846384022385,1478.0211612597118
1785162312,25,,Aggregated,6.600000,0.000000,15,19,25,31,58,100,190,800,8200,8700,8800,84314,38,15,105.73640182731755,3.2871540170162916,8849.846384022385,1478.1383874564128
1785162313,25,,Aggregated,7.400000,0.000000,15,19,25,31,58,100,190,800,8200,8700,8800,84318,38,15,105.73190603389752,3.2871540170162916,8849.846384022385,1478.150015417823
1785162314,25,,Aggregated,7.400000,0.000000,15,19,25,31,58,100,190,800,8200,8700,8800,84324,38,15,105.72527124255544,3.2871540170162916,8849.846384022385,1478.4918054172003
1785162315,25,,Aggregated,7.300000,0.000000,15,19,25,31,58,100,190,810,8200,8700,8800,84329,38,15,105.81494068702126,3.2871540170162916,8849.846384022385,1478.414056848771
1785162316,25,,Aggregated,7.100000,0.000000,15,19,25,31,58,100,190,810,8200,8700,8800,84335,38,15,105.99843492970977,3.2871540170162916,8849.846384022385,1478.6125689215628
1785162317,25,,Aggregated,7.100000,0.000000,15,19,25,31,58,100,190,810,8200,8700,8800,84337,38,15,105.99634063993527,3.2871540170162916,8849.846384022385,1478.7234191398793
1785162318,25,,Aggregated,6.300000,0.000000,15,19,25,31,58,100,190,810,8200,8700,8800,84343,38,15,105.98987824772793,3.2871540170162916,8849.846384022385,1478.788459030388
1785162319,25,,Aggregated,6.200000,0.000000,15,19,25,31,58,100,190,810,8200,8700,8800,84344,38,15,105.98895859055881,3.2871540170162916,8849.846384022385,1478.8028668310728
1785162320,25,,Aggregated,6.300000,0.000000,15,19,25,31,58,100,190,820,8200,8700,8800,84352,38,15,106.17051296360377,3.2871540170162916,8849.846384022385,1478.9693308990895
1785162321,25,,Aggregated,6.300000,0.000000,15,19,25,31,58,100,190,820,8200,8700,8800,84354,38,15,106.1682524963834,3.2871540170162916,8849.846384022385,1479.1512791331768
1785162322,25,,Aggregated,5.700000,0.000000,15,19,25,31,58,100,190,820,8200,8700,8800,84357,38,15,106.16493200278617,3.2871540170162916,8849.846384022385,1479.317246938606
1785162323,25,,Aggregated,5.000000,0.000000,15,19,25,31,58,100,190,820,8200,8700,8800,84376,38,15,106.14446770815812,3.2871540170162916,8849.846384022385,1479.1597255143643
1785162324,25,,Aggregated,4.200000,0.000000,15,19,25,31,58,100,190,820,8200,8700,8800,84388,38,15,106.13122305940252,3.2871540170162916,8849.846384022385,1479.0814926292837
1785162325,25,,Aggregated,5.700000,0.000000,15,19,25,31,58,100,190,820,8200,8700,8800,84393,38,15,106.22060836624851,3.2871540170162916,8849.846384022385,1479.0882537651228
1785162326,25,,Aggregated,5.500000,0.000000,15,19,25,31,58,100,190,820,8200,8700,8800,84406,38,15,106.20618939443722,3.2871540170162916,8849.846384022385,1479.1838850318697
1785162327,25,,Aggregated,5.500000,0.000000,15,19,25,31,58,100,190,820,8200,8700,8800,84412,38,15,106.19983108923763,3.2871540170162916,8849.846384022385,1479.1152561247216
1785162328,25,,Aggregated,6.600000,0.000000,15,19,25,31,58,100,190,820,8200,8700,8800,84421,38,15,106.28500986945728,3.2871540170162916,8849.846384022385,1479.304189715829
1785162329,25,,Aggregated,7.500000,0.000000,15,19,25,31,58,100,190,820,8200,8700,8800,84429,38,15,106.27612160645741,3.2871540170162916,8849.846384022385,1479.2550545428703
1785162330,25,,Aggregated,7.000000,0.000000,15,19,25,31,58,100,190,830,8200,8700,8800,84437,38,15,106.36219903223163,3.2871540170162916,8849.846384022385,1479.2147755131045
1785162331,25,,Aggregated,7.900000,0.000000,15,19,25,31,58,100,190,830,8200,8700,8800,84444,38,15,106.35440270933803,3.2871540170162916,8849.846384022385,1479.4246601297903
1785162332,25,,Aggregated,8.200000,0.000000,14,19,25,31,58,100,190,830,8200,8700,8800,84458,38,14,106.33879871388805,3.2871540170162916,8849.846384022385,1479.2454237609227
1785162333,25,,Aggregated,8.400000,0.000000,14,19,25,31,58,100,190,830,8200,8700,8800,84461,38,14,106.33758958052097,3.2871540170162916,8849.846384022385,1479.2348065971278
1785162334,25,,Aggregated,9.700000,0.000000,14,19,25,31,58,100,190,830,8200,8700,8800,84465,38,14,106.33306831806664,3.2871540170162916,8849.846384022385,1479.2484105842657
1785162335,25,,Aggregated,8.500000,0.000000,14,19,25,31,58,100,190,830,8200,8700,8800,84477,38,14,106.32007271109451,3.2871540170162916,8849.846384022385,1479.088426435598
1785162336,25,,Aggregated,8.400000,0.000000,14,19,25,31,58,100,190,830,8200,8700,8800,84484,38,14,106.31261868392275,3.2871540170162916,8849.846384022385,1479.2717911083755
1785162337,25,,Aggregated,8.300000,0.000000,14,19,25,31,58,100,190,830,8200,8700,8800,84489,38,14,106.30737879176193,3.2871540170162916,8849.846384022385,1479.238551764135
1785162338,25,,Aggregated,8.100000,0.000000,14,19,25,31,58,100,190,830,8200,8700,8800,84492,38,14,106.30407976448723,3.2871540170162916,8849.846384022385,1479.222151209582
1785162339,25,,Aggregated,7.400000,0.000000,14,19,25,31,58,100,190,820,8200,8700,8800,84501,38,14,106.2945462125361,3.2871540170162916,8849.846384022385,1479.2799138471735
1785162340,25,,Aggregated,7.600000,0.000000,14,19,25,31,58,100,190,820,8200,8700,8800,84506,38,14,106.2890761072295,3.2871540170162916,8849.846384022385,1479.3053510993302
1785162341,25,,Aggregated,7.200000,0.000000,14,19,25,31,58,100,190,820,8200,8700,8800,84518,38,14,106.27586781503811,3.2871540170162916,8849.846384022385,1479.2856551267187
1785162342,25,,Aggregated,7.100000,0.000000,14,19,25,31,58,100,190,820,8200,8700,8800,84529,38,14,106.26373545577643,3.2871540170162916,8849.846384022385,1479.1529179334902
1785162343,25,,Aggregated,7.100000,0.000000,14,19,25,31,58,100,190,820,8200,8700,8800,84540,38,14,106.25183957377789,3.2871540170162916,8849.846384022385,1479.0132481665485
1785162344,25,,Aggregated,6.600000,0.000000,14,19,25,31,58,100,190,820,8200,8700,8800,84544,38,14,106.24734208785915,3.2871540170162916,8849.846384022385,1478.9499905374716
1785162345,25,,Aggregated,7.000000,0.000000,14,19,25,31,58,100,190,820,8200,8700,8800,84551,38,14,106.23993581836437,3.2871540170162916,8849.846384022385,1478.91774195456
1785162346,25,,Aggregated,7.700000,0.000000,14,19,25,31,58,100,190,820,8200,8700,8800,84559,38,14,106.23137329470993,3.2871540170162916,8849.846384022385,1478.8047398857602
1785162347,25,,Aggregated,7.400000,0.000000,14,19,25,31,58,100,190,820,8200,8700,8800,84563,38,14,106.22866948676734,3.2871540170162916,8849.846384022385,1478.7636200229415
1785162348,25,,Aggregated,7.100000,0.000000,14,19,25,31,58,100,190,820,8200,8700,8800,84573,38,14,106.2180720878845,3.2871540170162916,8849.846384022385,1478.9060693129013
1785162350,25,,Aggregated,7.400000,0.000000,14,19,25,31,58,100,190,820,8200,8700,8800,84575,38,14,106.21583028912309,3.2871540170162916,8849.846384022385,1478.8778835353237
1785162351,25,,Aggregated,7.400000,0.000000,14,19,25,31,58,100,190,820,8200,8700,8800,84587,38,14,106.2028545206633,3.2871540170162916,8849.846384022385,1478.9160863962547
1785162352,25,,Aggregated,7.800000,0.000000,14,19,25,31,58,100,190,820,8200,8700,8800,84592,38,14,106.197208327044,3.2871540170162916,8849.846384022385,1478.9200397200682
1785162353,25,,Aggregated,7.400000,0.000000,14,19,25,31,58,100,190,820,8200,8700,8800,84600,38,14,106.18864938056143,3.2871540170162916,8849.846384022385,1479.0260401891253
1785162354,25,,Aggregated,7.900000,0.000000,14,19,25,31,58,100,190,820,8200,8700,8800,84606,38,14,106.18190686710378,3.2871540170162916,8849.846384022385,1478.963773254852
1785162355,25,,Aggregated,7.100000,0.000000,14,19,25,31,58,100,190,820,8200,8700,8800,84619,38,14,106.16796934164496,3.2871540170162916,8849.846384022385,1478.7893144565642
1785162356,25,,Aggregated,6.600000,0.000000,14,19,25,31,58,100,190,820,8200,8700,8800,84625,38,14,106.16138375132307,3.2871540170162916,8849.846384022385,1478.8769394387002
1785162357,25,,Aggregated,6.600000,0.000000,14,19,25,31,58,100,190,820,8200,8700,8800,84631,38,14,106.15468100019746,3.2871540170162916,8849.846384022385,1478.8130708605593
1785162358,25,,Aggregated,7.300000,0.000000,14,19,25,31,58,100,190,820,8200,8700,8800,84648,38,14,106.1361483675786,3.2871540170162916,8849.846384022385,1478.660346375579
1785162359,25,,Aggregated,6.800000,0.000000,14,19,25,31,58,100,190,820,8200,8700,8800,84652,38,14,106.13188165463183,3.2871540170162916,8849.846384022385,1478.607959646553
1785162360,25,,Aggregated,6.800000,0.000000,14,19,25,31,58,100,190,820,8200,8700,8800,84659,38,14,106.12444665270006,3.2871540170162916,8849.846384022385,1478.5536091850836
1785162361,25,,Aggregated,7.800000,0.000000,14,19,25,31,58,100,190,820,8200,8700,8800,84662,38,14,106.12116942909601,3.2871540170162916,8849.846384022385,1478.576185301552
1785162362,25,,Aggregated,8.400000,0.000000,14,19,25,31,58,100,190,820,8200,8700,8800,84667,38,14,106.11566221197504,3.2871540170162916,8849.846384022385,1478.6647572253653
1785162363,25,,Aggregated,8.400000,0.000000,14,19,25,31,58,100,190,820,8200,8700,8800,84670,38,14,106.11256135605244,3.2871540170162916,8849.846384022385,1478.6208338254398
1785162364,25,,Aggregated,7.300000,0.000000,14,19,25,31,58,100,190,820,8200,8700,8800,84679,38,14,106.10277821493877,3.2871540170162916,8849.846384022385,1478.5674724547998
1785162365,25,,Aggregated,7.300000,0.000000,14,19,25,31,58,100,190,820,8200,8700,8800,84684,38,14,106.09746623507405,3.2871540170162916,8849.846384022385,1478.4900335364414
1785162366,25,,Aggregated,7.000000,0.000000,14,19,25,31,58,100,190,820,8200,8700,8800,84696,38,14,106.08440983949649,3.2871540170162916,8849.846384022385,1478.492455369793
1785162367,25,,Aggregated,7.000000,0.000000,14,19,25,31,58,100,190,810,8200,8700,8800,84707,38,14,106.07592211946975,3.2871540170162916,8849.846384022385,1478.5063099861877
1785162368,25,,Aggregated,6.800000,0.000000,14,19,25,31,58,100,190,810,8200,8700,8800,84714,38,14,106.06826369395036,3.2871540170162916,8849.846384022385,1478.5814387232335
1785162369,25,,Aggregated,7.900000,0.000000,14,19,25,31,58,100,190,810,8200,8700,8800,84721,38,14,106.06065071627572,3.2871540170162916,8849.846384022385,1478.504986957189
1785162370,25,,Aggregated,7.900000,0.000000,14,19,25,31,58,100,190,810,8200,8700,8800,84727,38,14,106.05480990522298,3.2871540170162916,8849.846384022385,1478.4214477085227
1785162371,25,,Aggregated,6.600000,0.000000,14,19,25,31,58,100,190,810,8200,8700,8800,84732,38,14,106.04924185153813,3.2871540170162916,8849.846384022385,1478.3484279847048
1785162372,25,,Aggregated,6.800000,0.000000,14,19,25,31,58,100,190,810,8200,8700,8800,84736,38,14,106.04479954784732,3.2871540170162916,8849.846384022385,1478.3038023980362
1785162373,25,,Aggregated,6.800000,0.000000,14,19,25,31,58,100,190,810,8200,8700,8800,84743,38,14,106.0372616467973,3.2871540170162916,8849.846384022385,1478.402959536481
1785162374,25,,Aggregated,6.900000,0.000000,14,19,25,31,58,100,190,810,8200,8700,8800,84748,38,14,106.03207501515503,3.2871540170162916,8849.846384022385,1478.364291782697
1785162375,25,,Aggregated,6.800000,0.000000,14,19,25,31,58,100,190,810,8200,8700,8800,84758,38,14,106.02124243673153,3.2871540170162916,8849.846384022385,1478.2622171358455
1785162376,25,,Aggregated,7.100000,0.000000,14,19,25,31,58,100,190,810,8200,8700,8800,84764,38,14,106.01462098113751,3.2871540170162916,8849.846384022385,1478.3362512387334
1785162377,25,,Aggregated,7.200000,0.000000,14,19,25,31,58,100,190,810,8200,8700,8800,84776,38,14,106.00143218545219,3.2871540170162916,8849.846384022385,1478.186621213551
1785162378,25,,Aggregated,7.000000,0.000000,14,19,25,31,58,100,190,810,8200,8700,8800,84783,38,14,105.99363593537763,3.2871540170162916,8849.846384022385,1478.5074602219784
1785162379,25,,Aggregated,5.900000,0.000000,14,19,25,31,58,100,190,810,8200,8700,8800,84788,38,14,105.98807853892335,3.2871540170162916,8849.846384022385,1478.4335755059678
1785162380,25,,Aggregated,7.100000,0.000000,14,19,25,31,58,100,190,810,8200,8700,8800,84795,38,14,105.98085296018589,3.2871540170162916,8849.846384022385,1478.373536175482
1785162381,25,,Aggregated,7.100000,0.000000,14,19,25,31,58,100,190,810,8200,8700,8800,84796,38,14,105.97974541309695,3.2871540170162916,8849.846384022385,1478.358660785886
1785162382,25,,Aggregated,6.300000,0.000000,14,19,25,31,58,100,190,810,8200,8700,8800,84802,38,14,105.97318649536491,3.2871540170162916,8849.846384022385,1478.4150373811938
1785162383,25,,Aggregated,6.300000,0.000000,14,19,25,31,58,100,190,810,8200,8700,8800,84803,38,14,105.97224004292158,3.2871540170162916,8849.846384022385,1478.5411601004682
1785162384,25,,Aggregated,6.600000,0.000000,14,19,25,31,58,100,190,810,8200,8700,8800,84807,38,14,105.96773289420393,3.2871540170162916,8849.846384022385,1478.4957963375664
1785162385,25,,Aggregated,6.500000,0.000000,14,19,25,31,58,100,190,810,8200,8700,8800,84811,38,14,105.96372527664259,3.2871540170162916,8849.846384022385,1478.4762707667637
1785162386,25,,Aggregated,5.600000,0.000000,14,19,25,31,58,100,190,810,8200,8700,8800,84818,38,14,105.95707345453862,3.2871540170162916,8849.846384022385,1478.5013558442784
1785162387,25,,Aggregated,5.300000,0.000000,14,19,25,31,58,100,190,810,8200,8700,8800,84831,38,14,105.94269279718064,3.2871540170162916,8849.846384022385,1478.4084238073347
1785162388,25,,Aggregated,5.200000,0.000000,14,19,25,31,58,100,190,810,8200,8700,8800,84842,38,14,105.93126579607576,3.2871540170162916,8849.846384022385,1478.3022559581339
1785162389,25,,Aggregated,5.200000,0.000000,14,19,25,31,58,100,190,810,8200,8700,8800,84848,38,14,105.92486286994034,3.2871540170162916,8849.846384022385,1478.2337120497832
1785162390,25,,Aggregated,5.200000,0.000000,14,19,25,31,58,100,190,810,8200,8700,8800,84855,38,14,105.91919543975881,3.2871540170162916,8849.846384022385,1478.193035177656
1785162391,25,,Aggregated,5.600000,0.000000,14,19,25,31,58,100,190,810,8200,8700,8800,84864,38,14,105.90970488282935,3.2871540170162916,8849.846384022385,1478.1281226432882
1785162392,25,,Aggregated,5.900000,0.000000,14,19,25,31,58,100,190,810,8200,8700,8800,84867,38,14,105.90633652044423,3.2871540170162916,8849.846384022385,1478.0882321750503
1785162393,25,,Aggregated,5.900000,0.000000,14,19,25,31,58,100,190,810,8200,8700,8800,84873,38,14,105.89999169450574,3.2871540170162916,8849.846384022385,1478.1473024401164
1785162394,25,,Aggregated,6.400000,0.000000,14,19,25,31,58,100,190,810,8200,8700,8800,84887,38,14,105.88496211414743,3.2871540170162916,8849.846384022385,1477.9822823282716
1785162395,25,,Aggregated,7.000000,0.000000,14,19,25,31,58,100,190,810,8200,8700,8800,84889,38,14,105.88294645681323,3.2871540170162916,8849.846384022385,1478.116010319358
1785162396,25,,Aggregated,7.000000,0.000000,14,19,25,31,58,100,190,810,8200,8700,8800,84892,38,14,105.87969268554562,3.2871540170162916,8849.846384022385,1478.2416717711917
1785162397,25,,Aggregated,7.900000,0.000000,14,19,25,31,58,100,190,810,8200,8700,8800,84897,38,14,105.87406427842663,3.2871540170162916,8849.846384022385,1478.2497614756705
1785162398,25,,Aggregated,7.600000,0.000000,14,19,25,31,58,100,190,810,8200,8700,8800,84899,38,14,105.87189254157903,3.2871540170162916,8849.846384022385,1478.2449263242206
1785162399,25,,Aggregated,7.600000,0.000000,14,19,25,31,58,100,190,810,8200,8700,8800,84917,38,14,105.85265850859638,3.2871540170162916,8849.846384022385,1478.1630297820225
1785162400,25,,Aggregated,6.300000,0.000000,14,19,25,31,58,100,190,810,8200,8700,8800,84929,38,14,105.9340152198836,3.2871540170162916,8849.846384022385,1478.162994972271
1785162401,25,,Aggregated,5.600000,0.000000,14,19,25,31,58,100,190,810,8200,8700,8800,84933,38,14,105.92957973576414,3.2871540170162916,8849.846384022385,1478.2491728774446
1785162402,25,,Aggregated,7.400000,0.000000,14,19,25,31,58,100,190,810,8200,8700,8800,84936,38,14,106.02066925721414,3.2871540170162916,8849.846384022385,1478.2731586135444
1785162403,25,,Aggregated,7.200000,0.000000,14,19,25,31,58,100,190,810,8200,8700,8800,84943,38,14,106.01294701025057,3.2871540170162916,8849.846384022385,1478.1871608019496
1785162404,25,,Aggregated,6.900000,0.000000,14,19,25,31,58,100,190,810,8200,8700,8800,84950,38,14,106.005371032582,3.2871540170162916,8849.846384022385,1478.1271336080047
1785162406,25,,Aggregated,6.300000,0.000000,14,19,25,31,58,100,190,820,8200,8700,8800,84957,38,14,106.09245728502442,3.2871540170162916,8849.846384022385,1478.1767482373436
1785162407,25,,Aggregated,7.000000,0.000000,14,19,25,31,58,100,190,820,8200,8700,8800,84969,38,14,106.07920837076621,3.2871540170162916,8849.846384022385,1478.029669644223
1785162408,25,,Aggregated,6.200000,0.000000,14,19,25,31,58,100,190,820,8200,8700,8800,84975,38,14,106.16697766535887,3.2871540170162916,8849.846384022385,1478.0397999411591
1785162409,25,,Aggregated,6.700000,0.000000,14,19,25,31,58,100,190,830,8200,8700,8800,84979,38,14,106.25688010886118,3.2871540170162916,8849.846384022385,1477.9904211628755
1785162410,25,,Aggregated,7.500000,0.000000,14,19,25,31,58,100,190,830,8200,8700,8800,84984,38,14,106.25139275068115,3.2871540170162916,8849.846384022385,1478.094005930528
1785162411,25,,Aggregated,7.800000,0.000000,14,19,25,31,58,100,190,830,8200,8700,8800,84995,38,14,106.23927907010152,3.2871540170162916,8849.846384022385,1478.0602858991706
1785162412,25,,Aggregated,8.000000,0.000000,14,19,25,31,58,100,190,830,8200,8700,8800,84996,38,14,106.23817993327044,3.2871540170162916,8849.846384022385,1478.1861264059485
1785162413,25,,Aggregated,6.600000,0.000000,14,19,25,31,58,100,190,820,8200,8700,8800,85004,38,14,106.22927393071069,3.2871540170162916,8849.846384022385,1478.1036774740012
1785162414,25,,Aggregated,6.600000,0.000000,14,19,25,31,58,100,190,820,8200,8700,8800,85013,38,14,106.21942605062844,3.2871540170162916,8849.846384022385,1477.992577605778
1785162415,25,,Aggregated,6.300000,0.000000,14,19,25,31,58,100,190,830,8200,8700,8800,85018,38,14,106.30819135632557,3.2871540170162916,8849.846384022385,1478.0576583782258
1785162416,25,,Aggregated,6.700000,0.000000,14,19,25,31,58,100,190,830,8200,8700,8800,85021,38,14,106.30490737784096,3.2871540170162916,8849.846384022385,1478.1124310464475
1785162417,25,,Aggregated,7.000000,0.000000,14,19,25,31,58,100,190,830,8200,8700,8800,85023,38,14,106.302657262204,3.2871540170162916,8849.846384022385,1478.0943391788105
1785162418,25,,Aggregated,6.400000,0.000000,14,19,25,31,58,100,190,850,8200,8700,8800,85030,38,14,106.3892115397644,3.2871540170162916,8849.846384022385,1478.0234975890862
1785162419,25,,Aggregated,5.400000,0.000000,14,19,25,31,58,100,190,850,8200,8700,8800,85038,38,14,106.38071144571853,3.2871540170162916,8849.846384022385,1477.9504456831064
1785162420,25,,Aggregated,5.400000,0.000000,14,19,25,31,58,100,190,850,8200,8700,8800,85046,38,14,106.37219191836553,3.2871540170162916,8849.846384022385,1478.1912376831363
1785162421,25,,Aggregated,5.400000,0.000000,14,19,25,31,58,100,190,850,8200,8700,8800,85052,38,14,106.55405551721744,3.2871540170162916,8849.846384022385,1478.1786906833468
1785162422,25,,Aggregated,5.600000,0.000000,14,19,25,31,58,100,190,850,8200,8700,8800,85054,38,14,106.55180893923026,3.2871540170162916,8849.846384022385,1478.2163096385825
1785162423,25,,Aggregated,5.800000,0.000000,14,19,25,31,58,100,190,850,8200,8700,8800,85059,38,14,106.54619477025004,3.2871540170162916,8849.846384022385,1478.2205998189493
1785162424,25,,Aggregated,5.700000,0.000000,14,19,25,31,58,100,190,850,8200,8700,8800,85067,38,14,106.53906545316597,3.2871540170162916,8849.846384022385,1478.1183655236462
1785162425,25,,Aggregated,5.600000,0.000000,14,19,25,31,58,100,190,850,8200,8700,8800,85074,38,14,106.53168933420832,3.2871540170162916,8849.846384022385,1478.1011824999412
1785162426,25,,Aggregated,5.400000,0.000000,14,19,25,31,58,100,190,860,8200,8700,8800,85080,38,14,106.61930763650062,3.2871540170162916,8849.846384022385,1478.1635872120357
1785162427,25,,Aggregated,5.200000,0.000000,14,19,25,31,58,100,190,860,8200,8700,8800,85084,38,14,106.61496549558856,3.2871540170162916,8849.846384022385,1478.1372525974332
1785162428,25,,Aggregated,5.800000,0.000000,14,19,25,31,58,100,190,860,8200,8700,8800,85089,38,14,106.60966987440919,3.2871540170162916,8849.846384022385,1478.2791547673612
1785162429,25,,Aggregated,6.000000,0.000000,14,19,25,31,58,100,190,860,8200,8700,8800,85095,38,14,106.60331221851722,3.2871540170162916,8849.846384022385,1478.4341500675716
1785162430,25,,Aggregated,5.600000,0.000000,14,19,25,31,58,100,190,860,8200,8700,8800,85100,38,14,106.59780909655589,3.2871540170162916,8849.846384022385,1478.4187426556991
1785162431,25,,Aggregated,5.900000,0.000000,14,19,25,31,58,100,190,860,8200,8700,8800,85104,38,14,106.78182722367836,3.2871540170162916,8849.846384022385,1478.3529211317916
1785162432,25,,Aggregated,5.500000,0.000000,14,19,25,31,58,100,190,860,8200,8700,8800,85105,38,14,106.78071821155024,3.2871540170162916,8849.846384022385,1478.337065977322
1785162433,25,,Aggregated,4.900000,0.000000,14,19,25,31,58,100,190,860,8200,8700,8800,85111,38,14,106.77420118712921,3.2871540170162916,8849.846384022385,1478.2834181245667
1785162434,25,,Aggregated,5.000000,0.000000,14,19,25,31,58,100,190,860,8200,8700,8800,85127,38,14,106.75680614188967,3.2871540170162916,8849.846384022385,1478.0779071269985
1785162435,25,,Aggregated,4.900000,0.000000,14,19,25,31,58,100,190,860,8200,8700,8800,85130,38,14,106.75350648053063,3.2871540170162916,8849.846384022385,1478.0364971220486
1785162436,25,,Aggregated,5.100000,0.000000,14,19,25,31,58,100,190,880,8200,8700,8800,85144,38,14,106.83224568634382,3.2871540170162916,8849.846384022385,1477.8559029409
1785162437,25,,Aggregated,5.900000,0.000000,14,19,25,31,58,100,190,880,8200,8700,8800,85160,38,14,106.81568027293048,3.2871540170162916,8849.846384022385,1477.675082198215
1785162438,25,,Aggregated,5.200000,0.000000,14,19,25,31,58,100,190,880,8200,8700,8800,85170,38,14,106.80471075933778,3.2871540170162916,8849.846384022385,1477.7596219326053
1785162439,25,,Aggregated,6.400000,0.000000,14,19,25,31,58,100,190,880,8200,8700,8800,85177,38,14,106.79717510656876,3.2871540170162916,8849.846384022385,1477.7423482865092
1785162440,25,,Aggregated,8.000000,0.000000,14,19,25,31,58,100,190,880,8200,8700,8800,85181,38,14,106.7926653887151,3.2871540170162916,8849.846384022385,1477.695448515514
1785162441,25,,Aggregated,8.000000,0.000000,14,19,25,31,58,100,190,880,8200,8700,8800,85188,38,14,106.78487062491526,3.2871540170162916,8849.846384022385,1477.7158637366765
1785162442,25,,Aggregated,8.300000,0.000000,14,19,25,31,58,100,190,880,8200,8700,8800,85191,38,14,106.78146543062319,3.2871540170162916,8849.846384022385,1477.6816330363536
1785162443,25,,Aggregated,8.100000,0.000000,14,19,25,31,58,100,190,880,8200,8700,8800,85198,38,14,106.77425598564724,3.2871540170162916,8849.846384022385,1477.593816756262
1785162444,25,,Aggregated,8.600000,0.000000,14,19,25,31,58,100,190,860,8200,8700,8800,85203,38,14,106.76873808000066,3.2871540170162916,8849.846384022385,1477.5882774080724
1785162445,25,,Aggregated,8.400000,0.000000,14,19,25,31,58,100,190,860,8200,8700,8800,85209,38,14,106.7622039365077,3.2871540170162916,8849.846384022385,1477.5062962832565
1785162446,25,,Aggregated,8.300000,0.000000,14,19,25,31,58,100,190,860,8200,8700,8800,85212,38,14,106.75881954139031,3.2871540170162916,8849.846384022385,1477.461296531005
1785162447,25,,Aggregated,7.500000,0.000000,14,19,25,31,58,100,190,860,8200,8700,8800,85218,38,14,106.75256538666467,3.2871540170162916,8849.846384022385,1477.4293693820555
1785162448,25,,Aggregated,7.500000,0.000000,14,19,25,31,58,100,190,860,8200,8700,8800,85218,38,14,106.75256538666467,3.2871540170162916,8849.846384022385,1477.4293693820555
1785162449,25,,Aggregated,6.600000,0.000000,14,19,25,31,58,100,190,860,8200,8700,8800,85227,38,14,106.74386287721602,3.2871540170162916,8849.846384022385,1477.4691705680125
1785162450,25,,Aggregated,5.300000,0.000000,14,19,25,31,58,100,190,860,8200,8700,8800,85242,38,14,106.72761768338137,3.2871540170162916,8849.846384022385,1477.2891649656274
1785162451,25,,Aggregated,4.400000,0.000000,14,19,25,31,58,100,190,860,8200,8700,8800,85254,38,14,106.71475439716549,3.2871540170162916,8849.846384022385,1477.3539071480518
1785162452,25,,Aggregated,4.900000,0.000000,14,19,25,31,58,100,190,860,8200,8700,8800,85257,38,14,106.71143052406218,3.2871540170162916,8849.846384022385,1477.4465439787934
1785162453,25,,Aggregated,6.200000,0.000000,14,19,25,31,58,100,190,860,8200,8700,8800,85267,38,14,106.70058998146435,3.2871540170162916,8849.846384022385,1477.3130284869878
1785162454,25,,Aggregated,6.400000,0.000000,14,19,25,31,58,100,190,860,8200,8700,8800,85269,38,14,106.69836870972354,3.2871540170162916,8849.846384022385,1477.2799024264386
1785162455,25,,Aggregated,6.500000,0.000000,14,19,25,31,58,100,190,860,8200,8700,8800,85270,38,14,106.69730804085181,3.2871540170162916,8849.846384022385,1477.2924475196435
1785162456,25,,Aggregated,6.600000,0.000000,14,19,25,31,58,100,190,860,8200,8700,8800,85275,38,14,106.69178956981155,3.2871540170162916,8849.846384022385,1477.4553151568455
1785162457,25,,Aggregated,6.500000,0.000000,14,19,25,31,58,100,190,860,8200,8700,8800,85277,38,14,106.68973763813821,3.2871540170162916,8849.846384022385,1477.4632433129684
1785162458,25,,Aggregated,6.100000,0.000000,14,19,25,31,58,100,190,860,8200,8700,8800,85308,38,14,106.65616259667466,3.2871540170162916,8849.846384022385,1477.0827003329114
1785162460,25,,Aggregated,6.200000,0.000000,14,19,25,31,58,100,190,860,8200,8700,8800,85315,38,14,106.64879276929115,3.2871540170162916,8849.846384022385,1477.1398581726544
1785162461,25,,Aggregated,9.000000,0.000000,14,19,25,31,58,100,190,860,8200,8700,8800,85326,38,14,106.63697401683278,3.2871540170162916,8849.846384022385,1477.1688113822281
1785162462,25,,Aggregated,9.000000,0.000000,14,19,25,31,58,100,190,860,8200,8700,8800,85337,38,14,106.6250297794493,3.2871540170162916,8849.846384022385,1477.162461769221
1785162463,25,,Aggregated,7.800000,0.000000,14,19,25,31,58,100,190,860,8200,8700,8800,85350,38,14,106.61063819450686,3.2871540170162916,8849.846384022385,1477.1986994727592
1785162464,25,,Aggregated,8.300000,0.000000,14,19,25,31,58,100,190,860,8200,8700,8800,85355,38,14,106.60540710428556,3.2871540170162916,8849.846384022385,1477.3704293831645
1785162465,25,,Aggregated,8.300000,0.000000,14,19,25,31,58,100,190,860,8200,8700,8800,85359,38,14,106.6030786426058,3.2871540170162916,8849.846384022385,1477.3280966271864
1785162466,25,,Aggregated,8.600000,0.000000,14,19,25,31,58,100,190,860,8200,8700,8800,85368,38,14,106.59330257100775,3.2871540170162916,8849.846384022385,1477.2941500327993
1785162467,25,,Aggregated,9.000000,0.000000,14,19,25,31,58,100,190,860,8200,8700,8800,85372,38,14,106.58880543761005,3.2871540170162916,8849.846384022385,1477.3087546268098
1785162468,25,,Aggregated,9.400000,0.000000,14,19,25,31,58,100,190,860,8200,8700,8800,85379,38,14,106.58137370165299,3.2871540170162916,8849.846384022385,1477.2059288583844
1785162469,25,,Aggregated,9.600000,0.000000,14,19,25,31,58,100,190,860,8200,8700,8800,85389,38,14,106.57139058983329,3.2871540170162916,8849.846384022385,1477.2044408530373
1785162470,25,,Aggregated,9.700000,0.000000,14,19,25,31,58,100,190,860,8200,8700,8800,85396,38,14,106.56373878430314,3.2871540170162916,8849.846384022385,1477.3412337814418
1785162471,25,,Aggregated,7.900000,0.000000,14,19,25,31,58,100,190,850,8200,8700,8800,85407,38,14,106.55175191516958,3.2871540170162916,8849.846384022385,1477.2868851499293
1785162472,25,,Aggregated,8.000000,0.000000,14,19,25,31,58,100,190,850,8200,8700,8800,85416,38,14,106.54202587909143,3.2871540170162916,8849.846384022385,1477.1678725297368
1785162473,25,,Aggregated,8.400000,0.000000,14,19,25,31,58,100,190,850,8200,8700,8800,85419,38,14,106.53877458115261,3.2871540170162916,8849.846384022385,1477.429974595816
1785162474,25,,Aggregated,8.400000,0.000000,14,19,25,31,58,100,190,850,8200,8700,8800,85421,38,14,106.5365213602909,3.2871540170162916,8849.846384022385,1477.4043150981609
1785162475,25,,Aggregated,6.800000,0.000000,14,19,25,31,58,100,190,850,8200,8700,8800,85425,38,14,106.53206141317524,3.2871540170162916,8849.846384022385,1477.4187649985367
1785162476,25,,Aggregated,6.800000,0.000000,14,19,25,31,58,100,190,850,8200,8700,8800,85426,38,14,106.53091916283557,3.2871540170162916,8849.846384022385,1477.401751223281
1785162477,25,,Aggregated,6.300000,0.000000,14,19,25,31,58,100,190,850,8200,8700,8800,85434,38,14,106.52214435995994,3.2871540170162916,8849.846384022385,1477.4194465903504
1785162478,25,,Aggregated,6.000000,0.000000,14,19,25,31,58,100,190,850,8200,8700,8800,85444,38,14,106.51119983554157,3.2871540170162916,8849.846384022385,1477.3492111792518
1785162479,25,,Aggregated,6.000000,0.000000,14,19,25,31,58,100,190,850,8200,8700,8800,85456,38,14,106.49862094692044,3.2871540170162916,8849.846384022385,1477.202045497098
1785162480,25,,Aggregated,6.800000,0.000000,14,19,25,31,58,100,190,850,8200,8700,8800,85470,38,14,106.48557222598116,3.2871540170162916,8849.846384022385,1477.038925938926
1785162481,25,,Aggregated,6.200000,0.000000,14,19,25,31,58,100,190,850,8200,8700,8800,85473,38,14,106.48228919525084,3.2871540170162916,8849.846384022385,1477.168462555427
1785162482,25,,Aggregated,6.700000,0.000000,14,19,25,31,58,100,190,850,8200,8700,8800,85485,38,14,106.469210845653,3.2871540170162916,8849.846384022385,1477.106229163011
1785162483,25,,Aggregated,6.600000,0.000000,14,19,25,31,57,100,190,850,8200,8700,8800,85493,38,14,106.46045276530973,3.2871540170162916,8849.846384022385,1477.0799246721954
1785162484,25,,Aggregated,6.100000,0.000000,14,19,25,31,57,100,190,850,8200,8700,8800,85499,38,14,106.45377904397161,3.2871540170162916,8849.846384022385,1477.2749505842173
1785162485,25,,Aggregated,7.500000,0.000000,14,19,25,31,57,100,190,850,8200,8700,8800,85508,38,14,106.44520050108403,3.2871540170162916,8849.846384022385,1477.1971628385647
1785162486,25,,Aggregated,7.300000,0.000000,14,19,25,31,57,100,190,850,8200,8700,8800,85517,38,14,106.43599276503959,3.2871540170162916,8849.846384022385,1477.0816679724498
1785162487,25,,Aggregated,8.100000,0.000000,14,19,25,31,57,100,190,850,8200,8700,8800,85525,38,14,106.42733786904134,3.2871540170162916,8849.846384022385,1476.989885998246
1785162488,25,,Aggregated,9.000000,0.000000,14,19,25,31,57,100,190,850,8200,8700,8800,85531,38,14,106.4211379402863,3.2871540170162916,8849.846384022385,1477.1864470192095
1785162489,25,,Aggregated,8.600000,0.000000,14,19,25,31,57,100,190,850,8200,8700,8800,85534,38,14,106.41780290602172,3.2871540170162916,8849.846384022385,1477.208151144574
1785162490,25,,Aggregated,8.600000,0.000000,14,19,25,31,57,100,190,850,8200,8700,8800,85537,38,14,106.41450322538024,3.2871540170162916,8849.846384022385,1477.20004208705
1785162491,25,,Aggregated,8.200000,0.000000,14,19,25,31,57,100,190,850,8200,8700,8800,85543,38,14,106.40792664438152,3.2871540170162916,8849.846384022385,1477.1908981447928
1785162492,25,,Aggregated,7.500000,0.000000,14,19,25,31,57,100,190,850,8200,8700,8800,85551,38,14,106.49328517609689,3.2871540170162916,8849.846384022385,1477.0852123294876
1785162493,25,,Aggregated,6.600000,0.000000,14,19,25,31,57,100,190,850,8200,8700,8800,85553,38,14,106.49118171321075,3.2871540170162916,8849.846384022385,1477.0821946629574
1785162494,25,,Aggregated,6.900000,0.000000,14,19,25,31,57,100,190,860,8200,8700,8800,85573,38,14,106.6581953924453,3.2871540170162916,8849.846384022385,1477.1603309455086
1785162495,25,,Aggregated,5.900000,0.000000,14,19,25,31,57,100,190,860,8200,8700,8800,85578,38,14,106.65259133597637,3.2871540170162916,8849.846384022385,1477.1036481338663
1785162496,25,,Aggregated,6.200000,0.000000,14,19,25,31,57,100,190,860,8200,8700,8800,85583,38,14,106.64766942668639,3.2871540170162916,8849.846384022385,1477.103256487854
1785162497,25,,Aggregated,7.100000,0.000000,14,19,25,31,57,100,190,860,8200,8700,8800,85590,38,14,106.6398668248429,3.2871540170162916,8849.846384022385,1477.2949059469565
1785162498,25,,Aggregated,6.600000,0.000000,14,19,25,31,57,100,190,860,8200,8700,8800,85592,38,14,106.63765307692631,3.2871540170162916,8849.846384022385,1477.2680390690718
1785162499,25,,Aggregated,6.800000,0.000000,14,19,25,31,57,100,190,860,8200,8700,8800,85594,38,14,106.63544401713284,3.2871540170162916,8849.846384022385,1477.2642124447975
1785162500,25,,Aggregated,6.400000,0.000000,14,19,25,31,57,100,190,860,8200,8700,8800,85596,38,14,106.63318825029896,3.2871540170162916,8849.846384022385,1477.230256086733
1785162501,25,,Aggregated,6.100000,0.000000,14,19,25,31,57,100,190,860,8200,8700,8800,85604,38,14,106.62550139473578,3.2871540170162916,8849.846384022385,1477.1963226017476
1785162502,25,,Aggregated,5.700000,0.000000,14,19,25,31,57,100,190,860,8200,8700,8800,85614,38,14,106.61459147517994,3.2871540170162916,8849.846384022385,1477.063634452309
1785162503,25,,Aggregated,6.000000,0.000000,14,19,25,31,57,100,190,860,8200,8700,8800,85623,38,14,106.60504324895373,3.2871540170162916,8849.846384022385,1476.9704869018838
1785162504,25,,Aggregated,6.000000,0.000000,14,19,25,31,57,100,190,860,8200,8700,8800,85626,38,14,106.60166274068736,3.2871540170162916,8849.846384022385,1476.9242169434517
1785162505,25,,Aggregated,6.300000,0.000000,14,19,25,31,57,100,190,860,8200,8700,8800,85634,38,14,106.68677001366237,3.2871540170162916,8849.846384022385,1476.8172454866058
1785162506,25,,Aggregated,6.700000,0.000000,14,19,25,31,57,100,190,880,8200,8700,8800,85636,38,14,106.77828100861694,3.2871540170162916,8849.846384022385,1476.7900649259657
1785162507,25,,Aggregated,5.200000,0.000000,14,19,25,31,57,100,190,890,8200,8700,8800,85646,38,14,106.86144548813337,3.2871540170162916,8849.846384022385,1476.8048595380988
1785162508,25,,Aggregated,5.300000,0.000000,14,19,25,31,57,100,190,890,8200,8700,8800,85652,38,14,106.85475055546665,3.2871540170162916,8849.846384022385,1476.862816980339
1785162509,25,,Aggregated,5.200000,0.000000,14,19,25,31,57,100,190,890,8200,8700,8800,85659,38,14,106.84717754963555,3.2871540170162916,8849.846384022385,1476.9096767414983
1785162511,25,,Aggregated,5.600000,0.000000,14,19,25,31,57,100,190,920,8200,8700,8800,85664,38,14,107.02886114683139,3.2871540170162916,8849.846384022385,1476.9163008965259
1785162512,25,,Aggregated,6.000000,0.000000,14,19,25,31,57,100,190,960,8200,8700,8800,85678,38,14,107.10724395537325,3.2871540170162916,8849.846384022385,1476.7380190947501
1785162513,25,,Aggregated,6.500000,0.000000,14,19,25,31,57,100,190,960,8200,8700,8800,85685,38,14,107.09965380436161,3.2871540170162916,8849.846384022385,1476.655202194083
1785162514,25,,Aggregated,6.600000,0.000000,14,19,25,31,57,100,190,960,8200,8700,8800,85691,38,14,107.0932517179239,3.2871540170162916,8849.846384022385,1476.5805743893757
1785162515,25,,Aggregated,7.400000,0.000000,14,19,25,31,57,100,190,960,8200,8700,8800,85692,38,14,107.18574997193,3.2871540170162916,8849.846384022385,1476.564883536386
1785162516,25,,Aggregated,7.100000,0.000000,14,19,25,31,57,100,190,960,8200,8700,8800,85696,38,14,107.18160542835562,3.2871540170162916,8849.846384022385,1476.7857776325616
1785162517,25,,Aggregated,6.800000,0.000000,14,19,25,31,57,100,190,960,8200,8700,8800,85703,38,14,107.17375782127016,3.2871540170162916,8849.846384022385,1476.8948578229467
1785162518,25,,Aggregated,6.200000,0.000000,14,19,25,31,57,100,190,960,8200,8700,8800,85712,38,14,107.16403129556859,3.2871540170162916,8849.846384022385,1476.809011573642
1785162519,25,,Aggregated,6.200000,0.000000,14,19,25,31,57,100,190,960,8200,8700,8800,85723,38,14,107.15208670784735,3.2871540170162916,8849.846384022385,1476.8357033701573
1785162520,25,,Aggregated,6.600000,0.000000,14,19,25,31,57,100,190,960,8200,8700,8800,85739,38,14,107.22823112900838,3.2871540170162916,8849.846384022385,1476.650299163741
1785162521,25,,Aggregated,6.200000,0.000000,14,19,25,31,57,100,190,960,8200,8700,8800,85753,38,14,107.2146546216471,3.2871540170162916,8849.846384022385,1476.5811924947232
1785162522,25,,Aggregated,8.000000,0.000000,14,19,25,31,57,100,190,960,8200,8700,8800,85756,38,14,107.21164762196493,3.2871540170162916,8849.846384022385,1476.544638276039
1785162523,25,,Aggregated,8.900000,0.000000,14,19,25,31,57,100,190,970,8200,8700,8800,85759,38,14,107.30182831001977,3.2871540170162916,8849.846384022385,1476.5038771440898
1785162524,25,,Aggregated,7.600000,0.000000,14,19,25,31,57,100,190,970,8200,8700,8800,85765,38,14,107.29526147943075,3.2871540170162916,8849.846384022385,1476.7954060514196
1785162525,25,,Aggregated,7.600000,0.000000,14,19,25,31,57,100,190,980,8200,8700,8800,85770,38,14,107.38347934750529,3.2871540170162916,8849.846384022385,1476.7512533519878
1785162526,25,,Aggregated,7.200000,0.000000,14,19,25,31,57,100,190,990,8200,8700,8800,85786,38,14,107.45982287708193,3.2871540170162916,8849.846384022385,1476.6875247709415
1785162527,25,,Aggregated,7.800000,0.000000,14,19,25,31,57,100,190,990,8200,8700,8800,85794,38,14,107.45426845094177,3.2871540170162916,8849.846384022385,1476.772536541017
1785162528,25,,Aggregated,8.300000,0.000000,14,19,25,31,57,100,190,990,8200,8700,8800,85800,38,14,107.44754174408082,3.2871540170162916,8849.846384022385,1476.9042773892775
1785162529,25,,Aggregated,8.300000,0.000000,14,19,25,31,57,100,190,980,8200,8700,8800,85811,38,14,107.43613972970103,3.2871540170162916,8849.846384022385,1476.795702182704
1785162530,25,,Aggregated,8.700000,0.000000,14,19,25,31,57,100,190,980,8200,8700,8800,85819,38,14,107.42755735343255,3.2871540170162916,8849.846384022385,1476.7218564653515
1785162531,25,,Aggregated,8.800000,0.000000,14,19,25,31,57,100,190,980,8200,8700,8800,85827,38,14,107.41851485663247,3.2871540170162916,8849.846384022385,1476.7535274447434
1785162532,25,,Aggregated,8.000000,0.000000,14,19,25,31,57,100,190,980,8200,8700,8800,85830,38,14,107.41520534303909,3.2871540170162916,8849.846384022385,1476.7469066759875
1785162533,25,,Aggregated,6.800000,0.000000,14,19,25,31,57,100,190,980,8200,8700,8800,85848,38,14,107.39536603433956,3.2871540170162916,8849.846384022385,1476.5139316000373
1785162534,25,,Aggregated,6.800000,0.000000,14,19,25,31,57,100,190,980,8200,8700,8800,85853,38,14,107.39003690784301,3.2871540170162916,8849.846384022385,1476.447765366382
1785162535,25,,Aggregated,8.900000,0.000000,14,19,25,31,57,100,190,980,8200,8700,8800,85858,38,14,107.38457420748234,3.2871540170162916,8849.846384022385,1476.5834400987678
1785162536,25,,Aggregated,9.000000,0.000000,14,19,25,31,57,100,190,980,8200,8700,8800,85876,38,14,107.36570438533315,3.2871540170162916,8849.846384022385,1476.6136056639807
1785162537,25,,Aggregated,8.400000,0.000000,14,19,25,31,57,100,190,980,8200,8700,8800,85879,38,14,107.362443675322,3.2871540170162916,8849.846384022385,1476.706854993654
1785162538,25,,Aggregated,9.000000,0.000000,14,19,25,31,57,100,190,980,8200,8700,8800,85893,38,14,107.34700810338468,3.2871540170162916,8849.846384022385,1476.6029827809018
1785162539,25,,Aggregated,8.800000,0.000000,14,19,25,31,57,100,190,970,8200,8700,8800,85907,38,14,107.33179976186113,3.2871540170162916,8849.846384022385,1476.6374102226828
1785162540,25,,Aggregated,9.300000,0.000000,14,19,25,31,57,100,190,970,8200,8700,8800,85916,38,14,107.3222584891953,3.2871540170162916,8849.846384022385,1476.662239862191
1785162541,25,,Aggregated,8.400000,0.000000,14,19,25,31,57,100,190,970,8200,8700,8800,85922,38,14,107.3156516736731,3.2871540170162916,8849.846384022385,1476.6756825958428
1785162542,25,,Aggregated,9.000000,0.000000,14,19,25,31,57,100,190,970,8200,8700,8800,85936,38,14,107.30040463830437,3.2871540170162916,8849.846384022385,1476.7120298827035
1785162543,25,,Aggregated,9.900000,0.000000,14,19,25,31,57,100,190,970,8200,8700,8800,85942,38,14,107.29363328631317,3.2871540170162916,8849.846384022385,1476.7048939982778
1785162544,25,,Aggregated,10.500000,0.000000,14,19,25,31,57,100,190,970,8200,8700,8800,85954,38,14,107.28013390347543,3.2871540170162916,8849.846384022385,1476.6172952974846
1785162545,25,,Aggregated,9.200000,0.000000,14,19,25,31,57,100,190,970,8200,8700,8800,85958,38,14,107.27571730512285,3.2871540170162916,8849.846384022385,1476.6984224853998
1785162546,25,,Aggregated,9.900000,0.000000,14,19,25,31,57,100,190,970,8200,8700,8800,85961,38,14,107.27236383987899,3.2871540170162916,8849.846384022385,1476.657251544305
1785162547,25,,Aggregated,10.100000,0.000000,14,19,25,31,57,100,190,970,8200,8700,8800,85967,38,14,107.26594391061072,3.2871540170162916,8849.846384022385,1476.612549001361
1785162548,25,,Aggregated,9.000000,0.000000,14,19,25,31,57,100,190,970,8200,8700,8800,85979,38,14,107.25322724489894,3.2871540170162916,8849.846384022385,1476.6157201177032
1785162549,25,,Aggregated,8.800000,0.000000,14,19,25,31,57,100,190,970,8200,8700,8800,85987,38,14,107.24447103159808,3.2871540170162916,8849.846384022385,1476.9346994313094
1785162550,25,,Aggregated,8.100000,0.000000,14,19,25,31,57,100,190,970,8200,8700,8800,85992,38,14,107.2388609161567,3.2871540170162916,8849.846384022385,1476.8848613824541
1785162551,25,,Aggregated,8.700000,0.000000,14,18,25,31,57,100,190,960,8200,8700,8800,86003,38,14,107.2273760842074,3.2871540170162916,8849.846384022385,1476.9105263769868
1785162552,25,,Aggregated,8.000000,0.000000,14,19,25,31,57,100,190,960,8200,8700,8800,86011,38,14,107.21895784164852,3.2871540170162916,8849.846384022385,1477.0850588878168
1785162553,25,,Aggregated,7.300000,0.000000,14,18,25,31,57,100,190,960,8200,8700,8800,86016,38,14,107.21351176128803,3.2871540170162916,8849.846384022385,1477.0442475818452
1785162554,25,,Aggregated,7.000000,0.000000,14,18,25,31,57,100,190,960,8200,8700,8800,86032,38,14,107.19591150487864,3.2871540170162916,8849.846384022385,1476.8505788543798
1785162555,25,,Aggregated,7.200000,0.000000,14,18,25,31,57,100,190,960,8200,8700,8800,86037,38,14,107.19033766240052,3.2871540170162916,8849.846384022385,1476.7924962516126
1785162556,25,,Aggregated,7.300000,0.000000,14,18,25,31,57,100,190,960,8200,8700,8800,86042,38,14,107.18484721222346,3.2871540170162916,8849.846384022385,1476.7649636224169
1785162557,25,,Aggregated,8.000000,0.000000,14,18,25,31,57,100,190,960,8200,8700,8800,86049,38,14,107.17730075381655,3.2871540170162916,8849.846384022385,1476.677985798789
1785162558,25,,Aggregated,8.100000,0.000000,14,18,25,31,57,100,190,960,8200,8700,8800,86061,38,14,107.16461425212997,3.2871540170162916,8849.846384022385,1476.6889183253738
1785162559,25,,Aggregated,7.600000,0.000000,14,18,25,31,57,100,190,960,8200,8700,8800,86068,38,14,107.1569296339819,3.2871540170162916,8849.846384022385,1476.6785797276573
1785162560,25,,Aggregated,8.000000,0.000000,14,18,25,31,57,100,190,960,8200,8700,8800,86072,38,14,107.15253996134095,3.2871540170162916,8849.846384022385,1476.6537433776373
1785162561,25,,Aggregated,7.900000,0.000000,14,18,25,31,57,100,190,960,8200,8700,8800,86078,38,14,107.14604998500873,3.2871540170162916,8849.846384022385,1476.762250516973
1785162562,25,,Aggregated,8.000000,0.000000,14,18,25,31,57,100,190,960,8200,8700,8800,86080,38,14,107.14386725293477,3.2871540170162916,8849.846384022385,1476.7447723048326
1785162563,25,,Aggregated,8.000000,0.000000,14,18,25,31,57,100,190,960,8200,8700,8800,86089,38,14,107.13404817603548,3.2871540170162916,8849.846384022385,1476.640767113104
1785162564,25,,Aggregated,7.400000,0.000000,14,18,25,31,57,100,190,960,8200,8700,8800,86107,38,14,107.11462889861994,3.2871540170162916,8849.846384022385,1476.4216149674241
1785162565,25,,Aggregated,6.900000,0.000000,14,18,25,31,57,100,190,960,8200,8700,8800,86127,38,14,107.09341117337354,3.2871540170162916,8849.846384022385,1476.3267035888862
1785162566,25,,Aggregated,6.400000,0.000000,14,18,25,31,57,100,190,960,8200,8700,8800,86135,38,14,107.08452751024227,3.2871540170162916,8849.846384022385,1476.9007952632496
1785162567,25,,Aggregated,7.800000,0.000000,14,18,25,31,57,100,190,960,8200,8700,8800,86143,38,14,107.07588109287884,3.2871540170162916,8849.846384022385,1476.9425490173317
1785162568,25,,Aggregated,8.700000,0.000000,14,18,25,31,57,100,190,960,8200,8700,8800,86148,38,14,107.07023572651448,3.2871540170162916,8849.846384022385,1476.8887612016529
1785162570,25,,Aggregated,9.300000,0.000000,14,18,25,31,57,100,190,960,8200,8700,8800,86173,38,14,107.04363349476124,3.2871540170162916,8849.846384022385,1476.5824678263493
1785162571,25,,Aggregated,9.100000,0.000000,14,18,25,31,57,100,190,960,8200,8700,8800,86181,38,14,107.03495114503478,3.2871540170162916,8849.846384022385,1476.550655016767
1785162572,25,,Aggregated,8.700000,0.000000,14,18,25,31,57,100,190,960,8200,8700,8800,86187,38,14,107.02881230241638,3.2871540170162916,8849.846384022385,1476.4872892663627
1785162573,25,,Aggregated,10.400000,0.000000,14,18,25,31,57,100,190,960,8200,8700,8800,86200,38,14,107.01443306371903,3.2871540170162916,8849.846384022385,1476.4579466357309
1785162574,25,,Aggregated,10.800000,0.000000,14,18,25,31,57,100,190,920,8200,8700,8800,86207,38,14,107.00685460672025,3.2871540170162916,8849.846384022385,1476.3757815490621
1785162575,25,,Aggregated,12.000000,0.000000,14,18,25,31,57,100,190,920,8200,8700,8800,86211,38,14,107.00255045092364,3.2871540170162916,8849.846384022385,1476.4616000278386
1785162576,25,,Aggregated,11.800000,0.000000,14,18,25,31,57,100,190,920,8200,8700,8800,86221,38,14,106.99159412473566,3.2871540170162916,8849.846384022385,1476.4079632572111
1785162577,25,,Aggregated,11.800000,0.000000,14,18,25,31,57,100,190,920,8200,8700,8800,86224,38,14,106.98826697993294,3.2871540170162916,8849.846384022385,1476.3956207088513
1785162578,25,,Aggregated,9.300000,0.000000,14,18,25,31,57,100,190,920,8200,8700,8800,86234,38,14,106.97776453885506,3.2871540170162916,8849.846384022385,1476.3993088572952
1785162579,25,,Aggregated,9.300000,0.000000,14,18,25,31,57,100,190,920,8200,8700,8800,86236,38,14,106.97563826097633,3.2871540170162916,8849.846384022385,1476.396273018229
1785162580,25,,Aggregated,8.900000,0.000000,14,18,25,31,57,100,190,920,8200,8700,8800,86241,38,14,106.97032212344651,3.2871540170162916,8849.846384022385,1476.3383193608609
1785162581,25,,Aggregated,8.500000,0.000000,14,18,25,31,57,100,190,920,8200,8700,8800,86244,38,14,106.96698741130018,3.2871540170162916,8849.846384022385,1476.4382913593988
1785162582,25,,Aggregated,6.800000,0.000000,14,18,25,31,57,100,190,920,8200,8700,8800,86255,38,14,106.95537488822978,3.2871540170162916,8849.846384022385,1476.299298591386
1785162583,25,,Aggregated,6.300000,0.000000,14,18,25,31,57,100,190,920,8200,8700,8800,86261,38,14,106.94892301569803,3.2871540170162916,8849.846384022385,1476.2228237558109
1785162584,25,,Aggregated,6.700000,0.000000,14,18,25,31,57,100,190,960,8200,8700,8800,86267,38,14,107.0353757212882,3.2871540170162916,8849.846384022385,1476.1525960100619
1785162585,25,,Aggregated,6.000000,0.000000,14,18,25,31,57,100,190,960,8200,8700,8800,86273,38,14,107.02916198922287,3.2871540170162916,8849.846384022385,1476.1394410765824
1785162586,25,,Aggregated,6.000000,0.000000,14,18,25,31,57,100,190,960,8200,8700,8800,86280,38,14,107.02139646634498,3.2871540170162916,8849.846384022385,1476.0420607324988
1785162587,25,,Aggregated,6.200000,0.000000,14,18,25,31,57,100,190,960,8200,8700,8800,86288,38,14,107.01291475941098,3.2871540170162916,8849.846384022385,1476.3695415353236
1785162588,25,,Aggregated,6.000000,0.000000,14,18,25,31,57,100,190,960,8200,8700,8800,86297,38,14,107.09618142378164,3.2871540170162916,8849.846384022385,1476.2598583960046
1785162589,25,,Aggregated,6.000000,0.000000,14,18,25,31,57,100,190,960,8200,8700,8800,86313,38,14,107.07900977358456,3.2871540170162916,8849.846384022385,1476.0611727086302
1785162590,25,,Aggregated,6.800000,0.000000,14,18,25,31,57,100,190,970,8200,8700,8800,86320,38,14,107.25729684491348,3.2871540170162916,8849.846384022385,1476.12625115848
1785162591,25,,Aggregated,7.700000,0.000000,14,18,25,31,57,100,190,970,8200,8700,8800,86326,38,14,107.25062483950194,3.2871540170162916,8849.846384022385,1476.0516530361651
1785162592,25,,Aggregated,7.700000,0.000000,14,18,25,31,57,100,190,970,8200,8700,8800,86336,38,14,107.23977455700185,3.2871540170162916,8849.846384022385,1475.9396196256487
1785162593,25,,Aggregated,8.000000,0.000000,14,18,25,31,57,100,190,970,8200,8700,8800,86347,38,14,107.22787923931759,3.2871540170162916,8849.846384022385,1475.8066522287977
1785162594,25,,Aggregated,8.200000,0.000000,14,18,25,31,57,100,190,980,8200,8700,8800,86355,38,14,107.31201326015061,3.2871540170162916,8849.846384022385,1475.7043367494643
1785162595,25,,Aggregated,8.600000,0.000000,14,18,25,31,57,100,190,980,8200,8700,8800,86361,38,14,107.30531379231677,3.2871540170162916,8849.846384022385,1475.9027338729288
1785162596,25,,Aggregated,8.300000,0.000000,14,18,25,31,57,100,190,980,8200,8700,8800,86373,38,14,107.29307438107574,3.2871540170162916,8849.846384022385,1475.7547150151088
1785162597,25,,Aggregated,8.500000,0.000000,14,18,25,31,57,100,190,990,8200,8700,8800,86384,38,14,107.37452198581403,3.2871540170162916,8849.846384022385,1475.6853583997035
1785162598,25,,Aggregated,9.100000,0.000000,14,18,25,31,57,100,190,990,8200,8700,8800,86399,38,14,107.4515356169916,3.2871540170162916,8849.846384022385,1475.4926445907938
1785162599,25,,Aggregated,9.400000,0.000000,14,18,25,31,57,100,190,990,8200,8700,8800,86401,38,14,107.44936057343352,3.2871540170162916,8849.846384022385,1475.4804574021134
1785162600,25,,Aggregated,9.500000,0.000000,14,18,25,31,57,100,190,990,8200,8700,8800,86404,38,14,107.44604914109453,3.2871540170162916,8849.846384022385,1475.436368686635
1785162601,25,,Aggregated,8.700000,0.000000,14,18,25,31,57,100,190,990,8200,8700,8800,86410,38,14,107.44009279848767,3.2871540170162916,8849.846384022385,1475.418759402847
1785162602,25,,Aggregated,8.500000,0.000000,14,18,25,31,57,100,190,990,8200,8700,8800,86420,38,14,107.42910017846857,3.2871540170162916,8849.846384022385,1475.4200647998148
1785162603,25,,Aggregated,8.000000,0.000000,14,18,25,31,57,100,190,990,8200,8700,8800,86430,38,14,107.41806638465978,3.2871540170162916,8849.846384022385,1475.3657642022447
1785162604,25,,Aggregated,7.500000,0.000000,14,18,25,31,57,100,190,990,8200,8700,8800,86437,38,14,107.4105058749134,3.2871540170162916,8849.846384022385,1475.2811758853268
1785162605,25,,Aggregated,7.500000,0.000000,14,18,25,31,57,100,190,990,8200,8700,8800,86449,38,14,107.40012320895558,3.2871540170162916,8849.846384022385,1475.3557935892838
1785162606,25,,Aggregated,8.100000,0.000000,14,18,25,31,57,100,190,990,8200,8700,8800,86457,38,14,107.39137497039309,3.2871540170162916,8849.846384022385,1475.4509409301734
1785162607,25,,Aggregated,8.300000,0.000000,14,18,25,31,57,100,190,990,8200,8700,8800,86463,38,14,107.4774893211334,3.2871540170162916,8849.846384022385,1475.4512450412315
1785162608,25,,Aggregated,7.800000,0.000000,14,18,25,31,57,100,190,990,8200,8700,8800,86482,38,14,107.45696081773414,3.2871540170162916,8849.846384022385,1475.3432274924262
1785162609,25,,Aggregated,7.900000,0.000000,14,18,25,31,57,100,190,990,8200,8700,8800,86485,38,14,107.45384108043704,3.2871540170162916,8849.846384022385,1475.3048621148175
1785162610,25,,Aggregated,7.300000,0.000000,14,18,25,31,57,100,190,1100,8200,8700,8800,86490,38,14,107.54104095367602,3.2871540170162916,8849.846384022385,1475.3721586310555
1785162611,25,,Aggregated,8.200000,0.000000,14,18,25,31,57,100,190,1100,8200,8700,8800,86500,38,14,107.52995070950747,3.2871540170162916,8849.846384022385,1475.23612716763
1785162612,25,,Aggregated,8.400000,0.000000,14,18,25,31,57,100,190,990,8200,8700,8800,86506,38,14,107.52417442600901,3.2871540170162916,8849.846384022385,1475.2359142718424
1785162613,25,,Aggregated,8.600000,0.000000,14,18,25,31,57,100,190,990,8200,8700,8800,86510,38,14,107.5198292532808,3.2871540170162916,8849.846384022385,1475.1797364466536
1785162614,25,,Aggregated,9.200000,0.000000,14,18,25,31,57,100,190,990,8200,8700,8800,86521,38,14,107.50925729623431,3.2871540170162916,8849.846384022385,1475.0801423931762
1785162615,25,,Aggregated,8.600000,0.000000,14,18,25,31,57,100,190,990,8200,8700,8800,86524,38,14,107.505914084062,3.2871540170162916,8849.846384022385,1475.2408464703435
1785162616,25,,Aggregated,8.500000,0.000000,14,18,25,31,57,100,190,990,8200,8700,8800,86527,38,14,107.50265152855543,3.2871540170162916,8849.846384022385,1475.3442624845425
1785162617,25,,Aggregated,8.200000,0.000000,14,18,25,31,57,100,190,990,8200,8700,8800,86536,38,14,107.49289481407506,3.2871540170162916,8849.846384022385,1475.5194485532033
1785162619,25,,Aggregated,7.500000,0.000000,14,18,25,31,57,100,190,990,8200,8700,8800,86539,38,14,107.48955358223118,3.2871540170162916,8849.846384022385,1475.680109545985
1785162620,25,,Aggregated,6.800000,0.000000,14,18,25,31,57,100,190,990,8200,8700,8800,86544,38,14,107.48396654121515,3.2871540170162916,8849.846384022385,1475.7493182658532
1785162621,25,,Aggregated,7.200000,0.000000,14,18,25,31,57,100,190,990,8200,8700,8800,86549,38,14,107.4784343273422,3.2871540170162916,8849.846384022385,1475.8856948087212
1785162622,25,,Aggregated,5.900000,0.000000,14,18,25,31,57,100,190,990,8200,8700,8800,86552,38,14,107.4754885113463,3.2871540170162916,8849.846384022385,1475.8760398373233
1785162623,25,,Aggregated,5.900000,0.000000,14,18,25,31,57,100,190,1100,8200,8700,8800,86564,38,14,107.55545731743233,3.2871540170162916,8849.846384022385,1475.864782126519
1785162624,25,,Aggregated,4.800000,0.000000,14,18,25,31,57,100,190,1100,8200,8700,8800,86579,38,14,107.53945473583843,3.2871540170162916,8849.846384022385,1475.6780743598333
1785162625,25,,Aggregated,4.800000,0.000000,14,18,25,31,57,100,190,1100,8200,8700,8800,86582,38,14,107.5360976478859,3.2871540170162916,8849.846384022385,1475.7053429119217
1785162626,25,,Aggregated,5.700000,0.000000,14,18,25,31,57,100,190,2100,8200,8700,8800,86588,38,14,107.62251676225522,3.2871540170162916,8849.846384022385,1475.710410218506
1785162627,25,,Aggregated,6.200000,0.000000,14,18,25,31,57,100,190,2100,8200,8700,8800,86600,38,14,107.60992813936605,3.2871540170162916,8849.846384022385,1475.7149653579677
1785162628,25,,Aggregated,6.100000,0.000000,14,18,25,31,57,100,190,1100,8200,8700,8800,86607,38,14,107.60237678734116,3.2871540170162916,8849.846384022385,1475.6207465909222
1785162629,25,,Aggregated,7.300000,0.000000,14,18,25,31,57,100,190,1100,8200,8700,8800,86613,38,14,107.59627542235206,3.2871540170162916,8849.846384022385,1475.5322757553715
1785162630,25,,Aggregated,7.100000,0.000000,14,18,25,31,57,100,190,1100,8200,8700,8800,86624,38,14,107.58423654986275,3.2871540170162916,8849.846384022385,1475.4109138345032
1785162631,25,,Aggregated,7.300000,0.000000,14,18,25,31,57,100,190,1100,8200,8700,8800,86642,38,14,107.56724160891878,3.2871540170162916,8849.846384022385,1475.3824011449412
1785162632,25,,Aggregated,7.900000,0.000000,14,18,25,31,57,100,190,1100,8200,8700,8800,86651,38,14,107.55818465509488,3.2871540170162916,8849.846384022385,1475.2779887133443
1785162633,25,,Aggregated,9.000000,0.000000,14,18,25,31,57,100,190,1100,8200,8700,8800,86658,38,14,107.55058837717326,3.2871540170162916,8849.846384022385,1475.1935885896282
1785162634,25,,Aggregated,9.900000,0.000000,14,18,25,31,57,100,190,2100,8200,8700,8800,86662,38,14,107.63871580553094,3.2871540170162916,8849.846384022385,1475.129099259191
1785162635,25,,Aggregated,9.300000,0.000000,14,18,25,31,57,100,190,2100,8200,8700,8800,86676,38,14,107.62364453681357,3.2871540170162916,8849.846384022385,1475.2934607042318
1785162636,25,,Aggregated,8.400000,0.000000,14,18,25,31,57,100,190,2100,8200,8700,8800,86678,38,14,107.62147805719914,3.2871540170162916,8849.846384022385,1475.4361545028728
1785162637,25,,Aggregated,9.000000,0.000000,14,18,25,31,57,100,190,2100,8200,8700,8800,86680,38,14,107.61934684911944,3.2871540170162916,8849.846384022385,1475.409736963544
1785162638,25,,Aggregated,8.900000,0.000000,14,18,25,31,57,100,190,2100,8200,8700,8800,86687,38,14,107.6115428565037,3.2871540170162916,8849.846384022385,1475.5907575530357
1785162639,25,,Aggregated,7.800000,0.000000,14,18,25,31,57,100,190,2100,8200,8700,8800,86690,38,14,107.60818373687509,3.2871540170162916,8849.846384022385,1475.5472142115584
1785162640,25,,Aggregated,7.800000,0.000000,14,18,25,31,57,100,190,2300,8200,8700,8800,86698,38,14,107.69203391724092,3.2871540170162916,8849.846384022385,1475.5093543103646
1785162641,25,,Aggregated,7.600000,0.000000,14,18,25,31,57,100,190,2100,8200,8700,8800,86701,38,14,107.68880963121268,3.2871540170162916,8849.846384022385,1475.4630511758803
1785162642,25,,Aggregated,7.300000,0.000000,14,18,25,31,57,100,190,2100,8200,8700,8800,86703,38,14,107.68763382148042,3.2871540170162916,8849.846384022385,1475.4643899288376
1785162643,25,,Aggregated,6.100000,0.000000,14,18,25,31,57,100,190,2100,8200,8700,8800,86710,38,14,107.67997519943967,3.2871540170162916,8849.846384022385,1475.5890324068735
1785162644,25,,Aggregated,5.200000,0.000000,14,18,25,31,57,100,190,2100,8200,8700,8800,86719,38,14,107.66991380202438,3.2871540170162916,8849.846384022385,1475.4847495935146
1785162645,25,,Aggregated,5.200000,0.000000,14,18,25,31,57,100,190,2100,8200,8700,8800,86740,38,14,107.64738185906619,3.2871540170162916,8849.846384022385,1475.3751095227115
1785162646,25,,Aggregated,5.100000,0.000000,14,18,25,31,57,100,190,2100,8200,8700,8800,86747,38,14,107.63996079951689,3.2871540170162916,8849.846384022385,1475.2884480154933
1785162647,25,,Aggregated,6.800000,0.000000,14,18,25,31,57,100,190,2100,8200,8700,8800,86759,38,14,107.62715640827709,3.2871540170162916,8849.846384022385,1475.2345808504017
1785162648,25,,Aggregated,6.800000,0.000000,14,18,25,31,57,100,190,2100,8200,8700,8800,86761,38,14,107.62502738592843,3.2871540170162916,8849.846384022385,1475.2770830211732
1785162649,25,,Aggregated,7.700000,0.000000,14,18,25,31,57,100,190,2100,8200,8700,8800,86774,38,14,107.61105365612002,3.2871540170162916,8849.846384022385,1475.1170511904488
1785162650,25,,Aggregated,7.600000,0.000000,14,18,25,31,57,100,190,1100,8200,8700,8800,86801,38,14,107.58331536785576,3.2871540170162916,8849.846384022385,1475.1350214859276
1785162651,25,,Aggregated,7.600000,0.000000,14,18,25,31,57,100,190,1100,8200,8700,8800,86806,38,14,107.57810941522008,3.2871540170162916,8849.846384022385,1475.0731861852867
1785162652,25,,Aggregated,9.600000,0.000000,14,18,25,31,57,100,190,1100,8200,8700,8800,86809,38,14,107.5748468165605,3.2871540170162916,8849.846384022385,1475.1891393749495
1785162653,25,,Aggregated,10.100000,0.000000,14,18,25,31,57,100,190,1100,8200,8700,8800,86811,38,14,107.5726968574237,3.2871540170162916,8849.846384022385,1475.1651864395064
1785162654,25,,Aggregated,10.500000,0.000000,14,18,25,31,57,100,190,1100,8200,8700,8800,86819,38,14,107.5654209761533,3.2871540170162916,8849.846384022385,1475.4179154332578
1785162655,25,,Aggregated,10.000000,0.000000,14,18,25,31,57,100,190,1100,8200,8700,8800,86828,38,14,107.555639050838,3.2871540170162916,8849.846384022385,1475.3712742433318
1785162656,25,,Aggregated,10.200000,0.000000,14,18,25,31,57,100,190,1100,8200,8700,8800,86834,38,14,107.54917329032736,3.2871540170162916,8849.846384022385,1475.3031761752309
1785162657,25,,Aggregated,8.700000,0.000000,14,18,25,31,57,100,190,1100,8200,8700,8800,86851,38,14,107.53112313800824,3.2871540170162916,8849.846384022385,1475.2639002429448
1785162658,25,,Aggregated,8.800000,0.000000,14,18,25,31,57,100,190,1100,8200,8700,8800,86866,38,14,107.51514525978052,3.2871540170162916,8849.846384022385,1475.2142265097966
1785162659,25,,Aggregated,8.500000,0.000000,14,18,25,31,57,100,190,1100,8200,8700,8800,86874,38,14,107.50650079323505,3.2871540170162916,8849.846384022385,1475.2492920781822
1785162660,25,,Aggregated,9.500000,0.000000,14,18,25,31,57,100,190,1100,8200,8700,8800,86876,38,14,107.5054569169434,3.2871540170162916,8849.846384022385,1475.233171416732
1785162661,25,,Aggregated,10.400000,0.000000,14,18,25,31,57,100,190,1100,8200,8700,8800,86885,38,14,107.49572034914074,3.2871540170162916,8849.846384022385,1475.130736030385
1785162662,25,,Aggregated,8.300000,0.000000,14,18,25,31,57,100,190,1100,8200,8700,8800,86892,38,14,107.48871958685558,3.2871540170162916,8849.846384022385,1475.065345486351
1785162663,25,,Aggregated,8.300000,0.000000,14,18,25,31,57,100,190,1100,8200,8700,8800,86900,38,14,107.48000573366076,3.2871540170162916,8849.846384022385,1475.0032336018412
1785162664,25,,Aggregated,7.900000,0.000000,14,18,25,31,57,100,190,990,8200,8700,8800,86906,38,14,107.47336139529969,3.2871540170162916,8849.846384022385,1474.9357121487585
1785162665,25,,Aggregated,8.300000,0.000000,14,18,25,31,57,100,190,990,8200,8700,8800,86914,38,14,107.46465807574383,3.2871540170162916,8849.846384022385,1474.962169500886
1785162666,25,,Aggregated,8.700000,0.000000,14,18,25,31,57,100,190,990,8200,8700,8800,86928,38,14,107.44966330526998,3.2871540170162916,8849.846384022385,1474.9477383581816
1785162667,25,,Aggregated,8.300000,0.000000,14,18,25,31,57,100,190,990,8200,8700,8800,86939,38,14,107.43784441090519,3.2871540170162916,8849.846384022385,1474.9400154131058
1785162668,25,,Aggregated,9.000000,0.000000,14,18,25,31,57,100,190,990,8200,8700,8800,86947,38,14,107.42954528786093,3.2871540170162916,8849.846384022385,1474.851277214855
1785162669,25,,Aggregated,8.900000,0.000000,14,18,25,31,57,100,190,990,8200,8700,8800,86953,38,14,107.42322366392692,3.2871540170162916,8849.846384022385,1474.9162996101343
1785162670,25,,Aggregated,8.300000,0.000000,14,18,25,31,57,100,190,990,8200,8700,8800,86957,38,14,107.41914246215285,3.2871540170162916,8849.846384022385,1474.8656577388824
1785162671,25,,Aggregated,8.100000,0.000000,14,18,25,31,57,100,190,990,8200,8700,8800,86969,38,14,107.4061991314751,3.2871540170162916,8849.846384022385,1474.7159792569767
1785162672,25,,Aggregated,8.000000,0.000000,14,18,25,31,57,100,190,990,8200,8700,8800,86976,38,14,107.39854515968632,3.2871540170162916,8849.846384022385,1474.6423726085357
1785162673,25,,Aggregated,7.300000,0.000000,14,18,25,31,57,100,190,990,8200,8700,8800,86981,38,14,107.39300185450509,3.2871540170162916,8849.846384022385,1474.8544049849968
1785162674,25,,Aggregated,8.500000,0.000000,14,18,25,31,57,100,190,990,8200,8700,8800,86985,38,14,107.38863088671555,3.2871540170162916,8849.846384022385,1475.0043685692935
1785162675,25,,Aggregated,8.400000,0.000000,14,18,25,31,57,100,190,1100,8200,8700,8800,86989,38,14,107.47654922170301,3.2871540170162916,8849.846384022385,1475.1060363954064
1785162676,25,,Aggregated,8.100000,0.000000,14,18,25,31,57,100,190,1100,8200,8700,8800,86993,38,14,107.47215462816565,3.2871540170162916,8849.846384022385,1475.2561700366696
1785162678,25,,Aggregated,7.500000,0.000000,14,18,25,31,57,100,190,990,8200,8700,8800,87001,38,14,107.4632113838327,3.2871540170162916,8849.846384022385,1475.4313628578982
1785162679,25,,Aggregated,7.100000,0.000000,14,18,25,31,57,100,190,990,8200,8700,8800,87003,38,14,107.46102829272341,3.2871540170162916,8849.846384022385,1475.4694435824051
1785162680,25,,Aggregated,6.400000,0.000000,14,18,25,31,57,100,190,990,8200,8700,8800,87004,38,14,107.45992082764903,3.2871540170162916,8849.846384022385,1475.5924095443888
1785162681,25,,Aggregated,6.200000,0.000000,14,18,25,31,57,100,190,990,8200,8700,8800,87013,38,14,107.45013714253969,3.2871540170162916,8849.846384022385,1475.8062358498155
1785162682,25,,Aggregated,5.400000,0.000000,14,18,25,31,57,100,190,990,8200,8700,8800,87022,38,14,107.44038035014007,3.2871540170162916,8849.846384022385,1475.9500356231758
1785162683,25,,Aggregated,5.600000,0.000000,14,18,25,31,57,100,190,1100,8200,8700,8800,87026,38,14,107.52809946027264,3.2871540170162916,8849.846384022385,1475.9715602233816
1785162684,25,,Aggregated,5.100000,0.000000,14,18,25,31,57,100,190,2100,8200,8700,8800,87035,38,14,107.6105994530087,3.2871540170162916,8849.846384022385,1476.0097202274947
1785162685,25,,Aggregated,5.100000,0.000000,14,18,25,31,57,100,190,2100,8200,8700,8800,87042,38,14,107.60309728265342,3.2871540170162916,8849.846384022385,1475.9520920934722
1785162686,25,,Aggregated,5.200000,0.000000,14,18,25,31,57,100,190,2300,8200,8700,8800,87056,38,14,107.68033570630398,3.2871540170162916,8849.846384022385,1475.8569196838816
1785162687,25,,Aggregated,5.700000,0.000000,14,18,25,31,57,100,190,2300,8200,8700,8800,87064,38,14,107.67186886848177,3.2871540170162916,8849.846384022385,1475.7660801249656
1785162688,25,,Aggregated,6.000000,0.000000,14,18,25,31,57,100,190,2300,8200,8700,8800,87069,38,14,107.66658674670126,3.2871540170162916,8849.846384022385,1475.7072551654435
1785162689,25,,Aggregated,6.600000,0.000000,14,18,25,31,57,100,190,2300,8200,8700,8800,87071,38,14,107.66433552107824,3.2871540170162916,8849.846384022385,1475.7440594457396
1785162690,25,,Aggregated,6.600000,0.000000,14,18,25,31,57,100,190,2300,8200,8700,8800,87084,38,14,107.6502137052238,3.2871540170162916,8849.846384022385,1476.0464608883376
1785162691,25,,Aggregated,6.700000,0.000000,14,18,25,31,57,100,190,2300,8200,8700,8800,87095,38,14,107.63870535180843,3.2871540170162916,8849.846384022385,1475.9951202709685
1785162692,25,,Aggregated,7.300000,0.000000,14,18,25,31,57,100,190,2100,8200,8700,8800,87108,38,14,107.62443390397966,3.2871540170162916,8849.846384022385,1475.8499448959913
1785162693,25,,Aggregated,7.900000,0.000000,14,18,25,31,57,100,190,2100,8200,8700,8800,87120,38,14,107.61144712846448,3.2871540170162916,8849.846384022385,1475.7213154269973
1785162694,25,,Aggregated,8.000000,0.000000,14,18,25,31,57,100,190,2100,8200,8700,8800,87125,38,14,107.60618771741186,3.2871540170162916,8849.846384022385,1475.8752711621235
1785162695,25,,Aggregated,9.300000,0.000000,14,18,25,31,57,100,190,2100,8200,8700,8800,87127,38,14,107.60400974269083,3.2871540170162916,8849.846384022385,1475.8431829398464
1785162696,25,,Aggregated,9.000000,0.000000,14,18,25,31,57,100,190,2100,8200,8700,8800,87134,38,14,107.59623604490211,3.2871540170162916,8849.846384022385,1475.884212821631
1785162697,25,,Aggregated,8.400000,0.000000,14,18,25,31,57,100,190,2100,8200,8700,8800,87146,38,14,107.58368137725202,3.2871540170162916,8849.846384022385,1475.73445711794
1785162698,25,,Aggregated,8.200000,0.000000,14,18,25,31,57,100,190,2100,8200,8700,8800,87153,38,14,107.57657516621757,3.2871540170162916,8849.846384022385,1475.6450380365563
1785162699,25,,Aggregated,8.200000,0.000000,14,18,25,31,57,100,190,2100,8200,8700,8800,87168,38,14,107.56064957547768,3.2871540170162916,8849.846384022385,1475.4594231828194
1785162700,25,,Aggregated,8.100000,0.000000,14,18,25,31,57,100,190,2300,8200,8700,8800,87178,38,14,107.6418481927695,3.2871540170162916,8849.846384022385,1475.5330358576705
1785162701,25,,Aggregated,9.500000,0.000000,14,18,25,31,57,100,190,2300,8200,8700,8800,87183,38,14,107.63827968461084,3.2871540170162916,8849.846384022385,1475.630111374924
1785162702,25,,Aggregated,9.500000,0.000000,14,18,25,31,57,100,190,2300,8200,8700,8800,87188,38,14,107.632730045715,3.2871540170162916,8849.846384022385,1475.7732944900674
1785162703,25,,Aggregated,9.000000,0.000000,14,18,25,31,57,100,190,2300,8200,8700,8800,87190,38,14,107.63055402188175,3.2871540170162916,8849.846384022385,1475.773953435027
1785162704,25,,Aggregated,8.200000,0.000000,14,18,25,31,57,100,190,2300,8200,8700,8800,87194,38,14,107.62636351768388,3.2871540170162916,8849.846384022385,1475.792015505654
1785162705,25,,Aggregated,7.000000,0.000000,14,18,25,31,57,100,190,2100,8200,8700,8800,87201,38,14,107.61887044761725,3.2871540170162916,8849.846384022385,1475.8376394766115
1785162706,25,,Aggregated,6.900000,0.000000,14,18,25,31,57,100,190,2300,8200,8700,8800,87207,38,14,107.7044169330654,3.2871540170162916,8849.846384022385,1475.7933881454471
1785162707,25,,Aggregated,6.900000,0.000000,14,18,25,31,57,100,190,2300,8200,8700,8800,87211,38,14,107.7000591843936,3.2871540170162916,8849.846384022385,1475.815287062412
1785162708,25,,Aggregated,7.300000,0.000000,14,18,25,31,57,100,190,2300,8200,8700,8800,87220,38,14,107.69030589825924,3.2871540170162916,8849.846384022385,1475.7154093097913
1785162709,25,,Aggregated,6.600000,0.000000,14,18,25,31,57,100,190,2800,8200,8700,8800,87231,38,14,107.77045338340793,3.2871540170162916,8849.846384022385,1475.5752656739003
1785162710,25,,Aggregated,6.500000,0.000000,14,18,25,31,57,100,190,3100,8200,8700,8800,87237,38,14,107.8563478704446,3.2871540170162916,8849.846384022385,1475.4979079977531
1785162711,25,,Aggregated,6.200000,0.000000,14,18,25,31,57,100,190,3100,8200,8700,8800,87243,38,14,107.8498470161721,3.2871540170162916,8849.846384022385,1475.642458420733
1785162712,25,,Aggregated,5.900000,0.000000,14,18,25,31,57,100,190,3100,8200,8700,8800,87247,38,14,107.84545321305632,3.2871540170162916,8849.846384022385,1475.7278874918336
1785162713,25,,Aggregated,5.600000,0.000000,14,18,25,31,57,100,190,3100,8200,8700,8800,87248,38,14,107.84433694325917,3.2871540170162916,8849.846384022385,1475.7112483953788
1785162714,25,,Aggregated,6.000000,0.000000,14,18,25,31,57,100,190,3100,8200,8700,8800,87256,38,14,107.83731979038372,3.2871540170162916,8849.846384022385,1475.8554368754012
1785162715,25,,Aggregated,5.900000,0.000000,14,18,25,31,57,100,190,3900,8200,8700,8800,87262,38,14,107.92273168674355,3.2871540170162916,8849.846384022385,1475.782184685201
1785162716,25,,Aggregated,5.900000,0.000000,14,18,25,31,57,100,190,3900,8200,8700,8800,87262,38,14,107.92273168674355,3.2871540170162916,8849.846384022385,1475.782184685201
1785162717,25,,Aggregated,6.200000,0.000000,14,18,25,31,57,100,190,3900,8200,8700,8800,87269,38,14,107.91520197371403,3.2871540170162916,8849.846384022385,1475.7386013360988
1785162718,25,,Aggregated,5.800000,0.000000,14,18,25,31,57,100,190,3900,8200,8700,8800,87273,38,14,107.91085082126119,3.2871540170162916,8849.846384022385,1475.7819142231847
1785162719,25,,Aggregated,5.500000,0.000000,14,18,25,31,57,100,190,3900,8200,8700,8800,87283,38,14,107.90005123304826,3.2871540170162916,8849.846384022385,1475.8424091747534
1785162720,25,,Aggregated,5.600000,0.000000,14,18,25,31,57,100,190,4400,8200,8700,8800,87285,38,14,107.98974480854896,3.2871540170162916,8849.846384022385,1475.8803574497335
1785162721,25,,Aggregated,4.900000,0.000000,14,18,25,31,57,100,190,4500,8200,8700,8800,87294,38,14,108.07202532486151,3.2871540170162916,8849.846384022385,1475.792700529246
1785162722,25,,Aggregated,5.200000,0.000000,14,18,25,31,57,100,190,4500,8200,8700,8800,87298,38,14,108.07104679192388,3.2871540170162916,8849.846384022385,1475.7386538065018
1785162723,25,,Aggregated,4.900000,0.000000,14,18,25,31,57,100,190,4400,8200,8700,8800,87303,38,14,108.065801163964,3.2871540170162916,8849.846384022385,1475.935088141301
1785162725,25,,Aggregated,5.000000,0.000000,14,18,25,31,57,100,190,4400,8200,8700,8800,87309,38,14,108.05916525624012,3.2871540170162916,8849.846384022385,1475.8580902312476
1785162726,25,,Aggregated,5.200000,0.000000,14,18,25,31,57,100,190,4400,8200,8700,8800,87322,38,14,108.04558686779606,3.2871540170162916,8849.846384022385,1475.8462701266576
1785162727,25,,Aggregated,5.400000,0.000000,14,18,25,31,57,100,190,4400,8200,8700,8800,87332,38,14,108.03503075720296,3.2871540170162916,8849.846384022385,1476.0564168918609
1785162728,25,,Aggregated,6.000000,0.000000,14,18,25,31,57,100,190,4400,8200,8700,8800,87341,38,14,108.02578409444236,3.2871540170162916,8849.846384022385,1475.9574655659999
1785162729,25,,Aggregated,6.000000,0.000000,14,18,25,31,57,100,190,4400,8200,8700,8800,87343,38,14,108.0235629220727,3.2871540170162916,8849.846384022385,1475.9332745612128
1785162730,25,,Aggregated,7.000000,0.000000,14,18,25,31,57,100,190,4400,8200,8700,8800,87346,38,14,108.02043741202135,3.2871540170162916,8849.846384022385,1475.8871156091864
1785162731,25,,Aggregated,6.700000,0.000000,14,18,25,31,57,100,190,4400,8200,8700,8800,87354,38,14,108.01188015061204,3.2871540170162916,8849.846384022385,1475.880474849463
1785162732,25,,Aggregated,6.700000,0.000000,14,18,25,31,57,100,190,4400,8200,8700,8800,87359,38,14,108.0065874248841,3.2871540170162916,8849.846384022385,1475.8100939800136
1785162733,25,,Aggregated,6.300000,0.000000,14,18,25,31,57,100,190,4400,8200,8700,8800,87363,38,14,108.00235166323772,3.2871540170162916,8849.846384022385,1475.9116330712086
1785162734,25,,Aggregated,6.500000,0.000000,14,18,25,31,57,100,190,4400,8200,8700,8800,87372,38,14,107.9925897547696,3.2871540170162916,8849.846384022385,1475.9370393261
1785162735,25,,Aggregated,6.500000,0.000000,14,18,25,31,57,100,190,4400,8200,8700,8800,87375,38,14,107.98922803343537,3.2871540170162916,8849.846384022385,1475.8982203147352
1785162736,25,,Aggregated,6.400000,0.000000,14,18,25,31,57,100,190,4400,8200,8700,8800,87386,38,14,107.9773226266956,3.2871540170162916,8849.846384022385,1475.7854576247912
1785162737,25,,Aggregated,6.600000,0.000000,14,18,25,31,57,100,190,4400,8200,8700,8800,87393,38,14,107.9696746185016,3.2871540170162916,8849.846384022385,1475.7245660407584
1785162738,25,,Aggregated,6.600000,0.000000,14,18,25,31,57,100,190,4400,8200,8700,8800,87399,38,14,107.96313664728893,3.2871540170162916,8849.846384022385,1475.8192198995412
1785162739,25,,Aggregated,6.000000,0.000000,14,18,25,31,57,100,190,3900,8200,8700,8800,87423,38,14,107.93780071051297,3.2871540170162916,8849.846384022385,1475.5283621015064
1785162740,25,,Aggregated,6.000000,0.000000,14,18,25,31,57,100,190,3900,8200,8700,8800,87436,38,14,107.92636463872014,3.2871540170162916,8849.846384022385,1475.5579738322888
1785162741,25,,Aggregated,7.200000,0.000000,14,18,25,31,57,100,190,3900,8200,8700,8800,87449,38,14,107.91230161281946,3.2871540170162916,8849.846384022385,1475.558851444842
1785162742,25,,Aggregated,8.600000,0.000000,14,18,25,31,57,100,190,3900,8200,8700,8800,87457,38,14,107.90363061014398,3.2871540170162916,8849.846384022385,1475.5536320706176
1785162743,25,,Aggregated,8.700000,0.000000,14,18,25,31,57,100,190,3900,8200,8700,8800,87459,38,14,107.90158427744036,3.2871540170162916,8849.846384022385,1475.618003864668
1785162744,25,,Aggregated,8.700000,0.000000,14,18,25,31,57,100,190,3900,8200,8700,8800,87461,38,14,107.89936635201504,3.2871540170162916,8849.846384022385,1475.65464607082
1785162745,25,,Aggregated,9.400000,0.000000,14,18,25,31,57,100,190,3900,8200,8700,8800,87466,38,14,107.89427130086492,3.2871540170162916,8849.846384022385,1475.613724189971
1785162746,25,,Aggregated,9.000000,0.000000,14,18,25,31,57,100,190,3900,8200,8700,8800,87475,38,14,107.8845861242037,3.2871540170162916,8849.846384022385,1475.7688253786796
1785162747,25,,Aggregated,9.100000,0.000000,14,18,25,31,57,100,190,3900,8200,8700,8800,87486,38,14,107.87285757638736,3.2871540170162916,8849.846384022385,1475.7047527604416
1785162748,25,,Aggregated,8.700000,0.000000,14,18,25,31,57,100,190,3900,8200,8700,8800,87493,38,14,107.86589968861111,3.2871540170162916,8849.846384022385,1475.5996136833803
1785162749,25,,Aggregated,9.200000,0.000000,14,18,25,31,57,100,190,3900,8200,8700,8800,87497,38,14,107.86154358526315,3.2871540170162916,8849.846384022385,1475.7090414528498
1785162750,25,,Aggregated,9.100000,0.000000,14,18,25,31,57,100,190,3100,8200,8700,8800,87509,38,14,107.84847743774188,3.2871540170162916,8849.846384022385,1475.5932418379823
1785162751,25,,Aggregated,8.100000,0.000000,14,18,25,31,57,100,190,3100,8200,8700,8800,87514,38,14,107.8431363742491,3.2871540170162916,8849.846384022385,1475.5333889434833
1785162752,25,,Aggregated,6.800000,0.000000,14,18,25,31,57,100,190,3100,8200,8700,8800,87522,38,14,107.83477978077941,3.2871540170162916,8849.846384022385,1475.430943077169
1785162753,25,,Aggregated,7.300000,0.000000,14,18,25,31,57,100,190,3100,8200,8700,8800,87536,38,14,107.81967739603581,3.2871540170162916,8849.846384022385,1475.2854140010968
1785162754,25,,Aggregated,6.800000,0.000000,14,18,25,31,57,100,190,3100,8200,8700,8800,87546,38,14,107.80899296043954,3.2871540170162916,8849.846384022385,1475.2955360610422
1785162755,25,,Aggregated,7.300000,0.000000,14,18,25,31,57,100,190,3100,8200,8700,8800,87559,38,14,107.79499326649687,3.2871540170162916,8849.846384022385,1475.2642675224706
1785162756,25,,Aggregated,7.300000,0.000000,14,18,25,31,57,100,190,3100,8200,8700,8800,87563,38,14,107.79080873178403,3.2871540170162916,8849.846384022385,1475.2284526569442
1785162757,25,,Aggregated,8.900000,0.000000,14,18,25,31,57,100,190,3100,8200,8700,8800,87566,38,14,107.78755009422966,3.2871540170162916,8849.846384022385,1475.1950186145307
1785162758,25,,Aggregated,9.000000,0.000000,14,18,25,31,57,100,190,3100,8200,8700,8800,87574,38,14,107.77906823948062,3.2871540170162916,8849.846384022385,1475.3688423504693
1785162759,25,,Aggregated,8.100000,0.000000,14,18,25,31,57,100,190,3100,8200,8700,8800,87588,38,14,107.76437617441857,3.2871540170162916,8849.846384022385,1475.1988514408367
1785162760,25,,Aggregated,8.100000,0.000000,14,18,25,31,57,100,190,3100,8200,8700,8800,87590,38,14,107.76216011250217,3.2871540170162916,8849.846384022385,1475.1726452791415
1785162761,25,,Aggregated,8.700000,0.000000,14,18,25,31,57,100,190,3100,8200,8700,8800,87599,38,14,107.75218987166735,3.2871540170162916,8849.846384022385,1475.2127535702462
1785162762,25,,Aggregated,9.000000,0.000000,14,18,25,31,57,100,190,2800,8200,8700,8800,87604,38,14,107.74672552557163,3.2871540170162916,8849.846384022385,1475.2196817496917
1785162763,25,,Aggregated,7.800000,0.000000,14,18,25,31,57,100,190,2800,8200,8700,8800,87615,38,14,107.73519079707641,3.2871540170162916,8849.846384022385,1475.4567596872682
1785162764,25,,Aggregated,8.100000,0.000000,14,18,25,31,57,100,190,2800,8200,8700,8800,87618,38,14,107.73188652597601,3.2871540170162916,8849.846384022385,1475.4181903261888
1785162765,25,,Aggregated,8.000000,0.000000,14,18,25,31,57,100,190,2800,8200,8700,8800,87624,38,14,107.72527502018859,3.2871540170162916,8849.846384022385,1475.3263603578928
1785162766,25,,Aggregated,8.000000,0.000000,14,18,25,31,57,100,190,2800,8200,8700,8800,87630,38,14,107.71865212345462,3.2871540170162916,8849.846384022385,1475.5886112062078
1785162767,25,,Aggregated,6.800000,0.000000,14,18,25,31,57,100,190,2800,8200,8700,8800,87635,38,14,107.71422242167526,3.2871540170162916,8849.846384022385,1475.6598048724825
1785162768,25,,Aggregated,6.400000,0.000000,14,18,25,31,57,100,190,2800,8200,8700,8800,87636,38,14,107.71311442614336,3.2871540170162916,8849.846384022385,1475.7818818750286
1785162769,25,,Aggregated,6.500000,0.000000,14,18,25,31,57,100,190,2800,8200,8700,8800,87642,38,14,107.70685456722491,3.2871540170162916,8849.846384022385,1475.773282216289
1785162770,25,,Aggregated,6.400000,0.000000,14,18,25,31,57,100,190,2800,8200,8700,8800,87647,38,14,107.70149370737661,3.2871540170162916,8849.846384022385,1475.8710052825538
1785162771,25,,Aggregated,5.400000,0.000000,14,18,25,31,57,100,190,2800,8200,8700,8800,87655,38,14,107.6928587176975,3.2871540170162916,8849.846384022385,1475.9103987222634
1785162772,25,,Aggregated,5.400000,0.000000,14,18,25,31,57,100,190,2800,8200,8700,8800,87664,38,14,107.6831514101039,3.2871540170162916,8849.846384022385,1475.8552427450265
1785162773,25,,Aggregated,5.800000,0.000000,14,18,25,31,57,100,190,2800,8200,8700,8800,87676,38,14,107.67051687828007,3.2871540170162916,8849.846384022385,1475.7453236917743
1785162774,25,,Aggregated,5.300000,0.000000,14,18,25,31,57,100,190,2800,8200,8700,8800,87688,38,14,107.65756568069722,3.2871540170162916,8849.846384022385,1475.7490078459994
1785162775,25,,Aggregated,5.800000,0.000000,14,18,25,31,57,100,190,2300,8200,8700,8800,87701,38,14,107.64370777721865,3.2871540170162916,8849.846384022385,1475.7191480142758
1785162776,25,,Aggregated,6.100000,0.000000,14,18,25,31,57,100,190,2300,8200,8700,8800,87705,38,14,107.63933759583924,3.2871540170162916,8849.846384022385,1475.8611139615757
1785162777,25,,Aggregated,6.500000,0.000000,14,18,25,31,57,100,190,2300,8200,8700,8800,87706,38,14,107.6382467181598,3.2871540170162916,8849.846384022385,1475.9830912366315
1785162778,25,,Aggregated,7.400000,0.000000,14,18,25,31,57,100,190,2300,8200,8700,8800,87716,38,14,107.6276920771601,3.2871540170162916,8849.846384022385,1475.9971042911213
1785162779,25,,Aggregated,7.500000,0.000000,14,18,25,31,57,100,190,2300,8200,8700,8800,87735,38,14,107.60770988132175,3.2871540170162916,8849.846384022385,1476.0951045762808
1785162780,25,,Aggregated,7.200000,0.000000,14,18,25,31,57,100,190,2300,8200,8700,8800,87751,38,14,107.59148538536894,3.2871540170162916,8849.846384022385,1475.8967988968786
1785162782,25,,Aggregated,7.900000,0.000000,14,18,25,31,57,100,190,2800,8200,8700,8800,87761,38,14,107.6745158642898,3.2871540170162916,8849.846384022385,1475.7691571426944
1785162783,25,,Aggregated,9.100000,0.000000,14,18,25,31,57,100,190,2800,8200,8700,8800,87764,38,14,107.67122611006769,3.2871540170162916,8849.846384022385,1475.7370334077755
1785162784,25,,Aggregated,10.300000,0.000000,14,18,25,31,57,100,190,2800,8200,8700,8800,87765,38,14,107.6702102176018,3.2871540170162916,8849.846384022385,1475.746584629408
1785162785,25,,Aggregated,9.500000,0.000000,14,18,25,31,57,100,190,2800,8200,8700,8800,87785,38,14,107.64866212865681,3.2871540170162916,8849.846384022385,1475.506635529988
1785162786,25,,Aggregated,8.800000,0.000000,14,18,25,31,57,100,190,2800,8200,8700,8800,87791,38,14,107.64244860553093,3.2871540170162916,8849.846384022385,1475.511749495962
1785162787,25,,Aggregated,8.800000,0.000000,14,18,25,31,57,100,190,2800,8200,8700,8800,87796,38,14,107.63710204741932,3.2871540170162916,8849.846384022385,1475.5770991844731
1785162788,25,,Aggregated,9.300000,0.000000,14,18,25,31,57,100,190,2800,8200,8700,8800,87800,38,14,107.63318280261147,3.2871540170162916,8849.846384022385,1475.5526082004556
1785162789,25,,Aggregated,9.100000,0.000000,14,18,25,31,57,100,190,2300,8200,8700,8800,87808,38,14,107.62460743517984,3.2871540170162916,8849.846384022385,1475.5887732325073
1785162790,25,,Aggregated,9.300000,0.000000,14,18,25,31,57,100,190,2300,8200,8700,8800,87811,38,14,107.62133196640778,3.2871540170162916,8849.846384022385,1475.7471045768752
1785162791,25,,Aggregated,8.700000,0.000000,14,18,25,31,57,100,190,2300,8200,8700,8800,87816,38,14,107.61772041390066,3.2871540170162916,8849.846384022385,1475.6894529470712
1785162792,25,,Aggregated,7.500000,0.000000,14,18,25,31,57,100,190,3900,8200,8700,8800,87829,38,14,107.8800689907754,3.2871540170162916,8849.846384022385,1475.6231313119813
1785162793,25,,Aggregated,6.400000,0.000000,14,18,25,31,57,100,190,3900,8200,8700,8800,87834,38,14,107.87479958768557,3.2871540170162916,8849.846384022385,1475.5653050071726
1785162794,25,,Aggregated,6.700000,0.000000,14,18,25,31,57,100,190,3900,8200,8700,8800,87839,38,14,107.86938170370573,3.2871540170162916,8849.846384022385,1475.5007001445827
1785162795,25,,Aggregated,6.800000,0.000000,14,18,25,31,57,100,190,4400,8200,8700,8800,87845,38,14,107.95430397802544,3.2871540170162916,8849.846384022385,1475.417314588195
1785162796,25,,Aggregated,7.300000,0.000000,14,18,25,31,57,100,190,4500,8200,8700,8800,87853,38,14,108.0370000841518,3.2871540170162916,8849.846384022385,1475.3242006533642
1785162797,25,,Aggregated,6.000000,0.000000,14,18,25,31,57,100,190,4500,8200,8700,8800,87862,38,14,108.02717691389677,3.2871540170162916,8849.846384022385,1475.2296442147913
1785162798,25,,Aggregated,6.000000,0.000000,14,18,25,31,57,100,190,4500,8200,8700,8800,87867,38,14,108.02168991185502,3.2871540170162916,8849.846384022385,1475.166899973824
1785162799,25,,Aggregated,6.200000,0.000000,14,18,25,31,57,100,190,4500,8200,8700,8800,87875,38,14,108.01325692029228,3.2871540170162916,8849.846384022385,1475.1591578947368
1785162800,25,,Aggregated,6.700000,0.000000,14,18,25,31,57,100,190,4500,8200,8700,8800,87881,38,14,108.00681422554618,3.2871540170162916,8849.846384022385,1475.084113744723
1785162801,25,,Aggregated,6.900000,0.000000,14,18,25,31,57,100,190,4500,8200,8700,8800,87885,38,14,108.00272805351916,3.2871540170162916,8849.846384022385,1475.0302099334358
1785162802,25,,Aggregated,7.000000,0.000000,14,18,25,31,57,100,190,4500,8200,8700,8800,87893,38,14,107.99415345509459,3.2871540170162916,8849.846384022385,1474.9887704367811
1785162803,25,,Aggregated,7.000000,0.000000,14,18,25,31,57,100,190,4800,8200,8700,8800,87895,38,14,108.08312419775567,3.2871540170162916,8849.846384022385,1474.9569827635246
1785162804,25,,Aggregated,6.400000,0.000000,14,18,25,31,57,100,190,4500,8200,8700,8800,87908,38,14,108.06916593215583,3.2871540170162916,8849.846384022385,1475.0901510670246
1785162805,25,,Aggregated,6.300000,0.000000,14,18,25,31,57,100,190,4500,8200,8700,8800,87912,38,14,108.06484056559631,3.2871540170162916,8849.846384022385,1475.0709004459004
1785162806,25,,Aggregated,6.500000,0.000000,14,18,25,31,57,100,190,4500,8200,8700,8800,87919,38,14,108.05725777626716,3.2871540170162916,8849.846384022385,1474.9818810496024
1785162807,25,,Aggregated,6.900000,0.000000,14,18,25,31,57,100,190,4500,8200,8700,8800,87924,38,14,108.05191590381081,3.2871540170162916,8849.846384022385,1475.0494404258222
1785162808,25,,Aggregated,6.500000,0.000000,14,18,25,31,57,100,190,4500,8200,8700,8800,87930,38,14,108.04550892657122,3.2871540170162916,8849.846384022385,1474.9911065620379
1785162809,25,,Aggregated,6.200000,0.000000,14,18,25,31,57,100,190,4500,8200,8700,8800,87939,38,14,108.03566236737333,3.2871540170162916,8849.846384022385,1475.1699359783486
1785162810,25,,Aggregated,6.000000,0.000000,14,18,25,31,57,100,190,4500,8200,8700,8800,87944,38,14,108.03011837258242,3.2871540170162916,8849.846384022385,1475.182809515146
1785162811,25,,Aggregated,6.200000,0.000000,14,18,25,31,57,100,190,4500,8200,8700,8800,87946,38,14,108.02801511667629,3.2871540170162916,8849.846384022385,1475.2204875719192
1785162812,25,,Aggregated,6.200000,0.000000,14,18,25,31,57,100,190,4500,8200,8700,8800,87952,38,14,108.02167247312636,3.2871540170162916,8849.846384022385,1475.2825632162999
1785162813,25,,Aggregated,6.200000,0.000000,14,18,25,31,57,100,190,4800,8200,8700,8800,87963,38,14,108.101361617609,3.2871540170162916,8849.846384022385,1475.3496583790911
1785162814,25,,Aggregated,6.000000,0.000000,14,18,25,31,57,100,190,4800,8200,8700,8800,87965,38,14,108.09947282408274,3.2871540170162916,8849.846384022385,1475.4139259932929
1785162815,25,,Aggregated,5.900000,0.000000,14,18,25,31,57,100,190,4800,8200,8700,8800,87971,38,14,108.09319949560675,3.2871540170162916,8849.846384022385,1475.434006661286
1785162816,25,,Aggregated,6.100000,0.000000,14,18,25,31,57,100,190,4800,8200,8700,8800,87976,38,14,108.08840664118289,3.2871540170162916,8849.846384022385,1475.6284782213331
1785162817,25,,Aggregated,6.000000,0.000000,14,18,25,31,57,100,190,4800,8200,8700,8800,87977,38,14,108.08733129327614,3.2871540170162916,8849.846384022385,1475.750082407902
1785162818,25,,Aggregated,5.600000,0.000000,14,18,25,31,57,100,190,5000,8200,8700,8800,87986,38,14,108.17036911015785,3.2871540170162916,8849.846384022385,1475.8428272679744
1785162819,25,,Aggregated,5.600000,0.000000,14,18,25,31,57,100,190,5000,8200,8700,8800,87990,38,14,108.2573043307547,3.2871540170162916,8849.846384022385,1475.8075804068644
1785162820,25,,Aggregated,5.200000,0.000000,14,18,25,31,57,100,190,5000,8200,8700,8800,87997,38,14,108.24979105134604,3.2871540170162916,8849.846384022385,1475.7227973680922
1785162821,25,,Aggregated,5.300000,0.000000,14,18,25,31,57,100,190,5000,8200,8700,8800,88001,38,14,108.24550993904829,3.2871540170162916,8849.846384022385,1475.7423892910308
1785162822,25,,Aggregated,4.800000,0.000000,14,18,25,31,57,100,190,5000,8200,8700,8800,88007,38,14,108.23904058481875,3.2871540170162916,8849.846384022385,1475.8245253218495
1785162823,25,,Aggregated,5.400000,0.000000,14,18,25,31,57,100,190,5000,8200,8700,8800,88018,38,14,108.22751984780739,3.2871540170162916,8849.846384022385,1475.8846145106684
1785162824,25,,Aggregated,5.200000,0.000000,14,18,25,31,57,100,190,5000,8200,8700,8800,88022,38,14,108.3143136290046,3.2871540170162916,8849.846384022385,1475.9887073686125
1785162825,25,,Aggregated,5.500000,0.000000,14,18,25,31,57,100,190,5000,8200,8700,8800,88036,38,14,108.30011267792652,3.2871540170162916,8849.846384022385,1475.8763801172247
1785162826,25,,Aggregated,5.400000,0.000000,14,18,25,31,57,100,190,5000,8200,8700,8800,88048,38,14,108.28702911478945,3.2871540170162916,8849.846384022385,1475.7464451208432
1785162827,25,,Aggregated,5.400000,0.000000,14,18,25,31,56,100,190,5000,8200,8700,8800,88061,38,14,108.27301793392294,3.2871540170162916,8849.846384022385,1475.5973018702944
1785162828,25,,Aggregated,7.400000,0.000000,14,18,25,31,56,100,190,5000,8200,8700,8800,88063,38,14,108.27078765251044,3.2871540170162916,8849.846384022385,1475.6336940599344
1785162829,25,,Aggregated,7.200000,0.000000,14,18,25,31,56,100,190,5000,8200,8700,8800,88079,38,14,108.25344289556074,3.2871540170162916,8849.846384022385,1475.4501527038226
1785162830,25,,Aggregated,8.300000,0.000000,14,18,25,31,56,100,190,5000,8200,8700,8800,88087,38,14,108.2448445677821,3.2871540170162916,8849.846384022385,1475.6127578416792
1785162831,25,,Aggregated,7.700000,0.000000,14,18,25,31,56,100,190,5000,8200,8700,8800,88093,38,14,108.23851237042776,3.2871540170162916,8849.846384022385,1475.7335429602806
1785162832,25,,Aggregated,8.800000,0.000000,14,18,25,31,56,100,190,5000,8200,8700,8800,88105,38,14,108.22555483012846,3.2871540170162916,8849.846384022385,1475.6540718460926
1785162833,25,,Aggregated,9.300000,0.000000,14,18,25,31,56,100,190,5000,8200,8700,8800,88109,38,14,108.22126383905803,3.2871540170162916,8849.846384022385,1475.7645075985427
1785162834,25,,Aggregated,8.900000,0.000000,14,18,25,31,56,100,190,5000,8200,8700,8800,88114,38,14,108.21569896399713,3.2871540170162916,8849.846384022385,1475.8360078988583
1785162835,25,,Aggregated,9.700000,0.000000,14,18,25,31,56,100,190,5000,8200,8700,8800,88123,38,14,108.20620361557694,3.2871540170162916,8849.846384022385,1475.748601386698
1785162836,25,,Aggregated,9.100000,0.000000,14,18,25,31,56,100,190,5000,8200,8700,8800,88128,38,14,108.20094427872682,3.2871540170162916,8849.846384022385,1475.7509304647785
1785162837,25,,Aggregated,9.000000,0.000000,14,18,25,31,56,100,190,5000,8200,8700,8800,88132,38,14,108.19668881953105,3.2871540170162916,8849.846384022385,1475.8592225298416
1785162838,25,,Aggregated,7.900000,0.000000,14,18,25,31,56,100,190,5000,8200,8700,8800,88142,38,14,108.1858735965505,3.2871540170162916,8849.846384022385,1475.7316489301354
1785162839,25,,Aggregated,8.000000,0.000000,14,18,25,31,56,100,190,5000,8200,8700,8800,88146,38,14,108.18152964432208,3.2871540170162916,8849.846384022385,1475.95356567513
1785162840,25,,Aggregated,7.200000,0.000000,14,18,25,31,56,100,190,5000,8200,8700,8800,88154,38,14,108.17336108225813,3.2871540170162916,8849.846384022385,1475.8916668557297
1785162841,25,,Aggregated,8.000000,0.000000,14,18,25,31,56,100,190,5000,8200,8700,8800,88163,38,14,108.163859969909,3.2871540170162916,8849.846384022385,1475.7965019339179
1785162843,25,,Aggregated,6.300000,0.000000,14,18,25,31,56,100,190,5000,8200,8700,8800,88168,38,14,108.15843700337022,3.2871540170162916,8849.846384022385,1475.8795594773615
1785162844,25,,Aggregated,6.300000,0.000000,14,18,25,31,56,100,190,5000,8200,8700,8800,88173,38,14,108.1531542474214,3.2871540170162916,8849.846384022385,1475.8628945368764
1785162845,25,,Aggregated,7.000000,0.000000,14,18,25,31,56,100,190,5000,8200,8700,8800,88187,38,14,108.13828727281555,3.2871540170162916,8849.846384022385,1475.6897048317778
1785162846,25,,Aggregated,6.100000,0.000000,14,18,25,31,56,100,190,4800,8200,8700,8800,88201,38,14,108.1232899346393,3.2871540170162916,8849.846384022385,1475.5692565843924
1785162847,25,,Aggregated,7.300000,0.000000,14,18,25,31,56,100,190,4800,8200,8700,8800,88216,38,14,108.10705180004007,3.2871540170162916,8849.846384022385,1475.3785934524349
1785162848,25,,Aggregated,7.300000,0.000000,14,18,25,31,56,100,190,4800,8200,8700,8800,88222,38,14,108.10073150801755,3.2871540170162916,8849.846384022385,1475.2935662306454
1785162849,25,,Aggregated,7.600000,0.000000,14,18,25,31,56,100,190,4800,8200,8700,8800,88232,38,14,108.09016340333594,3.2871540170162916,8849.846384022385,1475.193138543839
1785162850,25,,Aggregated,8.600000,0.000000,14,18,25,31,56,100,190,4800,8200,8700,8800,88239,38,14,108.08297300624601,3.2871540170162916,8849.846384022385,1475.2383979872845
1785162851,25,,Aggregated,8.800000,0.000000,14,18,25,31,56,100,190,4800,8200,8700,8800,88241,38,14,108.08100107105959,3.2871540170162916,8849.846384022385,1475.2118403009938
1785162852,25,,Aggregated,8.800000,0.000000,14,18,25,31,56,100,190,4800,8200,8700,8800,88249,38,14,108.07232577740707,3.2871540170162916,8849.846384022385,1475.2572267107842
1785162853,25,,Aggregated,8.700000,0.000000,14,18,25,31,56,100,190,4800,8200,8700,8800,88253,38,14,108.06851687747155,3.2871540170162916,8849.846384022385,1475.368463395012
1785162854,25,,Aggregated,8.700000,0.000000,14,18,25,31,56,100,190,4800,8200,8700,8800,88258,38,14,108.0630796350019,3.2871540170162916,8849.846384022385,1475.4590405402344
1785162855,25,,Aggregated,8.500000,0.000000,14,18,25,31,56,100,190,4800,8200,8700,8800,88279,38,14,108.04078481996807,3.2871540170162916,8849.846384022385,1475.1913139025137
1785162856,25,,Aggregated,8.500000,0.000000,14,18,25,31,56,100,190,4500,8200,8700,8800,88303,38,14,108.01534517557972,3.2871540170162916,8849.846384022385,1474.999898078208
1785162857,25,,Aggregated,8.200000,0.000000,14,18,25,31,56,100,190,4500,8200,8700,8800,88311,38,14,108.00673304793024,3.2871540170162916,8849.846384022385,1474.905130731166
1785162858,25,,Aggregated,9.300000,0.000000,14,18,25,31,56,100,190,4500,8200,8700,8800,88322,38,14,107.99537908058578,3.2871540170162916,8849.846384022385,1474.921548425081
1785162859,25,,Aggregated,9.300000,0.000000,14,18,25,31,56,100,190,4500,8200,8700,8800,88332,38,14,107.9844653381091,3.2871540170162916,8849.846384022385,1474.9905809899017
1785162860,25,,Aggregated,9.800000,0.000000,14,18,25,31,56,100,190,4500,8200,8700,8800,88336,38,14,107.98229620057033,3.2871540170162916,8849.846384022385,1475.0640169353378
1785162861,25,,Aggregated,9.800000,0.000000,14,18,25,31,56,100,190,4500,8200,8700,8800,88341,38,14,107.97713926329384,3.2871540170162916,8849.846384022385,1475.0070635378815
1785162862,25,,Aggregated,9.500000,0.000000,14,18,25,31,56,100,190,4500,8200,8700,8800,88348,38,14,107.96986808617663,3.2871540170162916,8849.846384022385,1474.9299474804184
1785162863,25,,Aggregated,10.000000,0.000000,14,18,25,31,56,100,190,4500,8200,8700,8800,88353,38,14,107.96452708653585,3.2871540170162916,8849.846384022385,1474.968625853112
1785162864,25,,Aggregated,9.200000,0.000000,14,18,25,31,56,100,190,4500,8200,8700,8800,88358,38,14,107.95902640273464,3.2871540170162916,8849.846384022385,1474.8933543086082
1785162865,25,,Aggregated,9.800000,0.000000,14,18,25,31,56,100,190,4500,8200,8700,8800,88367,38,14,107.94963921793978,3.2871540170162916,8849.846384022385,1474.9217694388176
1785162866,25,,Aggregated,9.900000,0.000000,14,18,25,31,56,100,190,4500,8200,8700,8800,88371,38,14,107.94532653685677,3.2871540170162916,8849.846384022385,1474.8573174457683
1785162867,25,,Aggregated,9.600000,0.000000,14,18,25,31,56,100,190,4500,8200,8700,8800,88386,38,14,107.92953079873924,3.2871540170162916,8849.846384022385,1474.7009028579187
1785162868,25,,Aggregated,7.500000,0.000000,14,18,25,31,56,100,190,4500,8200,8700,8800,88394,38,14,107.92143969989733,3.2871540170162916,8849.846384022385,1475.004593071928
1785162869,25,,Aggregated,6.600000,0.000000,14,18,25,31,56,100,190,4500,8200,8700,8800,88398,38,14,107.91706244682685,3.2871540170162916,8849.846384022385,1475.0861897327993
1785162870,25,,Aggregated,6.700000,0.000000,14,18,25,31,56,100,190,4400,8200,8700,8800,88407,38,14,107.90733335295214,3.2871540170162916,8849.846384022385,1475.0056443494293
1785162871,25,,Aggregated,6.500000,0.000000,14,18,25,31,56,100,190,4400,8200,8700,8800,88428,38,14,107.88540063391585,3.2871540170162916,8849.846384022385,1474.7609693762156
1785162872,25,,Aggregated,6.700000,0.000000,14,18,25,31,56,100,190,4400,8200,8700,8800,88431,38,14,107.88215341982104,3.2871540170162916,8849.846384022385,1474.8881048501091
1785162873,25,,Aggregated,8.200000,0.000000,14,18,25,31,56,100,190,4400,8200,8700,8800,88440,38,14,107.87220824137235,3.2871540170162916,8849.846384022385,1474.8311623699683
1785162874,25,,Aggregated,8.700000,0.000000,14,18,25,31,56,100,190,4400,8200,8700,8800,88451,38,14,107.86050314030386,3.2871540170162916,8849.846384022385,1474.6943957671479
1785162875,25,,Aggregated,8.500000,0.000000,14,18,25,31,56,100,190,4400,8200,8700,8800,88455,38,14,107.85811151212607,3.2871540170162916,8849.846384022385,1474.7839466395342
1785162876,25,,Aggregated,9.100000,0.000000,14,18,25,31,56,100,190,4500,8200,8700,8800,88463,38,14,107.94030882713419,3.2871540170162916,8849.846384022385,1474.7463685382588
1785162877,25,,Aggregated,8.800000,0.000000,14,18,25,31,56,100,190,4500,8200,8700,8800,88467,38,14,107.93602574769875,3.2871540170162916,8849.846384022385,1474.859574756689
1785162878,25,,Aggregated,8.800000,0.000000,14,18,25,31,56,100,190,4500,8200,8700,8800,88472,38,14,107.9308319288327,3.2871540170162916,8849.846384022385,1474.831234740935
1785162879,25,,Aggregated,9.300000,0.000000,14,18,25,31,56,100,190,4500,8200,8700,8800,88477,38,14,107.92542959537371,3.2871540170162916,8849.846384022385,1474.9275517931214
1785162880,25,,Aggregated,8.100000,0.000000,14,18,25,31,56,100,190,4500,8200,8700,8800,88490,38,14,107.91157298339172,3.2871540170162916,8849.846384022385,1474.7721776471917
1785162881,25,,Aggregated,7.900000,0.000000,14,18,25,31,56,100,190,4500,8200,8700,8800,88495,38,14,107.90612863920985,3.2871540170162916,8849.846384022385,1474.7818294818917
1785162882,25,,Aggregated,7.600000,0.000000,14,18,25,31,56,100,190,4500,8200,8700,8800,88501,38,14,107.99025099623161,3.2871540170162916,8849.846384022385,1474.8325668636512
1785162883,25,,Aggregated,6.700000,0.000000,14,18,25,31,56,100,190,4500,8200,8700,8800,88508,38,14,107.98252839514319,3.2871540170162916,8849.846384022385,1474.8725877886745
1785162884,25,,Aggregated,6.700000,0.000000,14,18,25,31,56,100,190,4500,8200,8700,8800,88513,38,14,107.97706407571137,3.2871540170162916,8849.846384022385,1474.9363822263397
1785162885,25,,Aggregated,6.700000,0.000000,14,18,25,31,56,100,190,4800,8200,8700,8800,88517,38,14,108.06340841472905,3.2871540170162916,8849.846384022385,1474.8829603353029
1785162886,25,,Aggregated,6.000000,0.000000,14,18,25,31,56,100,190,4800,8200,8700,8800,88528,38,14,108.0515616204538,3.2871540170162916,8849.846384022385,1474.8172894451473
1785162887,25,,Aggregated,6.200000,0.000000,14,18,25,31,56,100,190,4800,8200,8700,8800,88536,38,14,108.04401718156697,3.2871540170162916,8849.846384022385,1474.9362067407608
1785162888,25,,Aggregated,6.100000,0.000000,14,18,25,31,56,100,190,4800,8200,8700,8800,88537,38,14,108.0429048187905,3.2871540170162916,8849.846384022385,1474.9198188328044
1785162889,25,,Aggregated,6.300000,0.000000,14,18,25,31,56,100,190,4800,8200,8700,8800,88538,38,14,108.04179048939775,3.2871540170162916,8849.846384022385,1474.903431295037
1785162890,25,,Aggregated,6.800000,0.000000,14,18,25,31,56,100,190,4800,8200,8700,8800,88541,38,14,108.03857453419589,3.2871540170162916,8849.846384022385,1475.1567974158863
1785162891,25,,Aggregated,6.400000,0.000000,14,18,25,31,56,100,190,4800,8200,8700,8800,88545,38,14,108.03422887702658,3.2871540170162916,8849.846384022385,1475.1256536224519
1785162892,25,,Aggregated,6.200000,0.000000,14,18,25,31,56,100,190,5000,8200,8700,8800,88561,38,14,108.10820253265534,3.2871540170162916,8849.846384022385,1474.938426621199
1785162893,25,,Aggregated,5.100000,0.000000,14,18,25,31,56,100,190,5000,8200,8700,8800,88565,38,14,108.19469657492874,3.2871540170162916,8849.846384022385,1474.89123242816
1785162895,25,,Aggregated,5.000000,0.000000,14,18,25,31,56,100,190,5000,8200,8700,8800,88579,38,14,108.27295886741562,3.2871540170162916,8849.846384022385,1474.9325347994445
1785162896,25,,Aggregated,5.900000,0.000000,14,18,25,31,56,100,190,5000,8200,8700,8800,88584,38,14,108.26749143558315,3.2871540170162916,8849.846384022385,1474.9454190372978
1785162897,25,,Aggregated,6.400000,0.000000,14,18,25,31,56,100,190,5000,8200,8700,8800,88588,38,14,108.26319515276894,3.2871540170162916,8849.846384022385,1474.9196166523682
1785162898,25,,Aggregated,6.400000,0.000000,14,18,25,31,56,100,190,5000,8200,8700,8800,88594,38,14,108.34786687800754,3.2871540170162916,8849.846384022385,1474.974998306883
1785162899,25,,Aggregated,6.600000,0.000000,14,18,25,31,56,100,190,5000,8200,8700,8800,88595,38,14,108.34675285963311,3.2871540170162916,8849.846384022385,1475.0275636322592
1785162900,25,,Aggregated,5.800000,0.000000,14,18,25,31,56,100,190,5000,8200,8700,8800,88604,38,14,108.42800967084945,3.2871540170162916,8849.846384022385,1474.9142928084511
1785162901,25,,Aggregated,5.800000,0.000000,14,18,25,31,56,100,190,5000,8200,8700,8800,88609,38,14,108.60429922632682,3.2871540170162916,8849.846384022385,1474.8445530363733
1785162902,25,,Aggregated,6.500000,0.000000,14,18,25,31,56,100,190,5000,8200,8700,8800,88614,38,14,108.59887052805615,3.2871540170162916,8849.846384022385,1474.7651274065047
1785162903,25,,Aggregated,6.500000,0.000000,14,18,25,31,56,100,190,5000,8200,8700,8800,88623,38,14,108.67977860454278,3.2871540170162916,8849.846384022385,1474.6755921149138
1785162904,25,,Aggregated,6.800000,0.000000,14,18,25,31,56,100,190,5000,8200,8700,8800,88625,38,14,108.67757851086368,3.2871540170162916,8849.846384022385,1474.648180535966
1785162905,25,,Aggregated,6.800000,0.000000,14,18,25,31,56,100,190,5000,8200,8700,8800,88637,38,14,108.66532755994918,3.2871540170162916,8849.846384022385,1474.6377584981442
1785162906,25,,Aggregated,6.000000,0.000000,14,18,25,31,56,100,190,5000,8200,8700,8800,88645,38,14,108.65687629003833,3.2871540170162916,8849.846384022385,1474.672299622088
1785162907,25,,Aggregated,5.800000,0.000000,14,18,25,31,56,100,190,5000,8200,8700,8800,88659,38,14,108.64179361085054,3.2871540170162916,8849.846384022385,1474.7504370678669
1785162908,25,,Aggregated,5.800000,0.000000,14,18,25,31,56,100,190,5000,8200,8700,8800,88663,38,14,108.63778945402487,3.2871540170162916,8849.846384022385,1474.7008560504382
1785162909,25,,Aggregated,5.800000,0.000000,14,18,25,31,56,100,190,8000,8200,8700,8800,88666,38,14,108.72500381214196,3.2871540170162916,8849.846384022385,1474.731622042271
1785162910,25,,Aggregated,6.900000,0.000000,14,18,25,31,56,100,190,8000,8200,8700,8800,88674,38,14,108.7167493982494,3.2871540170162916,8849.846384022385,1474.785123034937
1785162911,25,,Aggregated,7.100000,0.000000,14,18,25,31,56,100,190,8000,8200,8700,8800,88680,38,14,108.80068672904049,3.2871540170162916,8849.846384022385,1474.7236242670276
1785162912,25,,Aggregated,6.800000,0.000000,14,18,25,31,56,100,190,8000,8200,8700,8800,88683,38,14,108.79753503256903,3.2871540170162916,8849.846384022385,1474.6790929490433
1785162913,25,,Aggregated,7.000000,0.000000,14,18,25,31,56,100,190,8000,8200,8700,8800,88690,38,14,108.8804402112853,3.2871540170162916,8849.846384022385,1474.6490021422933
1785162914,25,,Aggregated,6.800000,0.000000,14,18,25,31,56,100,190,8000,8200,8700,8800,88695,38,14,108.87499340067302,3.2871540170162916,8849.846384022385,1474.6568690456056
1785162915,25,,Aggregated,6.400000,0.000000,14,18,25,31,56,100,190,8000,8200,8700,8800,88703,38,14,108.86677465424614,3.2871540170162916,8849.846384022385,1474.6970451957657
1785162916,25,,Aggregated,6.700000,0.000000,14,18,25,31,56,100,190,8000,8200,8700,8800,88707,38,14,108.86253517016287,3.2871540170162916,8849.846384022385,1474.8056974083217
1785162917,25,,Aggregated,6.700000,0.000000,14,18,25,31,56,100,190,8000,8200,8700,8800,88709,38,14,108.86039351143418,3.2871540170162916,8849.846384022385,1474.7764262927099
1785162918,25,,Aggregated,6.300000,0.000000,14,18,25,31,56,100,190,8000,8200,8700,8800,88713,38,14,108.85598562063082,3.2871540170162916,8849.846384022385,1474.7215740646805
1785162919,25,,Aggregated,6.200000,0.000000,14,18,25,31,56,100,190,8000,8200,8700,8800,88725,38,14,108.84302751600184,3.2871540170162916,8849.846384022385,1474.6918794026487
1785162920,25,,Aggregated,4.700000,0.000000,14,18,25,31,56,100,190,8000,8200,8700,8800,88729,38,14,108.8387877671387,3.2871540170162916,8849.846384022385,1474.761509765691
1785162921,25,,Aggregated,5.300000,0.000000,14,18,25,30,56,100,190,8000,8200,8700,8800,88735,38,14,108.8325223177683,3.2871540170162916,8849.846384022385,1474.845472474221
1785162922,25,,Aggregated,5.500000,0.000000,14,18,25,30,56,100,190,8000,8200,8700,8800,88746,38,14,108.82064457759094,3.2871540170162916,8849.846384022385,1474.7157280328126
1785162923,25,,Aggregated,5.200000,0.000000,14,18,25,30,56,100,190,8000,8200,8700,8800,88755,38,14,108.81378658901122,3.2871540170162916,8849.846384022385,1474.6043941186413
1785162924,25,,Aggregated,6.000000,0.000000,14,18,25,30,56,100,190,8000,8200,8700,8800,88766,38,14,108.80244956095657,3.2871540170162916,8849.846384022385,1474.53793118987
1785162925,25,,Aggregated,5.900000,0.000000,14,18,25,30,56,100,190,8000,8200,8700,8800,88773,38,14,108.79477028949188,3.2871540170162916,8849.846384022385,1474.459925878364
1785162926,25,,Aggregated,6.400000,0.000000,14,18,25,30,56,100,190,8000,8200,8700,8800,88786,38,14,108.78061297967265,3.2871540170162916,8849.846384022385,1474.3114905503119
1785162927,25,,Aggregated,6.400000,0.000000,14,18,25,30,56,100,190,8000,8200,8700,8800,88790,38,14,108.77642107347928,3.2871540170162916,8849.846384022385,1474.2716634756166
1785162928,25,,Aggregated,7.000000,0.000000,14,18,25,30,56,100,190,8000,8200,8700,8800,88805,38,14,108.76112519974728,3.2871540170162916,8849.846384022385,1474.1080344575194
1785162929,25,,Aggregated,8.100000,0.000000,14,18,25,30,56,100,190,8000,8200,8700,8800,88813,38,14,108.75245931556067,3.2871540170162916,8849.846384022385,1474.0813619627756
1785162930,25,,Aggregated,8.200000,0.000000,14,18,24,30,56,100,190,8000,8200,8700,8800,88821,38,14,108.7436767233396,3.2871540170162916,8849.846384022385,1474.125578410511
1785162931,25,,Aggregated,8.600000,0.000000,14,18,24,30,56,100,190,8000,8200,8700,8800,88829,38,14,108.73513863233666,3.2871540170162916,8849.846384022385,1474.1950038838668
1785162932,25,,Aggregated,8.700000,0.000000,14,18,24,30,56,100,190,8000,8200,8700,8800,88836,38,14,108.7277254235991,3.2871540170162916,8849.846384022385,1474.1354293304516
1785162933,25,,Aggregated,9.100000,0.000000,14,18,24,30,56,100,190,8000,8200,8700,8800,88855,38,14,108.70746715785864,3.2871540170162916,8849.846384022385,1473.960868831242
1785162934,25,,Aggregated,8.900000,0.000000,14,18,24,30,56,99,190,8000,8200,8700,8800,88873,38,14,108.6880475311073,3.2871540170162916,8849.846384022385,1473.8830015865335
1785162935,25,,Aggregated,9.200000,0.000000,14,18,24,30,56,99,190,8000,8200,8700,8800,88886,38,14,108.67438776092982,3.2871540170162916,8849.846384022385,1473.86751569426
1785162936,25,,Aggregated,10.600000,0.000000,14,18,24,30,56,99,190,8000,8200,8700,8800,88892,38,14,108.66794484418106,3.2871540170162916,8849.846384022385,1473.850312739054
1785162937,25,,Aggregated,11.600000,0.000000,14,18,24,30,56,99,190,5000,8200,8700,8800,88904,38,14,108.6553471529624,3.2871540170162916,8849.846384022385,1473.74343111671
1785162938,25,,Aggregated,11.200000,0.000000,14,18,24,30,56,99,190,5000,8200,8700,8800,88916,38,14,108.64277692059339,3.2871540170162916,8849.846384022385,1473.6916415493274
1785162939,25,,Aggregated,10.400000,0.000000,14,18,24,30,56,99,190,5000,8200,8700,8800,88918,38,14,108.64065923430086,3.2871540170162916,8849.846384022385,1473.6999820058932
1785162940,25,,Aggregated,11.900000,0.000000,14,18,24,30,56,99,190,5000,8200,8700,8800,88923,38,14,108.63530800061521,3.2871540170162916,8849.846384022385,1473.640610415753
1785162941,25,,Aggregated,11.100000,0.000000,14,18,24,30,56,99,190,5000,8200,8700,8800,88928,38,14,108.62980214550909,3.2871540170162916,8849.846384022385,1473.717670474991
1785162942,25,,Aggregated,10.400000,0.000000,14,18,24,30,56,99,190,5000,8200,8700,8800,88937,38,14,108.62018478096479,3.2871540170162916,8849.846384022385,1473.6176057209036
1785162943,25,,Aggregated,10.200000,0.000000,14,18,24,30,56,99,190,5000,8200,8700,8800,88948,38,14,108.60905960020052,3.2871540170162916,8849.846384022385,1473.4719161757432
1785162944,25,,Aggregated,9.800000,0.000000,14,18,24,30,56,99,190,5000,8200,8700,8800,88969,38,14,108.58778552980587,3.2871540170162916,8849.846384022385,1473.3601141970798
1785162945,25,,Aggregated,10.000000,0.000000,14,18,24,30,56,99,190,5000,8200,8700,8800,88974,38,14,108.58253455622408,3.2871540170162916,8849.846384022385,1473.296850765392
1785162946,25,,Aggregated,9.200000,0.000000,14,18,24,30,56,99,190,5000,8200,8700,8800,88981,38,14,108.5751931865364,3.2871540170162916,8849.846384022385,1473.344365651094
1785162947,25,,Aggregated,8.400000,0.000000,14,18,24,30,56,99,190,5000,8200,8700,8800,88983,38,14,108.57296900399052,3.2871540170162916,8849.846384022385,1473.38571412517
1785162948,25,,Aggregated,8.900000,0.000000,14,18,24,30,56,99,190,5000,8200,8700,8800,88987,38,14,108.56864136437143,3.2871540170162916,8849.846384022385,1473.6001326036387
1785162949,25,,Aggregated,8.700000,0.000000,14,18,24,30,56,99,190,5000,8200,8700,8800,88993,38,14,108.56215717724497,3.2871540170162916,8849.846384022385,1473.5189734024025
1785162950,25,,Aggregated,7.300000,0.000000,14,18,24,30,56,99,190,5000,8200,8700,8800,88999,38,14,108.55575764480047,3.2871540170162916,8849.846384022385,1473.523062056877
1785162952,25,,Aggregated,7.100000,0.000000,14,18,24,30,56,99,190,5000,8200,8700,8800,89004,38,14,108.55032417982521,3.2871540170162916,8849.846384022385,1473.4597433823199
1785162953,25,,Aggregated,7.500000,0.000000,14,18,24,30,56,99,190,5000,8200,8700,8800,89007,38,14,108.54728197638607,3.2871540170162916,8849.846384022385,1473.5162740009214
1785162954,25,,Aggregated,7.500000,0.000000,14,18,24,30,56,99,190,5000,8200,8700,8800,89017,38,14,108.53692209969387,3.2871540170162916,8849.846384022385,1473.4470045047576
1785162955,25,,Aggregated,7.600000,0.000000,14,18,24,30,56,99,190,5000,8200,8700,8800,89022,38,14,108.5316187786038,3.2871540170162916,8849.846384022385,1473.3872750556043
1785162956,25,,Aggregated,6.300000,0.000000,14,18,24,30,56,99,190,5000,8200,8700,8800,89027,38,14,108.52612629018283,3.2871540170162916,8849.846384022385,1473.4536264279375
1785162957,25,,Aggregated,5.300000,0.000000,14,18,24,30,56,99,190,5000,8200,8700,8800,89031,38,14,108.52200496441671,3.2871540170162916,8849.846384022385,1473.403679617212
1785162958,25,,Aggregated,5.300000,0.000000,14,18,24,30,56,99,190,5000,8200,8700,8800,89035,38,14,108.51773777372033,3.2871540170162916,8849.846384022385,1473.3779187959792
1785162959,25,,Aggregated,4.900000,0.000000,14,18,24,30,56,99,190,5000,8200,8700,8800,89042,38,14,108.5101672441231,3.2871540170162916,8849.846384022385,1473.30417106534
1785162960,25,,Aggregated,5.100000,0.000000,14,18,24,30,56,99,190,5000,8200,8700,8800,89056,38,14,108.49541439201687,3.2871540170162916,8849.846384022385,1473.3440307222422
1785162961,25,,Aggregated,5.500000,0.000000,14,18,24,30,56,99,190,5000,8200,8700,8800,89063,38,14,108.48824250936825,3.2871540170162916,8849.846384022385,1473.2904460887237
1785162962,25,,Aggregated,6.200000,0.000000,14,18,24,30,56,99,190,5000,8200,8700,8800,89064,38,14,108.48713016421874,3.2871540170162916,8849.846384022385,1473.2798437078955
1785162963,25,,Aggregated,6.200000,0.000000,14,18,24,30,56,99,190,5000,8200,8700,8800,89073,38,14,108.47755274944976,3.2871540170162916,8849.846384022385,1473.241307691444
1785162964,25,,Aggregated,5.900000,0.000000,14,18,24,30,56,99,190,5000,8200,8700,8800,89077,38,14,108.47323022295159,3.2871540170162916,8849.846384022385,1473.2528935639953
1785162965,25,,Aggregated,6.600000,0.000000,14,18,24,30,56,99,190,5000,8200,8700,8800,89083,38,14,108.46687368684097,3.2871540170162916,8849.846384022385,1473.2436042791553
1785162966,25,,Aggregated,5.900000,0.000000,14,18,24,30,56,99,190,5000,8200,8700,8800,89090,38,14,108.4596433190289,3.2871540170162916,8849.846384022385,1473.3581097766303
1785162967,25,,Aggregated,5.500000,0.000000,14,18,24,30,56,99,190,5000,8200,8700,8800,89102,38,14,108.44703079200184,3.2871540170162916,8849.846384022385,1473.368588808332
1785162968,25,,Aggregated,5.900000,0.000000,14,18,24,30,56,99,190,5000,8200,8700,8800,89106,38,14,108.44276880042955,3.2871540170162916,8849.846384022385,1473.6129441339529
1785162969,25,,Aggregated,7.100000,0.000000,14,18,24,30,56,99,190,5000,8200,8700,8800,89111,38,14,108.43772640409419,3.2871540170162916,8849.846384022385,1473.5447363400704
1785162970,25,,Aggregated,6.900000,0.000000,14,18,24,30,56,99,190,5000,8200,8700,8800,89117,38,14,108.43129386944662,3.2871540170162916,8849.846384022385,1473.8934434507446
1785162971,25,,Aggregated,6.900000,0.000000,14,18,24,30,56,99,190,5000,8200,8700,8800,89122,38,14,108.42646091686605,3.2871540170162916,8849.846384022385,1473.9606718879738
1785162972,25,,Aggregated,6.100000,0.000000,14,18,24,30,56,99,190,5000,8200,8700,8800,89127,38,14,108.42110619528209,3.2871540170162916,8849.846384022385,1474.0233487046573
1785162973,25,,Aggregated,6.300000,0.000000,14,18,24,30,56,99,190,5000,8200,8700,8800,89149,38,14,108.39800442955219,3.2871540170162916,8849.846384022385,1474.0404491357167
1785162974,25,,Aggregated,6.300000,0.000000,14,18,24,30,56,99,190,5000,8200,8700,8800,89149,38,14,108.39800442955219,3.2871540170162916,8849.846384022385,1474.0404491357167
1785162975,25,,Aggregated,7.500000,0.000000,14,18,24,30,56,99,190,5000,8200,8700,8800,89156,38,14,108.3920255657716,3.2871540170162916,8849.846384022385,1473.947619902194
1785162976,25,,Aggregated,7.500000,0.000000,14,18,24,30,56,99,190,5000,8200,8700,8800,89163,38,14,108.38496700923534,3.2871540170162916,8849.846384022385,1473.9290849343338
1785162977,25,,Aggregated,7.600000,0.000000,14,18,24,30,56,99,190,5000,8200,8700,8800,89170,38,14,108.4673033024222,3.2871540170162916,8849.846384022385,1473.8517550745767
1785162978,25,,Aggregated,7.900000,0.000000,14,18,24,30,56,99,190,5000,8200,8700,8800,89175,38,14,108.55171802387379,3.2871540170162916,8849.846384022385,1473.9928903840762
1785162979,25,,Aggregated,6.500000,0.000000,14,18,24,30,56,99,190,5000,8200,8700,8800,89179,38,14,108.54871098950058,3.2871540170162916,8849.846384022385,1474.0084324784982
1785162980,25,,Aggregated,6.800000,0.000000,14,18,24,30,56,99,190,5000,8200,8700,8800,89182,38,14,108.54544033757587,3.2871540170162916,8849.846384022385,1474.0549886748447
1785162981,25,,Aggregated,6.800000,0.000000,14,18,24,30,56,99,190,8000,8200,8700,8800,89186,38,14,108.63097509932375,3.2871540170162916,8849.846384022385,1474.000459713408
1785162982,25,,Aggregated,6.500000,0.000000,14,18,24,30,56,99,190,8000,8200,8700,8800,89197,38,14,108.800237368011,3.2871540170162916,8849.846384022385,1473.89996300324
1785162983,25,,Aggregated,6.200000,0.000000,14,18,24,30,56,99,190,8000,8200,8700,8800,89199,38,14,108.79806375712228,3.2871540170162916,8849.846384022385,1473.8695837397281
1785162984,25,,Aggregated,6.800000,0.000000,14,18,24,30,56,99,190,8000,8200,8700,8800,89203,38,14,108.79388245921649,3.2871540170162916,8849.846384022385,1474.0152124928534
1785162985,25,,Aggregated,6.800000,0.000000,14,18,24,30,56,99,190,8000,8200,8700,8800,89206,38,14,108.79073316145437,3.2871540170162916,8849.846384022385,1474.131224357106
1785162986,25,,Aggregated,5.200000,0.000000,14,18,24,30,56,99,190,8000,8200,8700,8800,89219,38,14,108.86658819870547,3.2871540170162916,8849.846384022385,1474.246270413253
1785162987,25,,Aggregated,5.300000,0.000000,14,18,24,30,56,99,190,8000,8200,8700,8800,89237,38,14,108.8472163223,3.2871540170162916,8849.846384022385,1474.0424823783856
1785162988,25,,Aggregated,4.600000,0.000000,14,18,24,30,56,99,190,8000,8200,8700,8800,89244,38,14,108.92947290285005,3.2871540170162916,8849.846384022385,1474.2385258392721
1785162989,25,,Aggregated,6.300000,0.000000,14,18,24,30,56,99,190,8000,8200,8700,8800,89249,38,14,109.01387702171391,3.2871540170162916,8849.846384022385,1474.1890665441629
1785162990,25,,Aggregated,6.300000,0.000000,14,18,24,30,56,99,190,8000,8200,8700,8800,89253,38,14,109.01005928969488,3.2871540170162916,8849.846384022385,1474.1741454068772
1785162991,25,,Aggregated,6.800000,0.000000,14,18,24,30,56,99,190,8000,8200,8700,8800,89260,38,14,109.09251287793064,3.2871540170162916,8849.846384022385,1474.0811673762043
1785162992,25,,Aggregated,7.200000,0.000000,14,18,24,30,56,99,190,8000,8200,8700,8800,89277,38,14,109.07438397478468,3.2871540170162916,8849.846384022385,1474.0097225489208
1785162993,25,,Aggregated,7.200000,0.000000,14,18,24,30,56,99,190,8000,8200,8700,8800,89283,38,14,109.06800097342588,3.2871540170162916,8849.846384022385,1474.0690276984421
1785162994,25,,Aggregated,7.300000,0.000000,14,18,24,30,56,99,190,8000,8200,8700,8800,89291,38,14,109.05925740843523,3.2871540170162916,8849.846384022385,1474.297431992026
1785162995,25,,Aggregated,8.100000,0.000000,14,18,24,30,56,99,190,8000,8200,8700,8800,89298,38,14,109.05171309586224,3.2871540170162916,8849.846384022385,1474.3407915070886
1785162996,25,,Aggregated,8.200000,0.000000,14,18,24,30,56,99,190,8000,8200,8700,8800,89309,38,14,109.04023576895413,3.2871540170162916,8849.846384022385,1474.3324636934688
1785162997,25,,Aggregated,8.600000,0.000000,14,18,24,30,56,99,190,8000,8200,8700,8800,89311,38,14,109.03805696632672,3.2871540170162916,8849.846384022385,1474.4473021240385
1785162998,25,,Aggregated,9.000000,0.000000,14,18,24,30,56,99,190,8000,8200,8700,8800,89318,38,14,109.03065184698872,3.2871540170162916,8849.846384022385,1474.3829463266084
1785162999,25,,Aggregated,8.000000,0.000000,14,18,24,30,56,99,190,8000,8200,8700,8800,89324,38,14,109.02437572249984,3.2871540170162916,8849.846384022385,1474.4428149209618
1785163000,25,,Aggregated,7.300000,0.000000,14,18,24,30,56,99,190,8000,8200,8700,8800,89332,38,14,109.01579908931262,3.2871540170162916,8849.846384022385,1474.6857229212376
1785163001,25,,Aggregated,7.200000,0.000000,14,18,24,30,56,99,190,8000,8200,8700,8800,89340,38,14,109.09713769165252,3.2871540170162916,8849.846384022385,1474.5916162972912
1785163002,25,,Aggregated,7.200000,0.000000,14,18,24,30,56,99,190,8000,8200,8700,8800,89345,38,14,109.09175530423768,3.2871540170162916,8849.846384022385,1474.545357882366
1785163003,25,,Aggregated,7.700000,0.000000,14,18,24,30,56,99,190,8000,8200,8700,8800,89349,38,14,109.08760445588422,3.2871540170162916,8849.846384022385,1474.522546419098
1785163004,25,,Aggregated,7.600000,0.000000,14,18,24,30,56,99,190,8000,8200,8700,8800,89361,38,14,109.07485803550955,3.2871540170162916,8849.846384022385,1474.6681102494376
1785163005,25,,Aggregated,6.600000,0.000000,14,18,24,30,56,99,190,8000,8200,8700,8800,89379,38,14,109.05538770495079,3.2871540170162916,8849.846384022385,1474.5988207520782
1785163006,25,,Aggregated,6.700000,0.000000,14,18,24,30,56,99,190,8000,8200,8700,8800,89388,38,14,109.04584961746036,3.2871540170162916,8849.846384022385,1474.4843267552692
1785163007,25,,Aggregated,6.900000,0.000000,14,18,24,30,56,99,190,8000,8200,8700,8800,89397,38,14,109.03704069696363,3.2871540170162916,8849.846384022385,1474.5866080517244
1785163008,25,,Aggregated,8.000000,0.000000,14,18,24,30,56,99,190,8000,8200,8700,8800,89402,38,14,109.03294500207306,3.2871540170162916,8849.846384022385,1474.6084986913045
1785163010,25,,Aggregated,7.900000,0.000000,14,18,24,30,56,99,190,8000,8200,8700,8800,89412,38,14,109.02226830615996,3.2871540170162916,8849.846384022385,1474.4859414843645
1785163011,25,,Aggregated,8.800000,0.000000,14,18,24,30,56,99,190,8000,8200,8700,8800,89424,38,14,109.009342521962,3.2871540170162916,8849.846384022385,1474.372640454464
1785163012,25,,Aggregated,8.400000,0.000000,14,18,24,30,56,99,190,8000,8200,8700,8800,89440,38,14,108.99213926923609,3.2871540170162916,8849.846384022385,1474.2382155635062
1785163013,25,,Aggregated,8.700000,0.000000,14,18,24,30,56,99,190,8000,8200,8700,8800,89447,38,14,108.98467737225884,3.2871540170162916,8849.846384022385,1474.1967086654668
1785163014,25,,Aggregated,9.800000,0.000000,14,18,24,30,56,99,190,8000,8200,8700,8800,89450,38,14,108.98141554887097,3.2871540170162916,8849.846384022385,1474.1648071548352
1785163015,25,,Aggregated,9.800000,0.000000,14,18,24,30,56,99,190,8000,8200,8700,8800,89453,38,14,108.97835938888136,3.2871540170162916,8849.846384022385,1474.1285814897208
1785163016,25,,Aggregated,10.200000,0.000000,14,18,24,30,56,99,190,8000,8200,8700,8800,89462,38,14,108.96934387989688,3.2871540170162916,8849.846384022385,1474.1863919876596
1785163017,25,,Aggregated,9.900000,0.000000,14,18,24,30,56,99,190,8000,8200,8700,8800,89466,38,14,108.96511208711871,3.2871540170162916,8849.846384022385,1474.2068159971386
1785163018,25,,Aggregated,9.200000,0.000000,14,18,24,30,56,99,190,8000,8200,8700,8800,89476,38,14,109.04433791015597,3.2871540170162916,8849.846384022385,1474.2320398766149
1785163019,25,,Aggregated,7.800000,0.000000,14,18,24,30,56,99,190,8000,8200,8700,8800,89487,38,14,109.03319341820676,3.2871540170162916,8849.846384022385,1474.2293852738387
1785163020,25,,Aggregated,7.700000,0.000000,14,18,24,30,56,99,190,8000,8200,8700,8800,89490,38,14,109.11959057574113,3.2871540170162916,8849.846384022385,1474.191608000894
1785163021,25,,Aggregated,7.700000,0.000000,14,18,24,30,56,99,190,8000,8200,8700,8800,89506,38,14,109.10249931689948,3.2871540170162916,8849.846384022385,1474.0656492302192
1785163022,25,,Aggregated,8.400000,0.000000,14,18,24,30,56,99,190,8000,8200,8700,8800,89510,38,14,109.09828923954204,3.2871540170162916,8849.846384022385,1474.0806055189364
1785163023,25,,Aggregated,7.700000,0.000000,14,18,24,30,56,99,190,8000,8200,8700,8800,89516,38,14,109.09196737775886,3.2871540170162916,8849.846384022385,1474.0047589257786
1785163024,25,,Aggregated,7.000000,0.000000,14,18,24,30,56,99,190,8000,8200,8700,8800,89518,38,14,109.08973637626424,3.2871540170162916,8849.846384022385,1473.9820147903215
1785163025,25,,Aggregated,6.900000,0.000000,14,18,24,30,56,99,190,8000,8200,8700,8800,89533,38,14,109.16360525634651,3.2871540170162916,8849.846384022385,1473.8652563859137
1785163026,25,,Aggregated,6.900000,0.000000,14,18,24,30,56,99,190,8000,8200,8700,8800,89535,38,14,109.1613611751101,3.2871540170162916,8849.846384022385,1473.8379069637572
1785163027,25,,Aggregated,7.600000,0.000000,14,18,24,30,56,99,190,8000,8200,8700,8800,89540,38,14,109.15587323652558,3.2871540170162916,8849.846384022385,1473.8013178467725
1785163028,25,,Aggregated,7.300000,0.000000,14,18,24,30,56,99,190,8000,8200,8700,8800,89546,38,14,109.14947958080886,3.2871540170162916,8849.846384022385,1474.0493936077546
1785163029,25,,Aggregated,7.200000,0.000000,14,18,24,30,56,99,190,8000,8200,8700,8800,89548,38,14,109.14728777875685,3.2871540170162916,8849.846384022385,1474.0960825479074
1785163030,25,,Aggregated,7.200000,0.000000,14,18,24,30,56,99,190,8000,8200,8700,8800,89555,38,14,109.13990595019253,3.2871540170162916,8849.846384022385,1474.0055943275083
1785163031,25,,Aggregated,6.900000,0.000000,14,18,24,30,56,99,190,8000,8200,8700,8800,89556,38,14,109.13882036287248,3.2871540170162916,8849.846384022385,1473.9910447094555
1785163032,25,,Aggregated,6.600000,0.000000,14,18,24,30,56,99,190,8000,8200,8700,8800,89560,38,14,109.13452389561397,3.2871540170162916,8849.846384022385,1474.0316547565878
1785163033,25,,Aggregated,5.000000,0.000000,14,18,24,30,56,99,190,8000,8200,8700,8800,89568,38,14,109.30512715022334,3.2871540170162916,8849.846384022385,1474.2079537334762
1785163034,25,,Aggregated,4.900000,0.000000,14,18,24,30,56,99,190,8000,8200,8700,8800,89571,38,14,109.39144192599606,3.2871540170162916,8849.846384022385,1474.1617934376081
1785163035,25,,Aggregated,4.900000,0.000000,14,18,24,30,56,99,190,8000,8200,8700,8800,89579,38,14,109.56182382412929,3.2871540170162916,8849.846384022385,1474.1222161444089
1785163036,25,,Aggregated,4.900000,0.000000,14,18,24,30,56,99,190,8000,8200,8700,8800,89583,38,14,109.55767458082316,3.2871540170162916,8849.846384022385,1474.075337954746
1785163037,25,,Aggregated,4.600000,0.000000,14,18,24,30,56,99,190,8000,8200,8700,8800,89591,38,14,109.63833245144062,3.2871540170162916,8849.846384022385,1474.1034367291356
1785163038,25,,Aggregated,4.800000,0.000000,14,18,24,30,56,99,190,8000,8200,8700,8800,89602,38,14,109.62647580492371,3.2871540170162916,8849.846384022385,1474.0573759514295
1785163039,25,,Aggregated,5.100000,0.000000,14,18,24,30,56,99,190,8000,8200,8700,8800,89614,38,14,109.61427588122028,3.2871540170162916,8849.846384022385,1473.9411587475172
